Unity Editor version:    6000.3.22f1 (1c726e1fb402)
Branch:                  6000.3/staging
Build type:              Release
Batch mode:              YES
System name:             Linux
Distro version:          #37-Ubuntu SMP PREEMPT_DYNAMIC Fri Nov 14 22:10:32 UTC 2025
Kernel version:          6.14.0-37-generic
Architecture:            x86_64
Available memory:        126159 MB
Date:                    2026-09-04T19:57:04Z
[Licensing::Module] Trying to connect to existing licensing client channel...
Initialize udev device monitor.
[Licensing::IpcConnector] Channel LicenseClient-username01 doesn't exist
[Licensing::Module] Successfully launched the LicensingClient (PId: 1371825)

COMMAND LINE ARGUMENTS:
/home/username01/Unity/Hub/Editor/6000.3.22f1/Editor/Unity
-batchmode
-nographics
-projectPath
/home/username01/projects/active/cmano-clone/cmano-clone/unity/ProjectAegis
-executeMethod
ProjectAegis.Unity.Editor.C2PlayModeSignoffBatchRunner.RunImportBatch
-logFile
/home/username01/projects/active/cmano-clone/cmano-clone/production/qa/gauntlet/gauntlet-20260904-1450-ui/ui/signoff/RunImportBatch.log
Successfully changed project path to: /home/username01/projects/active/cmano-clone/cmano-clone/unity/ProjectAegis
/home/username01/projects/active/cmano-clone/cmano-clone/unity/ProjectAegis
[UnityMemory] Configuration Parameters - Can be set up in boot.config
    "memorysetup-allocator-temp-initial-block-size-main=262144"
    "memorysetup-allocator-temp-initial-block-size-worker=262144"
    "memorysetup-temp-allocator-size-background-worker=32768"
    "memorysetup-temp-allocator-size-job-worker=262144"
    "memorysetup-temp-allocator-size-preload-manager=33554432"
    "memorysetup-temp-allocator-size-nav-mesh-worker=65536"
    "memorysetup-temp-allocator-size-audio-worker=65536"
    "memorysetup-temp-allocator-size-cloud-worker=32768"
    "memorysetup-temp-allocator-size-gi-baking-worker=262144"
    "memorysetup-temp-allocator-size-gi-baking-worker=262144"
    "memorysetup-temp-allocator-size-gi-baking-worker=262144"
    "memorysetup-temp-allocator-size-gi-baking-worker=262144"
    "memorysetup-temp-allocator-size-gi-baking-worker=262144"
    "memorysetup-bucket-allocator-granularity=16"
    "memorysetup-bucket-allocator-bucket-count=8"
    "memorysetup-bucket-allocator-block-size=33554432"
    "memorysetup-bucket-allocator-block-count=8"
    "memorysetup-main-allocator-block-size=16777216"
    "memorysetup-thread-allocator-block-size=16777216"
    "memorysetup-gfx-main-allocator-block-size=16777216"
    "memorysetup-gfx-thread-allocator-block-size=16777216"
    "memorysetup-cache-allocator-block-size=4194304"
    "memorysetup-typetree-allocator-block-size=2097152"
    "memorysetup-profiler-bucket-allocator-granularity=16"
    "memorysetup-profiler-bucket-allocator-bucket-count=8"
    "memorysetup-profiler-bucket-allocator-block-size=33554432"
    "memorysetup-profiler-bucket-allocator-block-count=8"
    "memorysetup-profiler-allocator-block-size=16777216"
    "memorysetup-profiler-editor-allocator-block-size=1048576"
    "memorysetup-temp-allocator-size-main=16777216"
    "memorysetup-job-temp-allocator-block-size=2097152"
    "memorysetup-job-temp-allocator-block-size-background=1048576"
    "memorysetup-job-temp-allocator-reduction-small-platforms=262144"
    "memorysetup-temp-allocator-size-gfx=262144"
Player connection [135861038263104]  Target information:

Player connection [135861038263104]  * "[IP] 10.49.74.34 [Port] 55504 [Flags] 2 [Guid] 2231745634 [EditorId] 2231745634 [Version] 1048832 [Id] LinuxEditor(16,10.49.74.34) [Debug] 1 [PackageName] LinuxEditor [ProjectName] Editor" 

Player connection [135861038263104]  * "[IP] 100.122.237.122 [Port] 55504 [Flags] 2 [Guid] 2231745634 [EditorId] 2231745634 [Version] 1048832 [Id] LinuxEditor(16,10.49.74.34) [Debug] 1 [PackageName] LinuxEditor [ProjectName] Editor" 

Player connection [135861038263104]  * "[IP] 192.168.122.1 [Port] 55504 [Flags] 2 [Guid] 2231745634 [EditorId] 2231745634 [Version] 1048832 [Id] LinuxEditor(16,10.49.74.34) [Debug] 1 [PackageName] LinuxEditor [ProjectName] Editor" 

Player connection [135861038263104]  * "[IP] 172.17.0.1 [Port] 55504 [Flags] 2 [Guid] 2231745634 [EditorId] 2231745634 [Version] 1048832 [Id] LinuxEditor(16,10.49.74.34) [Debug] 1 [PackageName] LinuxEditor [ProjectName] Editor" 

Player connection [135861038263104] Host joined multi-casting on [225.0.0.222:54997]...
Player connection [135861038263104] Host joined alternative multi-casting on [225.0.0.222:34997]...
Input System module state changed to: Initialized.
[Physics::Module] Initialized fallback backend.
[Physics::Module] Id: 0xdecafbad
[Package Manager] Connected to IPC stream "Upm-1371794" after 0.2 seconds.
[Licensing::Module] Licensing is not yet initialized.
[Licensing::IpcConnector] Successfully connected to: "LicenseClient-username01" at "2026-09-04T19:57:04.42121Z"
[SignatureVerifier] Application signature verification not supported on this platform.
[Licensing::Client] Handshaking with LicensingClient:
  Version:                 1.18.1+9fbee8e
  Session Id:              515b09e89b0e421a922b4e675f7e52ae
  Correlation Id:          0851c7b7d4eb31d950c74ea4d0e6f3bf
  External correlation Id: 3784585007922965330
  Machine Id:              0m5kPMXc/4WQKa535LLkFhGJ3DI=
[Licensing::Module] Successfully connected to LicensingClient on channel: "LicenseClient-username01" (connect: 0.25s, validation: 0.05s, handshake: 0.00s)
[Licensing::IpcConnector] Successfully connected to: "LicenseClient-username01-notifications" at "2026-09-04T19:57:04.469098Z"
[Licensing::Module] Connected to LicensingClient (PId: 1371825, launch time: 0.00, total connection time: 0.30s)
[Licensing::Module] Error: Access token is unavailable; failed to update
[Licensing::Client] Successfully resolved entitlement details
[Licensing::Module] License group:
  Id: 20067606338758-UnityPersXXXX
  Product: Unity Personal
  Type: Assigned
  Expiration: Unlimited
[Licensing::Client] Successfully updated license, isAsync: True, time: 0.01
[Licensing::Client] Successfully resolved entitlement details
[Licensing::Module] Licensing Background thread has ended after 0.32s
[Licensing::Module] Licensing is initialized (took 0.10s).
[Licensing::Client] Successfully resolved entitlement details
Library Redirect Path: Library/
[Physics::Module] Selected backend.
[Physics::Module] Name: PhysX
[Physics::Module] Id: 0xf2b8ea05
[Physics::Module] SDK Version: 4.1.2
[Physics::Module] Integration Version: 1.0.0
[Physics::Module] Threading Mode: Multi-Threaded
Refreshing native plugins compatible for Editor in 0.25 ms, found 0 plugins.
Preloading 0 native plugins for Editor in 0.00 ms.
Initialize engine version: 6000.3.22f1 (1c726e1fb402)
[Subsystems] Discovering subsystems at path /home/username01/Unity/Hub/Editor/6000.3.22f1/Editor/Data/Resources/UnitySubsystems
[Subsystems] Discovering subsystems at path /home/username01/projects/active/cmano-clone/cmano-clone/unity/ProjectAegis/Assets
Forcing GfxDevice: Null
GfxDevice: creating device client; kGfxThreadingModeNonThreaded
NullGfxDevice:
    Version:  NULL 1.0 [1.0]
    Renderer: Null Device
    Vendor:   Unity Technologies
Initialize mono
Mono path[0] = '/home/username01/Unity/Hub/Editor/6000.3.22f1/Editor/Data/Managed'
Mono path[1] = '/home/username01/Unity/Hub/Editor/6000.3.22f1/Editor/Data/MonoBleedingEdge/lib/mono/unityjit-linux'
Mono config path = '/home/username01/Unity/Hub/Editor/6000.3.22f1/Editor/Data/MonoBleedingEdge/etc'
Using monoOptions --debugger-agent=transport=dt_socket,embedding=1,server=y,suspend=n,address=127.0.0.1:56794
Using cacheserver namespaces - metadata:defaultmetadata, artifacts:defaultartifacts
Using cacheserver namespaces - metadata:defaultmetadata, artifacts:defaultartifacts
ImportWorker Server TCP listen port: 0
AcceleratorClientConnectionCallback - disconnected - :0
Begin MonoManager ReloadAssembly
Registering precompiled unity dll's ...
Register platform support module: /home/username01/Unity/Hub/Editor/6000.3.22f1/Editor/Data/PlaybackEngines/LinuxStandaloneSupport/UnityEditor.LinuxStandalone.Extensions.dll
Registered in 0.000988 seconds.
- Loaded All Assemblies, in  0.345 seconds
Native extension for LinuxStandalone target not found
Package Manager log level set to [2]
[Licensing::Client] Successfully resolved entitlement details
ScheduleIndexationOnStartup MainProcess:False IndexOnStartup:True
Mono: successfully reloaded assembly
- Finished resetting the current domain, in  5.537 seconds
Domain Reload Profiling: 5882ms
	BeginReloadAssembly (93ms)
		ExecutionOrderSort (0ms)
		DisableScriptedObjects (0ms)
		BackupInstance (0ms)
		ReleaseScriptingObjects (0ms)
		CreateAndSetChildDomain (13ms)
	RebuildCommonClasses (34ms)
	RebuildNativeTypeToScriptingClass (7ms)
	initialDomainReloadingComplete (46ms)
	LoadAllAssembliesAndSetupDomain (165ms)
		LoadAssemblies (79ms)
		RebuildTransferFunctionScriptingTraits (0ms)
		AnalyzeDomain (162ms)
			TypeCache.Refresh (159ms)
				TypeCache.ScanAssembly (140ms)
			BuildScriptInfoCaches (0ms)
			ResolveRequiredComponents (1ms)
	FinalizeReload (5537ms)
		ReleaseScriptCaches (0ms)
		RebuildScriptCaches (0ms)
		SetupLoadedEditorAssemblies (5502ms)
			LogAssemblyErrors (0ms)
			InitializePlatformSupportModulesInManaged (50ms)
			SetLoadedEditorAssemblies (5ms)
			BeforeProcessingInitializeOnLoad (98ms)
			ProcessInitializeOnLoadAttributes (132ms)
			ProcessInitializeOnLoadMethodAttributes (5216ms)
			AfterProcessingInitializeOnLoad (0ms)
			EditorAssembliesLoaded (0ms)
		ExecutionOrderSort2 (0ms)
		AwakeInstancesAfterBackupRestoration (0ms)
[Licensing::Client] Successfully resolved entitlement details
Application.AssetDatabase Initial Refresh Start
[Package Manager] Restoring resolved packages state from cache
[Licensing::Client] Successfully resolved entitlement details
[Package Manager] Registered 35 packages:
  Packages from [https://package.openupm.com]:
    com.ivanmurzak.unity.mcp@0.86.0 (location: /home/username01/projects/active/cmano-clone/cmano-clone/unity/ProjectAegis/Library/PackageCache/com.ivanmurzak.unity.mcp@0c6bab715fe7)
    extensions.unity.playerprefsex@2.1.5 (location: /home/username01/projects/active/cmano-clone/cmano-clone/unity/ProjectAegis/Library/PackageCache/extensions.unity.playerprefsex@14b8441b831c)
  Packages from [https://packages.unity.com]:
    com.unity.addressables@2.9.1 (location: /home/username01/projects/active/cmano-clone/cmano-clone/unity/ProjectAegis/Library/PackageCache/com.unity.addressables@8460f1c9c927)
    com.unity.ai.assistant@2.13.0-pre.2 (location: /home/username01/projects/active/cmano-clone/cmano-clone/unity/ProjectAegis/Library/PackageCache/com.unity.ai.assistant@6fee27370e6a)
    com.unity.ai.inference@2.6.1 (location: /home/username01/projects/active/cmano-clone/cmano-clone/unity/ProjectAegis/Library/PackageCache/com.unity.ai.inference@9a123aee5df7)
    com.unity.burst@1.8.30 (location: /home/username01/projects/active/cmano-clone/cmano-clone/unity/ProjectAegis/Library/PackageCache/com.unity.burst@2f3d916873ea)
    com.unity.sdk.linux-x86_64@1.1.0 (location: /home/username01/projects/active/cmano-clone/cmano-clone/unity/ProjectAegis/Library/PackageCache/com.unity.sdk.linux-x86_64@6d12be270055)
    com.unity.toolchain.linux-x86_64-linux@1.1.0 (location: /home/username01/projects/active/cmano-clone/cmano-clone/unity/ProjectAegis/Library/PackageCache/com.unity.toolchain.linux-x86_64-linux@d0308bf9d559)
    com.unity.sysroot.base@1.1.0 (location: /home/username01/projects/active/cmano-clone/cmano-clone/unity/ProjectAegis/Library/PackageCache/com.unity.sysroot.base@3559fe1aa613)
    com.unity.mathematics@1.3.3 (location: /home/username01/projects/active/cmano-clone/cmano-clone/unity/ProjectAegis/Library/PackageCache/com.unity.mathematics@19a9377c4ffa)
    com.unity.dt.app-ui@2.1.1 (location: /home/username01/projects/active/cmano-clone/cmano-clone/unity/ProjectAegis/Library/PackageCache/com.unity.dt.app-ui@8ac7e730dd5d)
    com.unity.collections@2.6.8 (location: /home/username01/projects/active/cmano-clone/cmano-clone/unity/ProjectAegis/Library/PackageCache/com.unity.collections@84e8eb3fc12e)
    com.unity.nuget.newtonsoft-json@3.2.2 (location: /home/username01/projects/active/cmano-clone/cmano-clone/unity/ProjectAegis/Library/PackageCache/com.unity.nuget.newtonsoft-json@4dfd81071c64)
    com.unity.nuget.mono-cecil@1.11.6 (location: /home/username01/projects/active/cmano-clone/cmano-clone/unity/ProjectAegis/Library/PackageCache/com.unity.nuget.mono-cecil@ecb9724e46ff)
    com.unity.profiling.core@1.0.3 (location: /home/username01/projects/active/cmano-clone/cmano-clone/unity/ProjectAegis/Library/PackageCache/com.unity.profiling.core@8a49f7027d06)
    com.unity.scriptablebuildpipeline@2.6.1 (location: /home/username01/projects/active/cmano-clone/cmano-clone/unity/ProjectAegis/Library/PackageCache/com.unity.scriptablebuildpipeline@36e3b5898ee2)
    com.unity.test-framework.performance@3.5.0 (location: /home/username01/projects/active/cmano-clone/cmano-clone/unity/ProjectAegis/Library/PackageCache/com.unity.test-framework.performance@8b56083ec0f0)
  Built-in packages:
    com.unity.ui@2.0.0 (location: /home/username01/projects/active/cmano-clone/cmano-clone/unity/ProjectAegis/Library/PackageCache/com.unity.ui@ccd6582d7949)
    com.unity.modules.accessibility@1.0.0 (location: /home/username01/projects/active/cmano-clone/cmano-clone/unity/ProjectAegis/Library/PackageCache/com.unity.modules.accessibility)
    com.unity.modules.ai@1.0.0 (location: /home/username01/projects/active/cmano-clone/cmano-clone/unity/ProjectAegis/Library/PackageCache/com.unity.modules.ai)
    com.unity.modules.jsonserialize@1.0.0 (location: /home/username01/projects/active/cmano-clone/cmano-clone/unity/ProjectAegis/Library/PackageCache/com.unity.modules.jsonserialize)
    com.unity.modules.imageconversion@1.0.0 (location: /home/username01/projects/active/cmano-clone/cmano-clone/unity/ProjectAegis/Library/PackageCache/com.unity.modules.imageconversion)
    com.unity.2d.sprite@1.0.0 (location: /home/username01/projects/active/cmano-clone/cmano-clone/unity/ProjectAegis/Library/PackageCache/com.unity.2d.sprite@73849065abf4)
    com.unity.modules.uielements@1.0.0 (location: /home/username01/projects/active/cmano-clone/cmano-clone/unity/ProjectAegis/Library/PackageCache/com.unity.modules.uielements)
    com.unity.modules.unitywebrequest@1.0.0 (location: /home/username01/projects/active/cmano-clone/cmano-clone/unity/ProjectAegis/Library/PackageCache/com.unity.modules.unitywebrequest)
    com.unity.test-framework@1.6.0 (location: /home/username01/projects/active/cmano-clone/cmano-clone/unity/ProjectAegis/Library/PackageCache/com.unity.test-framework@0bd5c5194236)
    com.unity.modules.assetbundle@1.0.0 (location: /home/username01/projects/active/cmano-clone/cmano-clone/unity/ProjectAegis/Library/PackageCache/com.unity.modules.assetbundle)
    com.unity.modules.unitywebrequestassetbundle@1.0.0 (location: /home/username01/projects/active/cmano-clone/cmano-clone/unity/ProjectAegis/Library/PackageCache/com.unity.modules.unitywebrequestassetbundle)
    com.unity.modules.physics@1.0.0 (location: /home/username01/projects/active/cmano-clone/cmano-clone/unity/ProjectAegis/Library/PackageCache/com.unity.modules.physics)
    com.unity.modules.androidjni@1.0.0 (location: /home/username01/projects/active/cmano-clone/cmano-clone/unity/ProjectAegis/Library/PackageCache/com.unity.modules.androidjni)
    com.unity.modules.screencapture@1.0.0 (location: /home/username01/projects/active/cmano-clone/cmano-clone/unity/ProjectAegis/Library/PackageCache/com.unity.modules.screencapture)
    com.unity.modules.ui@1.0.0 (location: /home/username01/projects/active/cmano-clone/cmano-clone/unity/ProjectAegis/Library/PackageCache/com.unity.modules.ui)
    com.unity.modules.imgui@1.0.0 (location: /home/username01/projects/active/cmano-clone/cmano-clone/unity/ProjectAegis/Library/PackageCache/com.unity.modules.imgui)
    com.unity.modules.hierarchycore@1.0.0 (location: /home/username01/projects/active/cmano-clone/cmano-clone/unity/ProjectAegis/Library/PackageCache/com.unity.modules.hierarchycore)
    com.unity.ext.nunit@2.0.5 (location: /home/username01/projects/active/cmano-clone/cmano-clone/unity/ProjectAegis/Library/PackageCache/com.unity.ext.nunit@ec2d0043d6fc)
[Subsystems] No new subsystems found in resolved package list.
[Package Manager] Done registering packages in 0.00 seconds
[40m[32minfo[39m[22m[49m: Microsoft.Hosting.Lifetime[14]
      Now listening on: http://unix:/tmp/ilpp.sock-3eb9779e9ad32cdd7d440bf3743ee296
[40m[32minfo[39m[22m[49m: Microsoft.Hosting.Lifetime[0]
      Application started. Press Ctrl+C to shut down.
[40m[32minfo[39m[22m[49m: Microsoft.Hosting.Lifetime[0]
      Hosting environment: Production
[40m[32minfo[39m[22m[49m: Microsoft.Hosting.Lifetime[0]
      Content root path: /home/username01/projects/active/cmano-clone/cmano-clone/unity/ProjectAegis/
[40m[32minfo[39m[22m[49m: Microsoft.AspNetCore.Hosting.Diagnostics[1]
      Request starting HTTP/2 POST http://ilpp/UnityILPP.PostProcessing/Ping application/grpc -
[40m[32minfo[39m[22m[49m: Microsoft.AspNetCore.Routing.EndpointMiddleware[0]
      Executing endpoint 'gRPC - /UnityILPP.PostProcessing/Ping'
[40m[32minfo[39m[22m[49m: Microsoft.AspNetCore.Routing.EndpointMiddleware[1]
      Executed endpoint 'gRPC - /UnityILPP.PostProcessing/Ping'
[40m[32minfo[39m[22m[49m: Microsoft.AspNetCore.Hosting.Diagnostics[2]
      Request finished HTTP/2 POST http://ilpp/UnityILPP.PostProcessing/Ping application/grpc - - 200 - application/grpc 36.0955ms
Refreshing native plugins compatible for Editor in 0.45 ms, found 1 plugins.
Starting: /home/username01/Unity/Hub/Editor/6000.3.22f1/Editor/Data/Tools/BuildPipeline/bee_backend --ipc --defer-dag-verification --dagfile="Library/Bee/2400b0aE.dag" --continue-on-failure --profile="Library/Bee/backend1.traceevents" ScriptAssemblies
WorkingDir: /home/username01/projects/active/cmano-clone/cmano-clone/unity/ProjectAegis
[40m[32minfo[39m[22m[49m: Microsoft.AspNetCore.Hosting.Diagnostics[1]
      Request starting HTTP/2 POST http://ilpp/UnityILPP.PostProcessing/ConfigurePostProcessors application/grpc -
[40m[32minfo[39m[22m[49m: Microsoft.AspNetCore.Routing.EndpointMiddleware[0]
      Executing endpoint 'gRPC - /UnityILPP.PostProcessing/ConfigurePostProcessors'
[40m[1m[33mwarn[39m[22m[49m: Unity.ILPP.Runner.PostProcessingAssemblyLoadContext[0]
      Assembly system.runtime.interopservices.windowsruntime has duplicate hint path. Ignoring "/home/username01/Unity/Hub/Editor/6000.3.22f1/Editor/Data/UnityReferenceAssemblies/unity-4.8-api/Facades/System.Runtime.InteropServices.WindowsRuntime.dll" in favor of "/home/username01/Unity/Hub/Editor/6000.3.22f1/Editor/Data/NetStandard/Extensions/2.0.0/System.Runtime.InteropServices.WindowsRuntime.dll"
[40m[1m[33mwarn[39m[22m[49m: Unity.ILPP.Runner.PostProcessingAssemblyLoadContext[0]
      Assembly system.componentmodel.composition has duplicate hint path. Ignoring "/home/username01/Unity/Hub/Editor/6000.3.22f1/Editor/Data/UnityReferenceAssemblies/unity-4.8-api/System.ComponentModel.Composition.dll" in favor of "/home/username01/Unity/Hub/Editor/6000.3.22f1/Editor/Data/NetStandard/compat/2.1.0/shims/netfx/System.ComponentModel.Composition.dll"
[40m[32minfo[39m[22m[49m: Unity.ILPP.Runner.PostProcessingAssemblyLoadContext[0]
      Resolved Unity.Burst.Cecil, Version=0.11.6.0, Culture=neutral, PublicKeyToken=50cebf1cceb9d05e with Library/PackageCache/com.unity.burst@2f3d916873ea/Unity.Burst.CodeGen/Unity.Burst.Cecil.dll
[40m[32minfo[39m[22m[49m: Unity.ILPP.Runner.PostProcessingAssemblyLoadContext[0]
      Resolved Mono.Cecil, Version=0.11.5.0, Culture=neutral, PublicKeyToken=50cebf1cceb9d05e with Library/PackageCache/com.unity.nuget.mono-cecil@ecb9724e46ff/Mono.Cecil.dll
[40m[32minfo[39m[22m[49m: Microsoft.AspNetCore.Routing.EndpointMiddleware[1]
      Executed endpoint 'gRPC - /UnityILPP.PostProcessing/ConfigurePostProcessors'
[40m[32minfo[39m[22m[49m: Microsoft.AspNetCore.Hosting.Diagnostics[2]
      Request finished HTTP/2 POST http://ilpp/UnityILPP.PostProcessing/ConfigurePostProcessors application/grpc - - 200 - application/grpc 21.8081ms
DisplayProgressbar: Compiling Scripts
Starting: /home/username01/Unity/Hub/Editor/6000.3.22f1/Editor/Data/netcorerun/netcorerun "/home/username01/Unity/Hub/Editor/6000.3.22f1/Editor/Data/Tools/BuildPipeline/ScriptCompilationBuildProgram.exe" "Library/Bee/2400b0aE.dag.json" "Library/Bee/2400b0aE-inputdata.json" "Library/Bee/buildprogram0.traceevents"
WorkingDir: /home/username01/projects/active/cmano-clone/cmano-clone/unity/ProjectAegis
ExitCode: 4 Duration: 0s223ms
[741/994    0s] ILPP-Configuration Library/ilpp-configuration.nevergeneratedoutput
[874/994    0s] CopyFiles Library/ScriptAssemblies/com.IvanMurzak.Unity.MCP.Runtime.dll
[891/994    0s] CopyFiles Library/ScriptAssemblies/com.IvanMurzak.Unity.MCP.TestFiles.dll
[985/994    0s] CopyFiles Library/ScriptAssemblies/com.IvanMurzak.Unity.MCP.TestFiles.pdb
[991/994    0s] CopyFiles Library/ScriptAssemblies/com.IvanMurzak.Unity.MCP.Runtime.pdb
[992/994    0s] CopyFiles Library/ScriptAssemblies/com.IvanMurzak.Unity.MCP.Editor.dll
[993/994    0s] CopyFiles Library/ScriptAssemblies/com.IvanMurzak.Unity.MCP.Editor.pdb
Rebuilding DAG because FileSignature timestamp changed: Library/Bee/2400b0aE-inputdata.json
*** Tundra requires additional run (0.18 seconds), 7 items updated, 994 evaluated
ExitCode: 0 Duration: 0s914ms
Starting: /home/username01/Unity/Hub/Editor/6000.3.22f1/Editor/Data/Tools/BuildPipeline/bee_backend --ipc --defer-dag-verification --dagfile="Library/Bee/2400b0aE.dag" --continue-on-failure --dagfilejson="Library/Bee/2400b0aE.dag.json" --profile="Library/Bee/backend2.traceevents" ScriptAssemblies
WorkingDir: /home/username01/projects/active/cmano-clone/cmano-clone/unity/ProjectAegis
[40m[32minfo[39m[22m[49m: Microsoft.AspNetCore.Hosting.Diagnostics[1]
      Request starting HTTP/2 POST http://ilpp/UnityILPP.PostProcessing/ConfigurePostProcessors application/grpc -
[40m[32minfo[39m[22m[49m: Microsoft.AspNetCore.Routing.EndpointMiddleware[0]
      Executing endpoint 'gRPC - /UnityILPP.PostProcessing/ConfigurePostProcessors'
[40m[32minfo[39m[22m[49m: Unity.ILPP.Runner.PostProcessingAssemblyLoadContext[0]
      ALC ILPP context 1 is unloading
[40m[1m[33mwarn[39m[22m[49m: Unity.ILPP.Runner.PostProcessingAssemblyLoadContext[0]
      Assembly system.runtime.interopservices.windowsruntime has duplicate hint path. Ignoring "/home/username01/Unity/Hub/Editor/6000.3.22f1/Editor/Data/UnityReferenceAssemblies/unity-4.8-api/Facades/System.Runtime.InteropServices.WindowsRuntime.dll" in favor of "/home/username01/Unity/Hub/Editor/6000.3.22f1/Editor/Data/NetStandard/Extensions/2.0.0/System.Runtime.InteropServices.WindowsRuntime.dll"
[40m[1m[33mwarn[39m[22m[49m: Unity.ILPP.Runner.PostProcessingAssemblyLoadContext[0]
      Assembly system.componentmodel.composition has duplicate hint path. Ignoring "/home/username01/Unity/Hub/Editor/6000.3.22f1/Editor/Data/UnityReferenceAssemblies/unity-4.8-api/System.ComponentModel.Composition.dll" in favor of "/home/username01/Unity/Hub/Editor/6000.3.22f1/Editor/Data/NetStandard/compat/2.1.0/shims/netfx/System.ComponentModel.Composition.dll"
[40m[32minfo[39m[22m[49m: Unity.ILPP.Runner.PostProcessingAssemblyLoadContext[0]
      Resolved Unity.Burst.Cecil, Version=0.11.6.0, Culture=neutral, PublicKeyToken=50cebf1cceb9d05e with Library/PackageCache/com.unity.burst@2f3d916873ea/Unity.Burst.CodeGen/Unity.Burst.Cecil.dll
[40m[32minfo[39m[22m[49m: Unity.ILPP.Runner.PostProcessingAssemblyLoadContext[0]
      Resolved Mono.Cecil, Version=0.11.5.0, Culture=neutral, PublicKeyToken=50cebf1cceb9d05e with Library/PackageCache/com.unity.nuget.mono-cecil@ecb9724e46ff/Mono.Cecil.dll
[40m[32minfo[39m[22m[49m: Microsoft.AspNetCore.Routing.EndpointMiddleware[1]
      Executed endpoint 'gRPC - /UnityILPP.PostProcessing/ConfigurePostProcessors'
[40m[32minfo[39m[22m[49m: Microsoft.AspNetCore.Hosting.Diagnostics[2]
      Request finished HTTP/2 POST http://ilpp/UnityILPP.PostProcessing/ConfigurePostProcessors application/grpc - - 200 - application/grpc 4.7251ms
[40m[32minfo[39m[22m[49m: Microsoft.AspNetCore.Hosting.Diagnostics[1]
      Request starting HTTP/2 POST http://ilpp/UnityILPP.PostProcessing/PostProcessAssembly application/grpc -
[40m[32minfo[39m[22m[49m: Microsoft.AspNetCore.Routing.EndpointMiddleware[0]
      Executing endpoint 'gRPC - /UnityILPP.PostProcessing/PostProcessAssembly'
[40m[32minfo[39m[22m[49m: Microsoft.AspNetCore.Hosting.Diagnostics[1]
      Request starting HTTP/2 POST http://ilpp/UnityILPP.PostProcessing/PostProcessAssembly application/grpc -
[40m[32minfo[39m[22m[49m: Microsoft.AspNetCore.Routing.EndpointMiddleware[0]
      Executing endpoint 'gRPC - /UnityILPP.PostProcessing/PostProcessAssembly'
[40m[32minfo[39m[22m[49m: Microsoft.AspNetCore.Hosting.Diagnostics[1]
      Request starting HTTP/2 POST http://ilpp/UnityILPP.PostProcessing/PostProcessAssembly application/grpc -
[40m[32minfo[39m[22m[49m: Microsoft.AspNetCore.Routing.EndpointMiddleware[0]
      Executing endpoint 'gRPC - /UnityILPP.PostProcessing/PostProcessAssembly'
[40m[32minfo[39m[22m[49m: Microsoft.AspNetCore.Hosting.Diagnostics[1]
      Request starting HTTP/2 POST http://ilpp/UnityILPP.PostProcessing/PostProcessAssembly application/grpc -
[40m[32minfo[39m[22m[49m: Microsoft.AspNetCore.Hosting.Diagnostics[1]
      Request starting HTTP/2 POST http://ilpp/UnityILPP.PostProcessing/PostProcessAssembly application/grpc -
[40m[32minfo[39m[22m[49m: Microsoft.AspNetCore.Routing.EndpointMiddleware[0]
      Executing endpoint 'gRPC - /UnityILPP.PostProcessing/PostProcessAssembly'
[40m[32minfo[39m[22m[49m: Microsoft.AspNetCore.Routing.EndpointMiddleware[0]
      Executing endpoint 'gRPC - /UnityILPP.PostProcessing/PostProcessAssembly'
[40m[32minfo[39m[22m[49m: Microsoft.AspNetCore.Hosting.Diagnostics[1]
      Request starting HTTP/2 POST http://ilpp/UnityILPP.PostProcessing/PostProcessAssembly application/grpc -
[40m[32minfo[39m[22m[49m: Microsoft.AspNetCore.Routing.EndpointMiddleware[0]
      Executing endpoint 'gRPC - /UnityILPP.PostProcessing/PostProcessAssembly'
[40m[32minfo[39m[22m[49m: Microsoft.AspNetCore.Hosting.Diagnostics[1]
      Request starting HTTP/2 POST http://ilpp/UnityILPP.PostProcessing/PostProcessAssembly application/grpc -
[40m[32minfo[39m[22m[49m: Microsoft.AspNetCore.Routing.EndpointMiddleware[0]
      Executing endpoint 'gRPC - /UnityILPP.PostProcessing/PostProcessAssembly'
[40m[32minfo[39m[22m[49m: Microsoft.AspNetCore.Hosting.Diagnostics[1]
      Request starting HTTP/2 POST http://ilpp/UnityILPP.PostProcessing/PostProcessAssembly application/grpc -
[40m[32minfo[39m[22m[49m: Microsoft.AspNetCore.Routing.EndpointMiddleware[0]
      Executing endpoint 'gRPC - /UnityILPP.PostProcessing/PostProcessAssembly'
[40m[32minfo[39m[22m[49m: Microsoft.AspNetCore.Hosting.Diagnostics[1]
      Request starting HTTP/2 POST http://ilpp/UnityILPP.PostProcessing/PostProcessAssembly application/grpc -
[40m[32minfo[39m[22m[49m: Microsoft.AspNetCore.Routing.EndpointMiddleware[0]
      Executing endpoint 'gRPC - /UnityILPP.PostProcessing/PostProcessAssembly'
[40m[32minfo[39m[22m[49m: Microsoft.AspNetCore.Hosting.Diagnostics[1]
      Request starting HTTP/2 POST http://ilpp/UnityILPP.PostProcessing/PostProcessAssembly application/grpc -
[40m[32minfo[39m[22m[49m: Microsoft.AspNetCore.Routing.EndpointMiddleware[0]
      Executing endpoint 'gRPC - /UnityILPP.PostProcessing/PostProcessAssembly'
[40m[32minfo[39m[22m[49m: Microsoft.AspNetCore.Hosting.Diagnostics[1]
      Request starting HTTP/2 POST http://ilpp/UnityILPP.PostProcessing/PostProcessAssembly application/grpc -
[40m[32minfo[39m[22m[49m: Microsoft.AspNetCore.Routing.EndpointMiddleware[0]
      Executing endpoint 'gRPC - /UnityILPP.PostProcessing/PostProcessAssembly'
[40m[32minfo[39m[22m[49m: Microsoft.AspNetCore.Hosting.Diagnostics[1]
      Request starting HTTP/2 POST http://ilpp/UnityILPP.PostProcessing/PostProcessAssembly application/grpc -
[40m[32minfo[39m[22m[49m: Microsoft.AspNetCore.Hosting.Diagnostics[1]
      Request starting HTTP/2 POST http://ilpp/UnityILPP.PostProcessing/PostProcessAssembly application/grpc -
[40m[32minfo[39m[22m[49m: Microsoft.AspNetCore.Routing.EndpointMiddleware[0]
      Executing endpoint 'gRPC - /UnityILPP.PostProcessing/PostProcessAssembly'
[40m[32minfo[39m[22m[49m: Microsoft.AspNetCore.Routing.EndpointMiddleware[0]
      Executing endpoint 'gRPC - /UnityILPP.PostProcessing/PostProcessAssembly'
[40m[32minfo[39m[22m[49m: Microsoft.AspNetCore.Hosting.Diagnostics[1]
      Request starting HTTP/2 POST http://ilpp/UnityILPP.PostProcessing/PostProcessAssembly application/grpc -
[40m[32minfo[39m[22m[49m: Microsoft.AspNetCore.Routing.EndpointMiddleware[0]
      Executing endpoint 'gRPC - /UnityILPP.PostProcessing/PostProcessAssembly'
[40m[32minfo[39m[22m[49m: Microsoft.AspNetCore.Hosting.Diagnostics[1]
      Request starting HTTP/2 POST http://ilpp/UnityILPP.PostProcessing/PostProcessAssembly application/grpc -
[40m[32minfo[39m[22m[49m: Microsoft.AspNetCore.Routing.EndpointMiddleware[0]
      Executing endpoint 'gRPC - /UnityILPP.PostProcessing/PostProcessAssembly'
[40m[32minfo[39m[22m[49m: Microsoft.AspNetCore.Hosting.Diagnostics[1]
      Request starting HTTP/2 POST http://ilpp/UnityILPP.PostProcessing/PostProcessAssembly application/grpc -
[40m[32minfo[39m[22m[49m: Microsoft.AspNetCore.Routing.EndpointMiddleware[0]
      Executing endpoint 'gRPC - /UnityILPP.PostProcessing/PostProcessAssembly'
[40m[32minfo[39m[22m[49m: Microsoft.AspNetCore.Hosting.Diagnostics[1]
      Request starting HTTP/2 POST http://ilpp/UnityILPP.PostProcessing/PostProcessAssembly application/grpc -
[40m[32minfo[39m[22m[49m: Microsoft.AspNetCore.Routing.EndpointMiddleware[0]
      Executing endpoint 'gRPC - /UnityILPP.PostProcessing/PostProcessAssembly'
[40m[32minfo[39m[22m[49m: Microsoft.AspNetCore.Hosting.Diagnostics[1]
      Request starting HTTP/2 POST http://ilpp/UnityILPP.PostProcessing/PostProcessAssembly application/grpc -
[40m[32minfo[39m[22m[49m: Microsoft.AspNetCore.Routing.EndpointMiddleware[0]
      Executing endpoint 'gRPC - /UnityILPP.PostProcessing/PostProcessAssembly'
[40m[32minfo[39m[22m[49m: Unity.ILPP.Runner.PostProcessingPipeline[0]
      Processing assembly Library/Bee/artifacts/2400b0aE.dag/Unity.Addressables.dll, with 133 defines and 286 references
[40m[32minfo[39m[22m[49m: Unity.ILPP.Runner.PostProcessingPipeline[0]
      Processing assembly Library/Bee/artifacts/2400b0aE.dag/Unity.InferenceEngine.Tokenization.dll, with 133 defines and 234 references
[40m[32minfo[39m[22m[49m: Unity.ILPP.Runner.PostProcessingPipeline[0]
      Processing assembly Library/Bee/artifacts/2400b0aE.dag/Unity.InferenceEngine.MacBLAS.dll, with 133 defines and 286 references
[40m[32minfo[39m[22m[49m: Unity.ILPP.Runner.PostProcessingPipeline[0]
      Processing assembly Library/Bee/artifacts/2400b0aE.dag/Unity.AppUI.Navigation.dll, with 135 defines and 284 references
[40m[32minfo[39m[22m[49m: Unity.ILPP.Runner.PostProcessingPipeline[0]
      Processing assembly Library/Bee/artifacts/2400b0aE.dag/Unity.ScriptableBuildPipeline.dll, with 133 defines and 285 references
[40m[32minfo[39m[22m[49m: Unity.ILPP.Runner.PostProcessingPipeline[0]
      Processing assembly Library/Bee/artifacts/2400b0aE.dag/Unity.Mathematics.dll, with 133 defines and 285 references
[40m[32minfo[39m[22m[49m: Unity.ILPP.Runner.PostProcessingPipeline[0]
      Processing assembly Library/Bee/artifacts/2400b0aE.dag/Unity.Burst.dll, with 133 defines and 234 references
[40m[32minfo[39m[22m[49m: Unity.ILPP.Runner.PostProcessingPipeline[0]
      Processing assembly Library/Bee/artifacts/2400b0aE.dag/Unity.AppUI.Redux.dll, with 133 defines and 284 references
[40m[32minfo[39m[22m[49m: Unity.ILPP.Runner.PostProcessingPipeline[0]
      Processing assembly Library/Bee/artifacts/2400b0aE.dag/Unity.Collections.dll, with 135 defines and 287 references
[40m[32minfo[39m[22m[49m: Unity.ILPP.Runner.PostProcessingPipeline[0]
      Processing assembly Library/Bee/artifacts/2400b0aE.dag/Unity.AI.Assistant.Runtime.dll, with 133 defines and 234 references
[40m[32minfo[39m[22m[49m: Unity.ILPP.Runner.PostProcessingPipeline[0]
      Processing assembly Library/Bee/artifacts/2400b0aE.dag/Unity.AI.Animate.Motion.Runtime.dll, with 133 defines and 282 references
[40m[32minfo[39m[22m[49m: Unity.ILPP.Runner.PostProcessingPipeline[0]
      Processing assembly Library/Bee/artifacts/2400b0aE.dag/Unity.InferenceEngine.iOSBLAS.dll, with 133 defines and 286 references
[40m[32minfo[39m[22m[49m: Unity.ILPP.Runner.PostProcessingPipeline[0]
      Processing assembly Library/Bee/artifacts/2400b0aE.dag/Unity.AppUI.MVVM.dll, with 134 defines and 284 references
[40m[32minfo[39m[22m[49m: Unity.ILPP.Runner.PostProcessingPipeline[0]
      Processing assembly Library/Bee/artifacts/2400b0aE.dag/Unity.ResourceManager.dll, with 134 defines and 286 references
[40m[32minfo[39m[22m[49m: Unity.ILPP.Runner.PostProcessingPipeline[0]
      Processing assembly Library/Bee/artifacts/2400b0aE.dag/Unity.Profiling.Core.dll, with 133 defines and 285 references
[40m[32minfo[39m[22m[49m: Unity.ILPP.Runner.PostProcessingPipeline[0]
      Processing assembly Library/Bee/artifacts/2400b0aE.dag/Unity.InferenceEngine.dll, with 133 defines and 288 references
[40m[32minfo[39m[22m[49m: Unity.ILPP.Runner.PostProcessingPipeline[0]
      Processing assembly Library/Bee/artifacts/2400b0aE.dag/Unity.PerformanceTesting.dll, with 134 defines and 233 references
[40m[32minfo[39m[22m[49m: Unity.ILPP.Runner.PostProcessingPipeline[0]
      Processing assembly Library/Bee/artifacts/2400b0aE.dag/Unity.AppUI.InternalAPIBridge.dll, with 133 defines and 282 references
[40m[32minfo[39m[22m[49m: Microsoft.AspNetCore.Hosting.Diagnostics[1]
      Request starting HTTP/2 POST http://ilpp/UnityILPP.PostProcessing/PostProcessAssembly application/grpc -
[40m[32minfo[39m[22m[49m: Microsoft.AspNetCore.Routing.EndpointMiddleware[0]
      Executing endpoint 'gRPC - /UnityILPP.PostProcessing/PostProcessAssembly'
[40m[32minfo[39m[22m[49m: Unity.ILPP.Runner.PostProcessingPipeline[0]
      Processing assembly Library/Bee/artifacts/2400b0aE.dag/Unity.AI.Tracing.dll, with 133 defines and 234 references
[40m[32minfo[39m[22m[49m: Unity.ILPP.Runner.PostProcessingPipeline[0]
      processors: Unity.Jobs.CodeGen.JobsILPostProcessor, zzzUnity.Burst.CodeGen.BurstILPostProcessor
[40m[32minfo[39m[22m[49m: Unity.ILPP.Runner.PostProcessingPipeline[0]
      processors: Unity.Jobs.CodeGen.JobsILPostProcessor, zzzUnity.Burst.CodeGen.BurstILPostProcessor
[40m[32minfo[39m[22m[49m: Unity.ILPP.Runner.PostProcessingPipeline[0]
      processors: Unity.Jobs.CodeGen.JobsILPostProcessor, zzzUnity.Burst.CodeGen.BurstILPostProcessor
[40m[32minfo[39m[22m[49m: Unity.ILPP.Runner.PostProcessingPipeline[0]
      processors: Unity.Jobs.CodeGen.JobsILPostProcessor, zzzUnity.Burst.CodeGen.BurstILPostProcessor
[40m[32minfo[39m[22m[49m: Unity.ILPP.Runner.PostProcessingPipeline[0]
      processors: Unity.Jobs.CodeGen.JobsILPostProcessor, zzzUnity.Burst.CodeGen.BurstILPostProcessor
[40m[32minfo[39m[22m[49m: Unity.ILPP.Runner.PostProcessingPipeline[0]
      processors: Unity.Jobs.CodeGen.JobsILPostProcessor, zzzUnity.Burst.CodeGen.BurstILPostProcessor
[40m[32minfo[39m[22m[49m: Unity.ILPP.Runner.PostProcessingPipeline[0]
      processors: Unity.Jobs.CodeGen.JobsILPostProcessor, zzzUnity.Burst.CodeGen.BurstILPostProcessor
[40m[32minfo[39m[22m[49m: Unity.ILPP.Runner.PostProcessingPipeline[0]
      processors: Unity.Jobs.CodeGen.JobsILPostProcessor, zzzUnity.Burst.CodeGen.BurstILPostProcessor
[40m[32minfo[39m[22m[49m: Unity.ILPP.Runner.PostProcessingPipeline[0]
      processors: Unity.Jobs.CodeGen.JobsILPostProcessor, zzzUnity.Burst.CodeGen.BurstILPostProcessor
[40m[32minfo[39m[22m[49m: Unity.ILPP.Runner.PostProcessingPipeline[0]
      processors: Unity.Jobs.CodeGen.JobsILPostProcessor, zzzUnity.Burst.CodeGen.BurstILPostProcessor
[40m[32minfo[39m[22m[49m: Unity.ILPP.Runner.PostProcessingPipeline[0]
      processors: Unity.Jobs.CodeGen.JobsILPostProcessor, zzzUnity.Burst.CodeGen.BurstILPostProcessor
[40m[32minfo[39m[22m[49m: Unity.ILPP.Runner.PostProcessingPipeline[0]
      processors: Unity.Jobs.CodeGen.JobsILPostProcessor, zzzUnity.Burst.CodeGen.BurstILPostProcessor
[40m[32minfo[39m[22m[49m: Unity.ILPP.Runner.PostProcessingPipeline[0]
      processors: Unity.Jobs.CodeGen.JobsILPostProcessor, zzzUnity.Burst.CodeGen.BurstILPostProcessor
[40m[32minfo[39m[22m[49m: Unity.ILPP.Runner.PostProcessingPipeline[0]
      processors: Unity.Jobs.CodeGen.JobsILPostProcessor, zzzUnity.Burst.CodeGen.BurstILPostProcessor
[40m[32minfo[39m[22m[49m: Unity.ILPP.Runner.PostProcessingPipeline[0]
      processors: Unity.Jobs.CodeGen.JobsILPostProcessor, zzzUnity.Burst.CodeGen.BurstILPostProcessor
[40m[32minfo[39m[22m[49m: Unity.ILPP.Runner.PostProcessingPipeline[0]
      processors: Unity.Jobs.CodeGen.JobsILPostProcessor, zzzUnity.Burst.CodeGen.BurstILPostProcessor
[40m[32minfo[39m[22m[49m: Unity.ILPP.Runner.PostProcessingPipeline[0]
      processors: Unity.Jobs.CodeGen.JobsILPostProcessor, zzzUnity.Burst.CodeGen.BurstILPostProcessor
[40m[32minfo[39m[22m[49m: Unity.ILPP.Runner.PostProcessingPipeline[0]
      processors: Unity.Jobs.CodeGen.JobsILPostProcessor, zzzUnity.Burst.CodeGen.BurstILPostProcessor
[40m[32minfo[39m[22m[49m: Unity.ILPP.Runner.PostProcessingPipeline[0]
      processors: Unity.Jobs.CodeGen.JobsILPostProcessor, zzzUnity.Burst.CodeGen.BurstILPostProcessor
[40m[32minfo[39m[22m[49m: Unity.ILPP.Runner.PostProcessingPipeline[0]
      running Unity.Jobs.CodeGen.JobsILPostProcessor
[40m[32minfo[39m[22m[49m: Unity.ILPP.Runner.PostProcessingPipeline[0]
      running Unity.Jobs.CodeGen.JobsILPostProcessor
[40m[32minfo[39m[22m[49m: Unity.ILPP.Runner.PostProcessingPipeline[0]
      running Unity.Jobs.CodeGen.JobsILPostProcessor
[40m[32minfo[39m[22m[49m: Unity.ILPP.Runner.PostProcessingPipeline[0]
      running Unity.Jobs.CodeGen.JobsILPostProcessor
[40m[32minfo[39m[22m[49m: Unity.ILPP.Runner.PostProcessingPipeline[0]
      running Unity.Jobs.CodeGen.JobsILPostProcessor
[40m[32minfo[39m[22m[49m: Unity.ILPP.Runner.PostProcessingPipeline[0]
      running Unity.Jobs.CodeGen.JobsILPostProcessor
[40m[32minfo[39m[22m[49m: Unity.ILPP.Runner.PostProcessingPipeline[0]
      running Unity.Jobs.CodeGen.JobsILPostProcessor
[40m[32minfo[39m[22m[49m: Unity.ILPP.Runner.PostProcessingPipeline[0]
      running Unity.Jobs.CodeGen.JobsILPostProcessor
[40m[32minfo[39m[22m[49m: Unity.ILPP.Runner.PostProcessingPipeline[0]
      running Unity.Jobs.CodeGen.JobsILPostProcessor
[40m[32minfo[39m[22m[49m: Unity.ILPP.Runner.PostProcessingPipeline[0]
      running Unity.Jobs.CodeGen.JobsILPostProcessor
[40m[32minfo[39m[22m[49m: Unity.ILPP.Runner.PostProcessingPipeline[0]
      running Unity.Jobs.CodeGen.JobsILPostProcessor
[40m[32minfo[39m[22m[49m: Unity.ILPP.Runner.PostProcessingPipeline[0]
      running Unity.Jobs.CodeGen.JobsILPostProcessor
[40m[32minfo[39m[22m[49m: Unity.ILPP.Runner.PostProcessingPipeline[0]
      running Unity.Jobs.CodeGen.JobsILPostProcessor
[40m[32minfo[39m[22m[49m: Unity.ILPP.Runner.PostProcessingPipeline[0]
      running Unity.Jobs.CodeGen.JobsILPostProcessor
[40m[32minfo[39m[22m[49m: Unity.ILPP.Runner.PostProcessingPipeline[0]
      running Unity.Jobs.CodeGen.JobsILPostProcessor
[40m[32minfo[39m[22m[49m: Unity.ILPP.Runner.PostProcessingPipeline[0]
      running Unity.Jobs.CodeGen.JobsILPostProcessor
[40m[32minfo[39m[22m[49m: Unity.ILPP.Runner.PostProcessingPipeline[0]
      running Unity.Jobs.CodeGen.JobsILPostProcessor
[40m[32minfo[39m[22m[49m: Unity.ILPP.Runner.PostProcessingPipeline[0]
      running Unity.Jobs.CodeGen.JobsILPostProcessor
[40m[32minfo[39m[22m[49m: Unity.ILPP.Runner.PostProcessingPipeline[0]
      running Unity.Jobs.CodeGen.JobsILPostProcessor
[40m[32minfo[39m[22m[49m: Unity.ILPP.Runner.PostProcessingPipeline[0]
      running zzzUnity.Burst.CodeGen.BurstILPostProcessor
[40m[32minfo[39m[22m[49m: Unity.ILPP.Runner.PostProcessingPipeline[0]
      running zzzUnity.Burst.CodeGen.BurstILPostProcessor
[40m[32minfo[39m[22m[49m: Unity.ILPP.Runner.PostProcessingPipeline[0]
      running zzzUnity.Burst.CodeGen.BurstILPostProcessor
[40m[32minfo[39m[22m[49m: Unity.ILPP.Runner.PostProcessingPipeline[0]
      running zzzUnity.Burst.CodeGen.BurstILPostProcessor
[40m[32minfo[39m[22m[49m: Unity.ILPP.Runner.PostProcessingPipeline[0]
      running zzzUnity.Burst.CodeGen.BurstILPostProcessor
[40m[32minfo[39m[22m[49m: Unity.ILPP.Runner.PostProcessingPipeline[0]
      running zzzUnity.Burst.CodeGen.BurstILPostProcessor
[40m[32minfo[39m[22m[49m: Unity.ILPP.Runner.PostProcessingPipeline[0]
      running zzzUnity.Burst.CodeGen.BurstILPostProcessor
[40m[32minfo[39m[22m[49m: Unity.ILPP.Runner.PostProcessingPipeline[0]
      running zzzUnity.Burst.CodeGen.BurstILPostProcessor
[40m[32minfo[39m[22m[49m: Unity.ILPP.Runner.PostProcessingPipeline[0]
      running zzzUnity.Burst.CodeGen.BurstILPostProcessor
[40m[32minfo[39m[22m[49m: Unity.ILPP.Runner.PostProcessingPipeline[0]
      running zzzUnity.Burst.CodeGen.BurstILPostProcessor
[40m[32minfo[39m[22m[49m: Unity.ILPP.Runner.PostProcessingPipeline[0]
      running zzzUnity.Burst.CodeGen.BurstILPostProcessor
[40m[32minfo[39m[22m[49m: Unity.ILPP.Runner.PostProcessingPipeline[0]
      running zzzUnity.Burst.CodeGen.BurstILPostProcessor
[40m[32minfo[39m[22m[49m: Unity.ILPP.Runner.PostProcessingPipeline[0]
      running zzzUnity.Burst.CodeGen.BurstILPostProcessor
[40m[32minfo[39m[22m[49m: Unity.ILPP.Runner.PostProcessingPipeline[0]
      running zzzUnity.Burst.CodeGen.BurstILPostProcessor
[40m[32minfo[39m[22m[49m: Unity.ILPP.Runner.PostProcessingPipeline[0]
      running zzzUnity.Burst.CodeGen.BurstILPostProcessor
[40m[32minfo[39m[22m[49m: Unity.ILPP.Runner.PostProcessingPipeline[0]
      running zzzUnity.Burst.CodeGen.BurstILPostProcessor
[40m[32minfo[39m[22m[49m: Unity.ILPP.Runner.PostProcessingPipeline[0]
      running zzzUnity.Burst.CodeGen.BurstILPostProcessor
[40m[32minfo[39m[22m[49m: Unity.ILPP.Runner.PostProcessingAssemblyLoadContext[0]
      Resolved Unity.Collections, Version=0.0.0.0, Culture=neutral, PublicKeyToken=null with Library/Bee/artifacts/2400b0aE.dag/Unity.Collections.dll
[40m[32minfo[39m[22m[49m: Microsoft.AspNetCore.Hosting.Diagnostics[1]
      Request starting HTTP/2 POST http://ilpp/UnityILPP.PostProcessing/PostProcessAssembly application/grpc -
[40m[32minfo[39m[22m[49m: Microsoft.AspNetCore.Hosting.Diagnostics[1]
      Request starting HTTP/2 POST http://ilpp/UnityILPP.PostProcessing/PostProcessAssembly application/grpc -
[40m[32minfo[39m[22m[49m: Microsoft.AspNetCore.Routing.EndpointMiddleware[0]
      Executing endpoint 'gRPC - /UnityILPP.PostProcessing/PostProcessAssembly'
[40m[32minfo[39m[22m[49m: Microsoft.AspNetCore.Routing.EndpointMiddleware[0]
      Executing endpoint 'gRPC - /UnityILPP.PostProcessing/PostProcessAssembly'
[40m[32minfo[39m[22m[49m: Unity.ILPP.Runner.PostProcessingPipeline[0]
      Processing assembly Library/Bee/artifacts/2400b0aE.dag/Extensions.Unity.PlayerPrefsEx.dll, with 133 defines and 285 references
[40m[32minfo[39m[22m[49m: Unity.ILPP.Runner.PostProcessingPipeline[0]
      Processing assembly Library/Bee/artifacts/2400b0aE.dag/Unity.AppUI.dll, with 139 defines and 284 references
[40m[32minfo[39m[22m[49m: Unity.ILPP.Runner.PostProcessingPipeline[0]
      processors: Unity.Jobs.CodeGen.JobsILPostProcessor, zzzUnity.Burst.CodeGen.BurstILPostProcessor
[40m[32minfo[39m[22m[49m: Unity.ILPP.Runner.PostProcessingPipeline[0]
      processors: Unity.Jobs.CodeGen.JobsILPostProcessor, zzzUnity.Burst.CodeGen.BurstILPostProcessor
[40m[32minfo[39m[22m[49m: Unity.ILPP.Runner.PostProcessingPipeline[0]
      running Unity.Jobs.CodeGen.JobsILPostProcessor
[40m[32minfo[39m[22m[49m: Unity.ILPP.Runner.PostProcessingPipeline[0]
      running zzzUnity.Burst.CodeGen.BurstILPostProcessor
[40m[32minfo[39m[22m[49m: Unity.ILPP.Runner.PostProcessingPipeline[0]
      running Unity.Jobs.CodeGen.JobsILPostProcessor
[40m[32minfo[39m[22m[49m: Unity.ILPP.Runner.PostProcessingPipeline[0]
      running zzzUnity.Burst.CodeGen.BurstILPostProcessor
[40m[32minfo[39m[22m[49m: Microsoft.AspNetCore.Routing.EndpointMiddleware[1]
      Executed endpoint 'gRPC - /UnityILPP.PostProcessing/PostProcessAssembly'
[40m[32minfo[39m[22m[49m: Microsoft.AspNetCore.Routing.EndpointMiddleware[1]
      Executed endpoint 'gRPC - /UnityILPP.PostProcessing/PostProcessAssembly'
[40m[32minfo[39m[22m[49m: Microsoft.AspNetCore.Routing.EndpointMiddleware[1]
      Executed endpoint 'gRPC - /UnityILPP.PostProcessing/PostProcessAssembly'
[40m[32minfo[39m[22m[49m: Microsoft.AspNetCore.Routing.EndpointMiddleware[1]
      Executed endpoint 'gRPC - /UnityILPP.PostProcessing/PostProcessAssembly'
[40m[32minfo[39m[22m[49m: Microsoft.AspNetCore.Routing.EndpointMiddleware[1]
      Executed endpoint 'gRPC - /UnityILPP.PostProcessing/PostProcessAssembly'
[40m[32minfo[39m[22m[49m: Microsoft.AspNetCore.Routing.EndpointMiddleware[1]
      Executed endpoint 'gRPC - /UnityILPP.PostProcessing/PostProcessAssembly'
[40m[32minfo[39m[22m[49m: Microsoft.AspNetCore.Routing.EndpointMiddleware[1]
      Executed endpoint 'gRPC - /UnityILPP.PostProcessing/PostProcessAssembly'
[40m[32minfo[39m[22m[49m: Microsoft.AspNetCore.Routing.EndpointMiddleware[1]
      Executed endpoint 'gRPC - /UnityILPP.PostProcessing/PostProcessAssembly'
[40m[32minfo[39m[22m[49m: Microsoft.AspNetCore.Routing.EndpointMiddleware[1]
      Executed endpoint 'gRPC - /UnityILPP.PostProcessing/PostProcessAssembly'
[40m[32minfo[39m[22m[49m: Microsoft.AspNetCore.Routing.EndpointMiddleware[1]
      Executed endpoint 'gRPC - /UnityILPP.PostProcessing/PostProcessAssembly'
[40m[32minfo[39m[22m[49m: Microsoft.AspNetCore.Routing.EndpointMiddleware[1]
      Executed endpoint 'gRPC - /UnityILPP.PostProcessing/PostProcessAssembly'
[40m[32minfo[39m[22m[49m: Microsoft.AspNetCore.Routing.EndpointMiddleware[1]
      Executed endpoint 'gRPC - /UnityILPP.PostProcessing/PostProcessAssembly'
[40m[32minfo[39m[22m[49m: Microsoft.AspNetCore.Routing.EndpointMiddleware[1]
      Executed endpoint 'gRPC - /UnityILPP.PostProcessing/PostProcessAssembly'
[40m[32minfo[39m[22m[49m: Microsoft.AspNetCore.Routing.EndpointMiddleware[1]
      Executed endpoint 'gRPC - /UnityILPP.PostProcessing/PostProcessAssembly'
[40m[32minfo[39m[22m[49m: Microsoft.AspNetCore.Routing.EndpointMiddleware[1]
      Executed endpoint 'gRPC - /UnityILPP.PostProcessing/PostProcessAssembly'
[40m[32minfo[39m[22m[49m: Microsoft.AspNetCore.Routing.EndpointMiddleware[1]
      Executed endpoint 'gRPC - /UnityILPP.PostProcessing/PostProcessAssembly'
[40m[32minfo[39m[22m[49m: Microsoft.AspNetCore.Routing.EndpointMiddleware[1]
      Executed endpoint 'gRPC - /UnityILPP.PostProcessing/PostProcessAssembly'
[40m[32minfo[39m[22m[49m: Microsoft.AspNetCore.Routing.EndpointMiddleware[1]
      Executed endpoint 'gRPC - /UnityILPP.PostProcessing/PostProcessAssembly'
[40m[32minfo[39m[22m[49m: Microsoft.AspNetCore.Hosting.Diagnostics[2]
      Request finished HTTP/2 POST http://ilpp/UnityILPP.PostProcessing/PostProcessAssembly application/grpc - - 200 - application/grpc 2.4247ms
[40m[32minfo[39m[22m[49m: Microsoft.AspNetCore.Hosting.Diagnostics[2]
      Request finished HTTP/2 POST http://ilpp/UnityILPP.PostProcessing/PostProcessAssembly application/grpc - - 200 - application/grpc 42.2651ms
[40m[32minfo[39m[22m[49m: Microsoft.AspNetCore.Hosting.Diagnostics[2]
      Request finished HTTP/2 POST http://ilpp/UnityILPP.PostProcessing/PostProcessAssembly application/grpc - - 200 - application/grpc 39.6088ms
[40m[32minfo[39m[22m[49m: Microsoft.AspNetCore.Hosting.Diagnostics[2]
      Request finished HTTP/2 POST http://ilpp/UnityILPP.PostProcessing/PostProcessAssembly application/grpc - - 200 - application/grpc 38.1979ms
[40m[32minfo[39m[22m[49m: Microsoft.AspNetCore.Hosting.Diagnostics[2]
      Request finished HTTP/2 POST http://ilpp/UnityILPP.PostProcessing/PostProcessAssembly application/grpc - - 200 - application/grpc 37.6842ms
[40m[32minfo[39m[22m[49m: Microsoft.AspNetCore.Hosting.Diagnostics[2]
      Request finished HTTP/2 POST http://ilpp/UnityILPP.PostProcessing/PostProcessAssembly application/grpc - - 200 - application/grpc 38.9988ms
[40m[32minfo[39m[22m[49m: Microsoft.AspNetCore.Hosting.Diagnostics[2]
      Request finished HTTP/2 POST http://ilpp/UnityILPP.PostProcessing/PostProcessAssembly application/grpc - - 200 - application/grpc 42.7299ms
[40m[32minfo[39m[22m[49m: Microsoft.AspNetCore.Hosting.Diagnostics[2]
      Request finished HTTP/2 POST http://ilpp/UnityILPP.PostProcessing/PostProcessAssembly application/grpc - - 200 - application/grpc 39.1494ms
[40m[32minfo[39m[22m[49m: Microsoft.AspNetCore.Hosting.Diagnostics[2]
      Request finished HTTP/2 POST http://ilpp/UnityILPP.PostProcessing/PostProcessAssembly application/grpc - - 200 - application/grpc 39.0418ms
[40m[32minfo[39m[22m[49m: Microsoft.AspNetCore.Hosting.Diagnostics[2]
      Request finished HTTP/2 POST http://ilpp/UnityILPP.PostProcessing/PostProcessAssembly application/grpc - - 200 - application/grpc 40.3458ms
[40m[32minfo[39m[22m[49m: Microsoft.AspNetCore.Hosting.Diagnostics[2]
      Request finished HTTP/2 POST http://ilpp/UnityILPP.PostProcessing/PostProcessAssembly application/grpc - - 200 - application/grpc 38.2989ms
[40m[32minfo[39m[22m[49m: Microsoft.AspNetCore.Hosting.Diagnostics[2]
      Request finished HTTP/2 POST http://ilpp/UnityILPP.PostProcessing/PostProcessAssembly application/grpc - - 200 - application/grpc 42.2540ms
[40m[32minfo[39m[22m[49m: Microsoft.AspNetCore.Hosting.Diagnostics[2]
      Request finished HTTP/2 POST http://ilpp/UnityILPP.PostProcessing/PostProcessAssembly application/grpc - - 200 - application/grpc 40.2891ms
[40m[32minfo[39m[22m[49m: Microsoft.AspNetCore.Hosting.Diagnostics[2]
      Request finished HTTP/2 POST http://ilpp/UnityILPP.PostProcessing/PostProcessAssembly application/grpc - - 200 - application/grpc 35.9870ms
[40m[32minfo[39m[22m[49m: Microsoft.AspNetCore.Hosting.Diagnostics[2]
      Request finished HTTP/2 POST http://ilpp/UnityILPP.PostProcessing/PostProcessAssembly application/grpc - - 200 - application/grpc 2.6278ms
[40m[32minfo[39m[22m[49m: Microsoft.AspNetCore.Hosting.Diagnostics[2]
      Request finished HTTP/2 POST http://ilpp/UnityILPP.PostProcessing/PostProcessAssembly application/grpc - - 200 - application/grpc 40.5079ms
[40m[32minfo[39m[22m[49m: Microsoft.AspNetCore.Hosting.Diagnostics[2]
      Request finished HTTP/2 POST http://ilpp/UnityILPP.PostProcessing/PostProcessAssembly application/grpc - - 200 - application/grpc 38.4850ms
[40m[32minfo[39m[22m[49m: Microsoft.AspNetCore.Hosting.Diagnostics[2]
      Request finished HTTP/2 POST http://ilpp/UnityILPP.PostProcessing/PostProcessAssembly application/grpc - - 200 - application/grpc 37.9323ms
[40m[32minfo[39m[22m[49m: Microsoft.AspNetCore.Hosting.Diagnostics[1]
      Request starting HTTP/2 POST http://ilpp/UnityILPP.PostProcessing/PostProcessAssembly application/grpc -
[40m[32minfo[39m[22m[49m: Microsoft.AspNetCore.Routing.EndpointMiddleware[0]
      Executing endpoint 'gRPC - /UnityILPP.PostProcessing/PostProcessAssembly'
[40m[32minfo[39m[22m[49m: Unity.ILPP.Runner.PostProcessingPipeline[0]
      Processing assembly Library/Bee/artifacts/2400b0aE.dag/Unity.Addressables.Editor.dll, with 132 defines and 322 references
[40m[32minfo[39m[22m[49m: Unity.ILPP.Runner.PostProcessingPipeline[0]
      processors: Unity.Jobs.CodeGen.JobsILPostProcessor, zzzUnity.Burst.CodeGen.BurstILPostProcessor
[40m[32minfo[39m[22m[49m: Unity.ILPP.Runner.PostProcessingPipeline[0]
      running Unity.Jobs.CodeGen.JobsILPostProcessor
[40m[32minfo[39m[22m[49m: Unity.ILPP.Runner.PostProcessingPipeline[0]
      running zzzUnity.Burst.CodeGen.BurstILPostProcessor
[40m[32minfo[39m[22m[49m: Microsoft.AspNetCore.Routing.EndpointMiddleware[1]
      Executed endpoint 'gRPC - /UnityILPP.PostProcessing/PostProcessAssembly'
[40m[32minfo[39m[22m[49m: Microsoft.AspNetCore.Hosting.Diagnostics[2]
      Request finished HTTP/2 POST http://ilpp/UnityILPP.PostProcessing/PostProcessAssembly application/grpc - - 200 - application/grpc 2.9462ms
[40m[32minfo[39m[22m[49m: Microsoft.AspNetCore.Hosting.Diagnostics[1]
      Request starting HTTP/2 POST http://ilpp/UnityILPP.PostProcessing/PostProcessAssembly application/grpc -
[40m[32minfo[39m[22m[49m: Microsoft.AspNetCore.Routing.EndpointMiddleware[0]
      Executing endpoint 'gRPC - /UnityILPP.PostProcessing/PostProcessAssembly'
[40m[32minfo[39m[22m[49m: Unity.ILPP.Runner.PostProcessingPipeline[0]
      Processing assembly Library/Bee/artifacts/2400b0aE.dag/Unity.InferenceEngine.ONNX.Editor.dll, with 131 defines and 267 references
[40m[32minfo[39m[22m[49m: Unity.ILPP.Runner.PostProcessingPipeline[0]
      processors: Unity.Jobs.CodeGen.JobsILPostProcessor, zzzUnity.Burst.CodeGen.BurstILPostProcessor
[40m[32minfo[39m[22m[49m: Unity.ILPP.Runner.PostProcessingPipeline[0]
      running Unity.Jobs.CodeGen.JobsILPostProcessor
[40m[32minfo[39m[22m[49m: Unity.ILPP.Runner.PostProcessingPipeline[0]
      running zzzUnity.Burst.CodeGen.BurstILPostProcessor
[40m[32minfo[39m[22m[49m: Microsoft.AspNetCore.Routing.EndpointMiddleware[1]
      Executed endpoint 'gRPC - /UnityILPP.PostProcessing/PostProcessAssembly'
[40m[32minfo[39m[22m[49m: Microsoft.AspNetCore.Hosting.Diagnostics[2]
      Request finished HTTP/2 POST http://ilpp/UnityILPP.PostProcessing/PostProcessAssembly application/grpc - - 200 - application/grpc 0.5567ms
[40m[32minfo[39m[22m[49m: Microsoft.AspNetCore.Hosting.Diagnostics[1]
      Request starting HTTP/2 POST http://ilpp/UnityILPP.PostProcessing/PostProcessAssembly application/grpc -
[40m[32minfo[39m[22m[49m: Microsoft.AspNetCore.Routing.EndpointMiddleware[0]
      Executing endpoint 'gRPC - /UnityILPP.PostProcessing/PostProcessAssembly'
[40m[32minfo[39m[22m[49m: Unity.ILPP.Runner.PostProcessingPipeline[0]
      Processing assembly Library/Bee/artifacts/2400b0aE.dag/Unity.AI.Assistant.Tools.Editor.dll, with 131 defines and 281 references
[40m[32minfo[39m[22m[49m: Unity.ILPP.Runner.PostProcessingPipeline[0]
      processors: Unity.Jobs.CodeGen.JobsILPostProcessor, zzzUnity.Burst.CodeGen.BurstILPostProcessor
[40m[32minfo[39m[22m[49m: Unity.ILPP.Runner.PostProcessingPipeline[0]
      running Unity.Jobs.CodeGen.JobsILPostProcessor
[40m[32minfo[39m[22m[49m: Unity.ILPP.Runner.PostProcessingPipeline[0]
      running zzzUnity.Burst.CodeGen.BurstILPostProcessor
[40m[32minfo[39m[22m[49m: Microsoft.AspNetCore.Routing.EndpointMiddleware[1]
      Executed endpoint 'gRPC - /UnityILPP.PostProcessing/PostProcessAssembly'
[40m[32minfo[39m[22m[49m: Microsoft.AspNetCore.Hosting.Diagnostics[2]
      Request finished HTTP/2 POST http://ilpp/UnityILPP.PostProcessing/PostProcessAssembly application/grpc - - 200 - application/grpc 3.8189ms
[40m[32minfo[39m[22m[49m: Microsoft.AspNetCore.Hosting.Diagnostics[1]
      Request starting HTTP/2 POST http://ilpp/UnityILPP.PostProcessing/PostProcessAssembly application/grpc -
[40m[32minfo[39m[22m[49m: Microsoft.AspNetCore.Routing.EndpointMiddleware[0]
      Executing endpoint 'gRPC - /UnityILPP.PostProcessing/PostProcessAssembly'
[40m[32minfo[39m[22m[49m: Unity.ILPP.Runner.PostProcessingPipeline[0]
      Processing assembly Library/Bee/artifacts/2400b0aE.dag/Unity.AI.Assistant.API.Editor.dll, with 131 defines and 322 references
[40m[32minfo[39m[22m[49m: Unity.ILPP.Runner.PostProcessingPipeline[0]
      processors: Unity.Jobs.CodeGen.JobsILPostProcessor, zzzUnity.Burst.CodeGen.BurstILPostProcessor
[40m[32minfo[39m[22m[49m: Unity.ILPP.Runner.PostProcessingPipeline[0]
      running Unity.Jobs.CodeGen.JobsILPostProcessor
[40m[32minfo[39m[22m[49m: Unity.ILPP.Runner.PostProcessingPipeline[0]
      running zzzUnity.Burst.CodeGen.BurstILPostProcessor
[40m[32minfo[39m[22m[49m: Microsoft.AspNetCore.Routing.EndpointMiddleware[1]
      Executed endpoint 'gRPC - /UnityILPP.PostProcessing/PostProcessAssembly'
[40m[32minfo[39m[22m[49m: Microsoft.AspNetCore.Hosting.Diagnostics[2]
      Request finished HTTP/2 POST http://ilpp/UnityILPP.PostProcessing/PostProcessAssembly application/grpc - - 200 - application/grpc 0.9243ms
[40m[32minfo[39m[22m[49m: Microsoft.AspNetCore.Hosting.Diagnostics[1]
      Request starting HTTP/2 POST http://ilpp/UnityILPP.PostProcessing/PostProcessAssembly application/grpc -
[40m[32minfo[39m[22m[49m: Microsoft.AspNetCore.Routing.EndpointMiddleware[0]
      Executing endpoint 'gRPC - /UnityILPP.PostProcessing/PostProcessAssembly'
[40m[32minfo[39m[22m[49m: Unity.ILPP.Runner.PostProcessingPipeline[0]
      Processing assembly Library/Bee/artifacts/2400b0aE.dag/Unity.AI.Toolkit.Asset.dll, with 131 defines and 319 references
[40m[32minfo[39m[22m[49m: Unity.ILPP.Runner.PostProcessingPipeline[0]
      processors: Unity.Jobs.CodeGen.JobsILPostProcessor, zzzUnity.Burst.CodeGen.BurstILPostProcessor
[40m[32minfo[39m[22m[49m: Unity.ILPP.Runner.PostProcessingPipeline[0]
      running Unity.Jobs.CodeGen.JobsILPostProcessor
[40m[32minfo[39m[22m[49m: Unity.ILPP.Runner.PostProcessingPipeline[0]
      running zzzUnity.Burst.CodeGen.BurstILPostProcessor
[40m[32minfo[39m[22m[49m: Microsoft.AspNetCore.Routing.EndpointMiddleware[1]
      Executed endpoint 'gRPC - /UnityILPP.PostProcessing/PostProcessAssembly'
[40m[32minfo[39m[22m[49m: Microsoft.AspNetCore.Hosting.Diagnostics[2]
      Request finished HTTP/2 POST http://ilpp/UnityILPP.PostProcessing/PostProcessAssembly application/grpc - - 200 - application/grpc 0.9884ms
[40m[32minfo[39m[22m[49m: Microsoft.AspNetCore.Hosting.Diagnostics[1]
      Request starting HTTP/2 POST http://ilpp/UnityILPP.PostProcessing/PostProcessAssembly application/grpc -
[40m[32minfo[39m[22m[49m: Microsoft.AspNetCore.Hosting.Diagnostics[1]
      Request starting HTTP/2 POST http://ilpp/UnityILPP.PostProcessing/PostProcessAssembly application/grpc -
[40m[32minfo[39m[22m[49m: Microsoft.AspNetCore.Routing.EndpointMiddleware[0]
      Executing endpoint 'gRPC - /UnityILPP.PostProcessing/PostProcessAssembly'
[40m[32minfo[39m[22m[49m: Microsoft.AspNetCore.Routing.EndpointMiddleware[0]
      Executing endpoint 'gRPC - /UnityILPP.PostProcessing/PostProcessAssembly'
[40m[32minfo[39m[22m[49m: Unity.ILPP.Runner.PostProcessingPipeline[0]
      Processing assembly Library/Bee/artifacts/2400b0aE.dag/Unity.AI.Assistant.Annotations.Editor.dll, with 131 defines and 318 references
[40m[32minfo[39m[22m[49m: Unity.ILPP.Runner.PostProcessingPipeline[0]
      Processing assembly Library/Bee/artifacts/2400b0aE.dag/Unity.Toolchain.Linux-x86_64-Linux.dll, with 131 defines and 319 references
[40m[32minfo[39m[22m[49m: Unity.ILPP.Runner.PostProcessingPipeline[0]
      processors: Unity.Jobs.CodeGen.JobsILPostProcessor, zzzUnity.Burst.CodeGen.BurstILPostProcessor
[40m[32minfo[39m[22m[49m: Unity.ILPP.Runner.PostProcessingPipeline[0]
      processors: Unity.Jobs.CodeGen.JobsILPostProcessor, zzzUnity.Burst.CodeGen.BurstILPostProcessor
[40m[32minfo[39m[22m[49m: Microsoft.AspNetCore.Hosting.Diagnostics[1]
      Request starting HTTP/2 POST http://ilpp/UnityILPP.PostProcessing/PostProcessAssembly application/grpc -
[40m[32minfo[39m[22m[49m: Microsoft.AspNetCore.Routing.EndpointMiddleware[0]
      Executing endpoint 'gRPC - /UnityILPP.PostProcessing/PostProcessAssembly'
[40m[32minfo[39m[22m[49m: Unity.ILPP.Runner.PostProcessingPipeline[0]
      running Unity.Jobs.CodeGen.JobsILPostProcessor
[40m[32minfo[39m[22m[49m: Unity.ILPP.Runner.PostProcessingPipeline[0]
      running zzzUnity.Burst.CodeGen.BurstILPostProcessor
[40m[32minfo[39m[22m[49m: Unity.ILPP.Runner.PostProcessingPipeline[0]
      running Unity.Jobs.CodeGen.JobsILPostProcessor
[40m[32minfo[39m[22m[49m: Unity.ILPP.Runner.PostProcessingPipeline[0]
      running zzzUnity.Burst.CodeGen.BurstILPostProcessor
[40m[32minfo[39m[22m[49m: Microsoft.AspNetCore.Routing.EndpointMiddleware[1]
      Executed endpoint 'gRPC - /UnityILPP.PostProcessing/PostProcessAssembly'
[40m[32minfo[39m[22m[49m: Microsoft.AspNetCore.Hosting.Diagnostics[2]
      Request finished HTTP/2 POST http://ilpp/UnityILPP.PostProcessing/PostProcessAssembly application/grpc - - 200 - application/grpc 0.9235ms
[40m[32minfo[39m[22m[49m: Unity.ILPP.Runner.PostProcessingPipeline[0]
      Processing assembly Library/Bee/artifacts/2400b0aE.dag/Unity.AI.Toolkit.Utility.dll, with 131 defines and 318 references
[40m[32minfo[39m[22m[49m: Unity.ILPP.Runner.PostProcessingPipeline[0]
      processors: Unity.Jobs.CodeGen.JobsILPostProcessor, zzzUnity.Burst.CodeGen.BurstILPostProcessor
[40m[32minfo[39m[22m[49m: Unity.ILPP.Runner.PostProcessingPipeline[0]
      running Unity.Jobs.CodeGen.JobsILPostProcessor
[40m[32minfo[39m[22m[49m: Unity.ILPP.Runner.PostProcessingPipeline[0]
      running zzzUnity.Burst.CodeGen.BurstILPostProcessor
[40m[32minfo[39m[22m[49m: Microsoft.AspNetCore.Hosting.Diagnostics[1]
      Request starting HTTP/2 POST http://ilpp/UnityILPP.PostProcessing/PostProcessAssembly application/grpc -
[40m[32minfo[39m[22m[49m: Microsoft.AspNetCore.Routing.EndpointMiddleware[0]
      Executing endpoint 'gRPC - /UnityILPP.PostProcessing/PostProcessAssembly'
[40m[32minfo[39m[22m[49m: Unity.ILPP.Runner.PostProcessingPipeline[0]
      Processing assembly Library/Bee/artifacts/2400b0aE.dag/HFDownloader.dll, with 131 defines and 267 references
[40m[32minfo[39m[22m[49m: Unity.ILPP.Runner.PostProcessingPipeline[0]
      processors: Unity.Jobs.CodeGen.JobsILPostProcessor, zzzUnity.Burst.CodeGen.BurstILPostProcessor
[40m[32minfo[39m[22m[49m: Microsoft.AspNetCore.Routing.EndpointMiddleware[1]
      Executed endpoint 'gRPC - /UnityILPP.PostProcessing/PostProcessAssembly'
[40m[32minfo[39m[22m[49m: Microsoft.AspNetCore.Hosting.Diagnostics[2]
      Request finished HTTP/2 POST http://ilpp/UnityILPP.PostProcessing/PostProcessAssembly application/grpc - - 200 - application/grpc 1.8395ms
[40m[32minfo[39m[22m[49m: Unity.ILPP.Runner.PostProcessingPipeline[0]
      running Unity.Jobs.CodeGen.JobsILPostProcessor
[40m[32minfo[39m[22m[49m: Microsoft.AspNetCore.Routing.EndpointMiddleware[1]
      Executed endpoint 'gRPC - /UnityILPP.PostProcessing/PostProcessAssembly'
[40m[32minfo[39m[22m[49m: Unity.ILPP.Runner.PostProcessingPipeline[0]
      running zzzUnity.Burst.CodeGen.BurstILPostProcessor
[40m[32minfo[39m[22m[49m: Microsoft.AspNetCore.Hosting.Diagnostics[2]
      Request finished HTTP/2 POST http://ilpp/UnityILPP.PostProcessing/PostProcessAssembly application/grpc - - 200 - application/grpc 1.4187ms
[40m[32minfo[39m[22m[49m: Microsoft.AspNetCore.Routing.EndpointMiddleware[1]
      Executed endpoint 'gRPC - /UnityILPP.PostProcessing/PostProcessAssembly'
[40m[32minfo[39m[22m[49m: Microsoft.AspNetCore.Hosting.Diagnostics[2]
      Request finished HTTP/2 POST http://ilpp/UnityILPP.PostProcessing/PostProcessAssembly application/grpc - - 200 - application/grpc 0.6715ms
[40m[32minfo[39m[22m[49m: Microsoft.AspNetCore.Hosting.Diagnostics[1]
      Request starting HTTP/2 POST http://ilpp/UnityILPP.PostProcessing/PostProcessAssembly application/grpc -
[40m[32minfo[39m[22m[49m: Microsoft.AspNetCore.Routing.EndpointMiddleware[0]
      Executing endpoint 'gRPC - /UnityILPP.PostProcessing/PostProcessAssembly'
[40m[32minfo[39m[22m[49m: Unity.ILPP.Runner.PostProcessingPipeline[0]
      Processing assembly Library/Bee/artifacts/2400b0aE.dag/Unity.Burst.Editor.dll, with 131 defines and 319 references
[40m[32minfo[39m[22m[49m: Unity.ILPP.Runner.PostProcessingPipeline[0]
      processors: Unity.Jobs.CodeGen.JobsILPostProcessor, zzzUnity.Burst.CodeGen.BurstILPostProcessor
[40m[32minfo[39m[22m[49m: Unity.ILPP.Runner.PostProcessingPipeline[0]
      running Unity.Jobs.CodeGen.JobsILPostProcessor
[40m[32minfo[39m[22m[49m: Unity.ILPP.Runner.PostProcessingPipeline[0]
      running zzzUnity.Burst.CodeGen.BurstILPostProcessor
[40m[32minfo[39m[22m[49m: Microsoft.AspNetCore.Hosting.Diagnostics[1]
      Request starting HTTP/2 POST http://ilpp/UnityILPP.PostProcessing/PostProcessAssembly application/grpc -
[40m[32minfo[39m[22m[49m: Microsoft.AspNetCore.Hosting.Diagnostics[1]
      Request starting HTTP/2 POST http://ilpp/UnityILPP.PostProcessing/PostProcessAssembly application/grpc -
[40m[32minfo[39m[22m[49m: Microsoft.AspNetCore.Routing.EndpointMiddleware[0]
      Executing endpoint 'gRPC - /UnityILPP.PostProcessing/PostProcessAssembly'
[40m[32minfo[39m[22m[49m: Microsoft.AspNetCore.Routing.EndpointMiddleware[0]
      Executing endpoint 'gRPC - /UnityILPP.PostProcessing/PostProcessAssembly'
[40m[32minfo[39m[22m[49m: Unity.ILPP.Runner.PostProcessingPipeline[0]
      Processing assembly Library/Bee/artifacts/2400b0aE.dag/Unity.AppUI.Redux.Editor.dll, with 134 defines and 270 references
[40m[32minfo[39m[22m[49m: Unity.ILPP.Runner.PostProcessingPipeline[0]
      Processing assembly Library/Bee/artifacts/2400b0aE.dag/Unity.AI.Toolkit.Async.dll, with 131 defines and 318 references
[40m[32minfo[39m[22m[49m: Unity.ILPP.Runner.PostProcessingPipeline[0]
      processors: Unity.Jobs.CodeGen.JobsILPostProcessor, zzzUnity.Burst.CodeGen.BurstILPostProcessor
[40m[32minfo[39m[22m[49m: Unity.ILPP.Runner.PostProcessingPipeline[0]
      processors: Unity.Jobs.CodeGen.JobsILPostProcessor, zzzUnity.Burst.CodeGen.BurstILPostProcessor
[40m[32minfo[39m[22m[49m: Unity.ILPP.Runner.PostProcessingPipeline[0]
      running Unity.Jobs.CodeGen.JobsILPostProcessor
[40m[32minfo[39m[22m[49m: Unity.ILPP.Runner.PostProcessingPipeline[0]
      running Unity.Jobs.CodeGen.JobsILPostProcessor
[40m[32minfo[39m[22m[49m: Unity.ILPP.Runner.PostProcessingPipeline[0]
      running zzzUnity.Burst.CodeGen.BurstILPostProcessor
[40m[32minfo[39m[22m[49m: Unity.ILPP.Runner.PostProcessingPipeline[0]
      running zzzUnity.Burst.CodeGen.BurstILPostProcessor
[40m[32minfo[39m[22m[49m: Microsoft.AspNetCore.Routing.EndpointMiddleware[1]
      Executed endpoint 'gRPC - /UnityILPP.PostProcessing/PostProcessAssembly'
[40m[32minfo[39m[22m[49m: Microsoft.AspNetCore.Hosting.Diagnostics[1]
      Request starting HTTP/2 POST http://ilpp/UnityILPP.PostProcessing/PostProcessAssembly application/grpc -
[40m[32minfo[39m[22m[49m: Microsoft.AspNetCore.Routing.EndpointMiddleware[0]
      Executing endpoint 'gRPC - /UnityILPP.PostProcessing/PostProcessAssembly'
[40m[32minfo[39m[22m[49m: Microsoft.AspNetCore.Hosting.Diagnostics[2]
      Request finished HTTP/2 POST http://ilpp/UnityILPP.PostProcessing/PostProcessAssembly application/grpc - - 200 - application/grpc 1.0426ms
[40m[32minfo[39m[22m[49m: Microsoft.AspNetCore.Routing.EndpointMiddleware[1]
      Executed endpoint 'gRPC - /UnityILPP.PostProcessing/PostProcessAssembly'
[40m[32minfo[39m[22m[49m: Unity.ILPP.Runner.PostProcessingPipeline[0]
      Processing assembly Library/Bee/artifacts/2400b0aE.dag/Unity.Mathematics.Editor.dll, with 131 defines and 319 references
[40m[32minfo[39m[22m[49m: Microsoft.AspNetCore.Hosting.Diagnostics[2]
      Request finished HTTP/2 POST http://ilpp/UnityILPP.PostProcessing/PostProcessAssembly application/grpc - - 200 - application/grpc 1.1432ms
[40m[32minfo[39m[22m[49m: Unity.ILPP.Runner.PostProcessingPipeline[0]
      processors: Unity.Jobs.CodeGen.JobsILPostProcessor, zzzUnity.Burst.CodeGen.BurstILPostProcessor
[40m[32minfo[39m[22m[49m: Unity.ILPP.Runner.PostProcessingPipeline[0]
      running Unity.Jobs.CodeGen.JobsILPostProcessor
[40m[32minfo[39m[22m[49m: Unity.ILPP.Runner.PostProcessingPipeline[0]
      running zzzUnity.Burst.CodeGen.BurstILPostProcessor
[40m[32minfo[39m[22m[49m: Microsoft.AspNetCore.Routing.EndpointMiddleware[1]
      Executed endpoint 'gRPC - /UnityILPP.PostProcessing/PostProcessAssembly'
[40m[32minfo[39m[22m[49m: Microsoft.AspNetCore.Hosting.Diagnostics[2]
      Request finished HTTP/2 POST http://ilpp/UnityILPP.PostProcessing/PostProcessAssembly application/grpc - - 200 - application/grpc 0.6336ms
[40m[32minfo[39m[22m[49m: Microsoft.AspNetCore.Hosting.Diagnostics[1]
      Request starting HTTP/2 POST http://ilpp/UnityILPP.PostProcessing/PostProcessAssembly application/grpc -
[40m[32minfo[39m[22m[49m: Microsoft.AspNetCore.Routing.EndpointMiddleware[0]
      Executing endpoint 'gRPC - /UnityILPP.PostProcessing/PostProcessAssembly'
[40m[32minfo[39m[22m[49m: Unity.ILPP.Runner.PostProcessingPipeline[0]
      Processing assembly Library/Bee/artifacts/2400b0aE.dag/Unity.InferenceEngine.Microsoft.Msagl.dll, with 131 defines and 318 references
[40m[32minfo[39m[22m[49m: Unity.ILPP.Runner.PostProcessingPipeline[0]
      processors: Unity.Jobs.CodeGen.JobsILPostProcessor, zzzUnity.Burst.CodeGen.BurstILPostProcessor
[40m[32minfo[39m[22m[49m: Microsoft.AspNetCore.Hosting.Diagnostics[1]
      Request starting HTTP/2 POST http://ilpp/UnityILPP.PostProcessing/PostProcessAssembly application/grpc -
[40m[32minfo[39m[22m[49m: Microsoft.AspNetCore.Routing.EndpointMiddleware[0]
      Executing endpoint 'gRPC - /UnityILPP.PostProcessing/PostProcessAssembly'
[40m[32minfo[39m[22m[49m: Unity.ILPP.Runner.PostProcessingPipeline[0]
      Processing assembly Library/Bee/artifacts/2400b0aE.dag/Unity.AI.Toolkit.Compliance.dll, with 131 defines and 318 references
[40m[32minfo[39m[22m[49m: Unity.ILPP.Runner.PostProcessingPipeline[0]
      running Unity.Jobs.CodeGen.JobsILPostProcessor
[40m[32minfo[39m[22m[49m: Unity.ILPP.Runner.PostProcessingPipeline[0]
      processors: Unity.Jobs.CodeGen.JobsILPostProcessor, zzzUnity.Burst.CodeGen.BurstILPostProcessor
[40m[32minfo[39m[22m[49m: Unity.ILPP.Runner.PostProcessingPipeline[0]
      running zzzUnity.Burst.CodeGen.BurstILPostProcessor
[40m[32minfo[39m[22m[49m: Unity.ILPP.Runner.PostProcessingPipeline[0]
      running Unity.Jobs.CodeGen.JobsILPostProcessor
[40m[32minfo[39m[22m[49m: Unity.ILPP.Runner.PostProcessingPipeline[0]
      running zzzUnity.Burst.CodeGen.BurstILPostProcessor
[40m[32minfo[39m[22m[49m: Microsoft.AspNetCore.Routing.EndpointMiddleware[1]
      Executed endpoint 'gRPC - /UnityILPP.PostProcessing/PostProcessAssembly'
[40m[32minfo[39m[22m[49m: Microsoft.AspNetCore.Hosting.Diagnostics[2]
      Request finished HTTP/2 POST http://ilpp/UnityILPP.PostProcessing/PostProcessAssembly application/grpc - - 200 - application/grpc 0.8148ms
[40m[32minfo[39m[22m[49m: Microsoft.AspNetCore.Routing.EndpointMiddleware[1]
      Executed endpoint 'gRPC - /UnityILPP.PostProcessing/PostProcessAssembly'
[40m[32minfo[39m[22m[49m: Microsoft.AspNetCore.Hosting.Diagnostics[2]
      Request finished HTTP/2 POST http://ilpp/UnityILPP.PostProcessing/PostProcessAssembly application/grpc - - 200 - application/grpc 3.7651ms
[40m[32minfo[39m[22m[49m: Microsoft.AspNetCore.Hosting.Diagnostics[1]
      Request starting HTTP/2 POST http://ilpp/UnityILPP.PostProcessing/PostProcessAssembly application/grpc -
[40m[32minfo[39m[22m[49m: Microsoft.AspNetCore.Routing.EndpointMiddleware[0]
      Executing endpoint 'gRPC - /UnityILPP.PostProcessing/PostProcessAssembly'
[40m[32minfo[39m[22m[49m: Unity.ILPP.Runner.PostProcessingPipeline[0]
      Processing assembly Library/Bee/artifacts/2400b0aE.dag/Unity.AutoGroupGenerator.Editor.dll, with 131 defines and 320 references
[40m[32minfo[39m[22m[49m: Unity.ILPP.Runner.PostProcessingPipeline[0]
      processors: Unity.Jobs.CodeGen.JobsILPostProcessor, zzzUnity.Burst.CodeGen.BurstILPostProcessor
[40m[32minfo[39m[22m[49m: Unity.ILPP.Runner.PostProcessingPipeline[0]
      running Unity.Jobs.CodeGen.JobsILPostProcessor
[40m[32minfo[39m[22m[49m: Unity.ILPP.Runner.PostProcessingPipeline[0]
      running zzzUnity.Burst.CodeGen.BurstILPostProcessor
[40m[32minfo[39m[22m[49m: Microsoft.AspNetCore.Routing.EndpointMiddleware[1]
      Executed endpoint 'gRPC - /UnityILPP.PostProcessing/PostProcessAssembly'
[40m[32minfo[39m[22m[49m: Microsoft.AspNetCore.Hosting.Diagnostics[2]
      Request finished HTTP/2 POST http://ilpp/UnityILPP.PostProcessing/PostProcessAssembly application/grpc - - 200 - application/grpc 4.3900ms
[40m[32minfo[39m[22m[49m: Microsoft.AspNetCore.Hosting.Diagnostics[1]
      Request starting HTTP/2 POST http://ilpp/UnityILPP.PostProcessing/PostProcessAssembly application/grpc -
[40m[32minfo[39m[22m[49m: Microsoft.AspNetCore.Routing.EndpointMiddleware[0]
      Executing endpoint 'gRPC - /UnityILPP.PostProcessing/PostProcessAssembly'
[40m[32minfo[39m[22m[49m: Unity.ILPP.Runner.PostProcessingPipeline[0]
      Processing assembly Library/Bee/artifacts/2400b0aE.dag/Unity.AI.Assistant.Integrations.Profiler.Editor.dll, with 131 defines and 323 references
[40m[32minfo[39m[22m[49m: Unity.ILPP.Runner.PostProcessingPipeline[0]
      processors: Unity.Jobs.CodeGen.JobsILPostProcessor, zzzUnity.Burst.CodeGen.BurstILPostProcessor
[40m[32minfo[39m[22m[49m: Unity.ILPP.Runner.PostProcessingPipeline[0]
      running Unity.Jobs.CodeGen.JobsILPostProcessor
[40m[32minfo[39m[22m[49m: Unity.ILPP.Runner.PostProcessingPipeline[0]
      running zzzUnity.Burst.CodeGen.BurstILPostProcessor
[40m[32minfo[39m[22m[49m: Microsoft.AspNetCore.Routing.EndpointMiddleware[1]
      Executed endpoint 'gRPC - /UnityILPP.PostProcessing/PostProcessAssembly'
[40m[32minfo[39m[22m[49m: Microsoft.AspNetCore.Hosting.Diagnostics[2]
      Request finished HTTP/2 POST http://ilpp/UnityILPP.PostProcessing/PostProcessAssembly application/grpc - - 200 - application/grpc 2.9322ms
[40m[32minfo[39m[22m[49m: Microsoft.AspNetCore.Hosting.Diagnostics[1]
      Request starting HTTP/2 POST http://ilpp/UnityILPP.PostProcessing/PostProcessAssembly application/grpc -
[40m[32minfo[39m[22m[49m: Microsoft.AspNetCore.Routing.EndpointMiddleware[0]
      Executing endpoint 'gRPC - /UnityILPP.PostProcessing/PostProcessAssembly'
[40m[32minfo[39m[22m[49m: Unity.ILPP.Runner.PostProcessingPipeline[0]
      Processing assembly Library/Bee/artifacts/2400b0aE.dag/Unity.Addressables.DocExampleCode.Editor.Tests.dll, with 133 defines and 270 references
[40m[32minfo[39m[22m[49m: Unity.ILPP.Runner.PostProcessingPipeline[0]
      processors: Unity.Jobs.CodeGen.JobsILPostProcessor, zzzUnity.Burst.CodeGen.BurstILPostProcessor
[40m[32minfo[39m[22m[49m: Unity.ILPP.Runner.PostProcessingPipeline[0]
      running Unity.Jobs.CodeGen.JobsILPostProcessor
[40m[32minfo[39m[22m[49m: Unity.ILPP.Runner.PostProcessingPipeline[0]
      running zzzUnity.Burst.CodeGen.BurstILPostProcessor
[40m[32minfo[39m[22m[49m: Microsoft.AspNetCore.Routing.EndpointMiddleware[1]
      Executed endpoint 'gRPC - /UnityILPP.PostProcessing/PostProcessAssembly'
[40m[32minfo[39m[22m[49m: Microsoft.AspNetCore.Hosting.Diagnostics[2]
      Request finished HTTP/2 POST http://ilpp/UnityILPP.PostProcessing/PostProcessAssembly application/grpc - - 200 - application/grpc 2.8280ms
[40m[32minfo[39m[22m[49m: Microsoft.AspNetCore.Hosting.Diagnostics[1]
      Request starting HTTP/2 POST http://ilpp/UnityILPP.PostProcessing/PostProcessAssembly application/grpc -
[40m[32minfo[39m[22m[49m: Microsoft.AspNetCore.Routing.EndpointMiddleware[0]
      Executing endpoint 'gRPC - /UnityILPP.PostProcessing/PostProcessAssembly'
[40m[32minfo[39m[22m[49m: Microsoft.AspNetCore.Hosting.Diagnostics[1]
      Request starting HTTP/2 POST http://ilpp/UnityILPP.PostProcessing/PostProcessAssembly application/grpc -
[40m[32minfo[39m[22m[49m: Microsoft.AspNetCore.Routing.EndpointMiddleware[0]
      Executing endpoint 'gRPC - /UnityILPP.PostProcessing/PostProcessAssembly'
[40m[32minfo[39m[22m[49m: Unity.ILPP.Runner.PostProcessingPipeline[0]
      Processing assembly Library/Bee/artifacts/2400b0aE.dag/Unity.AppUI.Editor.dll, with 133 defines and 321 references
[40m[32minfo[39m[22m[49m: Unity.ILPP.Runner.PostProcessingPipeline[0]
      processors: Unity.Jobs.CodeGen.JobsILPostProcessor, zzzUnity.Burst.CodeGen.BurstILPostProcessor
[40m[32minfo[39m[22m[49m: Unity.ILPP.Runner.PostProcessingPipeline[0]
      running Unity.Jobs.CodeGen.JobsILPostProcessor
[40m[32minfo[39m[22m[49m: Unity.ILPP.Runner.PostProcessingPipeline[0]
      running zzzUnity.Burst.CodeGen.BurstILPostProcessor
[40m[32minfo[39m[22m[49m: Unity.ILPP.Runner.PostProcessingPipeline[0]
      Processing assembly Library/Bee/artifacts/2400b0aE.dag/Unity.AI.Assistant.Bridge.Editor.dll, with 131 defines and 318 references
[40m[32minfo[39m[22m[49m: Unity.ILPP.Runner.PostProcessingPipeline[0]
      processors: Unity.Jobs.CodeGen.JobsILPostProcessor, zzzUnity.Burst.CodeGen.BurstILPostProcessor
[40m[32minfo[39m[22m[49m: Unity.ILPP.Runner.PostProcessingPipeline[0]
      running Unity.Jobs.CodeGen.JobsILPostProcessor
[40m[32minfo[39m[22m[49m: Unity.ILPP.Runner.PostProcessingPipeline[0]
      running zzzUnity.Burst.CodeGen.BurstILPostProcessor
[40m[32minfo[39m[22m[49m: Microsoft.AspNetCore.Routing.EndpointMiddleware[1]
      Executed endpoint 'gRPC - /UnityILPP.PostProcessing/PostProcessAssembly'
[40m[32minfo[39m[22m[49m: Microsoft.AspNetCore.Hosting.Diagnostics[2]
      Request finished HTTP/2 POST http://ilpp/UnityILPP.PostProcessing/PostProcessAssembly application/grpc - - 200 - application/grpc 3.1620ms
[40m[32minfo[39m[22m[49m: Microsoft.AspNetCore.Hosting.Diagnostics[1]
      Request starting HTTP/2 POST http://ilpp/UnityILPP.PostProcessing/PostProcessAssembly application/grpc -
[40m[32minfo[39m[22m[49m: Microsoft.AspNetCore.Routing.EndpointMiddleware[0]
      Executing endpoint 'gRPC - /UnityILPP.PostProcessing/PostProcessAssembly'
[40m[32minfo[39m[22m[49m: Unity.ILPP.Runner.PostProcessingPipeline[0]
      Processing assembly Library/Bee/artifacts/2400b0aE.dag/Unity.AI.Assistant.UI.Editor.dll, with 131 defines and 282 references
[40m[32minfo[39m[22m[49m: Unity.ILPP.Runner.PostProcessingPipeline[0]
      processors: Unity.Jobs.CodeGen.JobsILPostProcessor, zzzUnity.Burst.CodeGen.BurstILPostProcessor
[40m[32minfo[39m[22m[49m: Microsoft.AspNetCore.Routing.EndpointMiddleware[1]
      Executed endpoint 'gRPC - /UnityILPP.PostProcessing/PostProcessAssembly'
[40m[32minfo[39m[22m[49m: Microsoft.AspNetCore.Hosting.Diagnostics[2]
      Request finished HTTP/2 POST http://ilpp/UnityILPP.PostProcessing/PostProcessAssembly application/grpc - - 200 - application/grpc 6.5564ms
[40m[32minfo[39m[22m[49m: Unity.ILPP.Runner.PostProcessingPipeline[0]
      running Unity.Jobs.CodeGen.JobsILPostProcessor
[40m[32minfo[39m[22m[49m: Unity.ILPP.Runner.PostProcessingPipeline[0]
      running zzzUnity.Burst.CodeGen.BurstILPostProcessor
[40m[32minfo[39m[22m[49m: Microsoft.AspNetCore.Routing.EndpointMiddleware[1]
      Executed endpoint 'gRPC - /UnityILPP.PostProcessing/PostProcessAssembly'
[40m[32minfo[39m[22m[49m: Microsoft.AspNetCore.Hosting.Diagnostics[2]
      Request finished HTTP/2 POST http://ilpp/UnityILPP.PostProcessing/PostProcessAssembly application/grpc - - 200 - application/grpc 3.6717ms
[40m[32minfo[39m[22m[49m: Microsoft.AspNetCore.Hosting.Diagnostics[1]
      Request starting HTTP/2 POST http://ilpp/UnityILPP.PostProcessing/PostProcessAssembly application/grpc -
[40m[32minfo[39m[22m[49m: Microsoft.AspNetCore.Hosting.Diagnostics[1]
      Request starting HTTP/2 POST http://ilpp/UnityILPP.PostProcessing/PostProcessAssembly application/grpc -
[40m[32minfo[39m[22m[49m: Microsoft.AspNetCore.Routing.EndpointMiddleware[0]
      Executing endpoint 'gRPC - /UnityILPP.PostProcessing/PostProcessAssembly'
[40m[32minfo[39m[22m[49m: Microsoft.AspNetCore.Routing.EndpointMiddleware[0]
      Executing endpoint 'gRPC - /UnityILPP.PostProcessing/PostProcessAssembly'
[40m[32minfo[39m[22m[49m: Unity.ILPP.Runner.PostProcessingPipeline[0]
      Processing assembly Library/Bee/artifacts/2400b0aE.dag/Unity.PerformanceTesting.Editor.dll, with 132 defines and 267 references
[40m[32minfo[39m[22m[49m: Unity.ILPP.Runner.PostProcessingPipeline[0]
      Processing assembly Library/Bee/artifacts/2400b0aE.dag/com.IvanMurzak.Unity.MCP.DependencyResolver.dll, with 131 defines and 266 references
[40m[32minfo[39m[22m[49m: Unity.ILPP.Runner.PostProcessingPipeline[0]
      processors: Unity.Jobs.CodeGen.JobsILPostProcessor, zzzUnity.Burst.CodeGen.BurstILPostProcessor
[40m[32minfo[39m[22m[49m: Unity.ILPP.Runner.PostProcessingPipeline[0]
      processors: Unity.Jobs.CodeGen.JobsILPostProcessor, zzzUnity.Burst.CodeGen.BurstILPostProcessor
[40m[32minfo[39m[22m[49m: Unity.ILPP.Runner.PostProcessingPipeline[0]
      running Unity.Jobs.CodeGen.JobsILPostProcessor
[40m[32minfo[39m[22m[49m: Unity.ILPP.Runner.PostProcessingPipeline[0]
      running zzzUnity.Burst.CodeGen.BurstILPostProcessor
[40m[32minfo[39m[22m[49m: Microsoft.AspNetCore.Routing.EndpointMiddleware[1]
      Executed endpoint 'gRPC - /UnityILPP.PostProcessing/PostProcessAssembly'
[40m[32minfo[39m[22m[49m: Microsoft.AspNetCore.Hosting.Diagnostics[2]
      Request finished HTTP/2 POST http://ilpp/UnityILPP.PostProcessing/PostProcessAssembly application/grpc - - 200 - application/grpc 1.1801ms
[40m[32minfo[39m[22m[49m: Unity.ILPP.Runner.PostProcessingPipeline[0]
      running Unity.Jobs.CodeGen.JobsILPostProcessor
[40m[32minfo[39m[22m[49m: Unity.ILPP.Runner.PostProcessingPipeline[0]
      running zzzUnity.Burst.CodeGen.BurstILPostProcessor
[40m[32minfo[39m[22m[49m: Microsoft.AspNetCore.Routing.EndpointMiddleware[1]
      Executed endpoint 'gRPC - /UnityILPP.PostProcessing/PostProcessAssembly'
[40m[32minfo[39m[22m[49m: Microsoft.AspNetCore.Hosting.Diagnostics[2]
      Request finished HTTP/2 POST http://ilpp/UnityILPP.PostProcessing/PostProcessAssembly application/grpc - - 200 - application/grpc 3.3340ms
[40m[32minfo[39m[22m[49m: Unity.ILPP.Runner.PostProcessingAssemblyLoadContext[0]
      Resolved Unity.Burst.Cecil.Rocks, Version=0.11.6.0, Culture=neutral, PublicKeyToken=50cebf1cceb9d05e with Library/PackageCache/com.unity.burst@2f3d916873ea/Unity.Burst.CodeGen/Unity.Burst.Cecil.Rocks.dll
[40m[32minfo[39m[22m[49m: Microsoft.AspNetCore.Hosting.Diagnostics[1]
      Request starting HTTP/2 POST http://ilpp/UnityILPP.PostProcessing/PostProcessAssembly application/grpc -
[40m[32minfo[39m[22m[49m: Microsoft.AspNetCore.Routing.EndpointMiddleware[0]
      Executing endpoint 'gRPC - /UnityILPP.PostProcessing/PostProcessAssembly'
[40m[32minfo[39m[22m[49m: Unity.ILPP.Runner.PostProcessingPipeline[0]
      Processing assembly Library/Bee/artifacts/2400b0aE.dag/Unity.AI.Toolkit.Accounts.dll, with 131 defines and 320 references
[40m[32minfo[39m[22m[49m: Unity.ILPP.Runner.PostProcessingPipeline[0]
      processors: Unity.Jobs.CodeGen.JobsILPostProcessor, zzzUnity.Burst.CodeGen.BurstILPostProcessor
[40m[32minfo[39m[22m[49m: Unity.ILPP.Runner.PostProcessingPipeline[0]
      running Unity.Jobs.CodeGen.JobsILPostProcessor
[40m[32minfo[39m[22m[49m: Unity.ILPP.Runner.PostProcessingPipeline[0]
      running zzzUnity.Burst.CodeGen.BurstILPostProcessor
[40m[32minfo[39m[22m[49m: Microsoft.AspNetCore.Routing.EndpointMiddleware[1]
      Executed endpoint 'gRPC - /UnityILPP.PostProcessing/PostProcessAssembly'
[40m[32minfo[39m[22m[49m: Microsoft.AspNetCore.Hosting.Diagnostics[2]
      Request finished HTTP/2 POST http://ilpp/UnityILPP.PostProcessing/PostProcessAssembly application/grpc - - 200 - application/grpc 1.7941ms
[40m[32minfo[39m[22m[49m: Microsoft.AspNetCore.Hosting.Diagnostics[1]
      Request starting HTTP/2 POST http://ilpp/UnityILPP.PostProcessing/PostProcessAssembly application/grpc -
[40m[32minfo[39m[22m[49m: Microsoft.AspNetCore.Routing.EndpointMiddleware[0]
      Executing endpoint 'gRPC - /UnityILPP.PostProcessing/PostProcessAssembly'
[40m[32minfo[39m[22m[49m: Unity.ILPP.Runner.PostProcessingPipeline[0]
      Processing assembly Library/Bee/artifacts/2400b0aE.dag/Unity.AI.Toolkit.GenerationContextMenu.dll, with 131 defines and 319 references
[40m[32minfo[39m[22m[49m: Unity.ILPP.Runner.PostProcessingPipeline[0]
      processors: Unity.Jobs.CodeGen.JobsILPostProcessor, zzzUnity.Burst.CodeGen.BurstILPostProcessor
[40m[32minfo[39m[22m[49m: Unity.ILPP.Runner.PostProcessingPipeline[0]
      running Unity.Jobs.CodeGen.JobsILPostProcessor
[40m[32minfo[39m[22m[49m: Unity.ILPP.Runner.PostProcessingPipeline[0]
      running zzzUnity.Burst.CodeGen.BurstILPostProcessor
[40m[32minfo[39m[22m[49m: Microsoft.AspNetCore.Routing.EndpointMiddleware[1]
      Executed endpoint 'gRPC - /UnityILPP.PostProcessing/PostProcessAssembly'
[40m[32minfo[39m[22m[49m: Microsoft.AspNetCore.Hosting.Diagnostics[2]
      Request finished HTTP/2 POST http://ilpp/UnityILPP.PostProcessing/PostProcessAssembly application/grpc - - 200 - application/grpc 1.0213ms
[40m[32minfo[39m[22m[49m: Microsoft.AspNetCore.Hosting.Diagnostics[1]
      Request starting HTTP/2 POST http://ilpp/UnityILPP.PostProcessing/PostProcessAssembly application/grpc -
[40m[32minfo[39m[22m[49m: Microsoft.AspNetCore.Routing.EndpointMiddleware[0]
      Executing endpoint 'gRPC - /UnityILPP.PostProcessing/PostProcessAssembly'
[40m[32minfo[39m[22m[49m: Unity.ILPP.Runner.PostProcessingPipeline[0]
      Processing assembly Library/Bee/artifacts/2400b0aE.dag/Unity.AI.Assistant.Agent.Dynamic.Extension.Editor.dll, with 131 defines and 318 references
[40m[32minfo[39m[22m[49m: Unity.ILPP.Runner.PostProcessingPipeline[0]
      processors: Unity.Jobs.CodeGen.JobsILPostProcessor, zzzUnity.Burst.CodeGen.BurstILPostProcessor
[40m[32minfo[39m[22m[49m: Unity.ILPP.Runner.PostProcessingPipeline[0]
      running Unity.Jobs.CodeGen.JobsILPostProcessor
[40m[32minfo[39m[22m[49m: Unity.ILPP.Runner.PostProcessingPipeline[0]
      running zzzUnity.Burst.CodeGen.BurstILPostProcessor
[40m[32minfo[39m[22m[49m: Microsoft.AspNetCore.Routing.EndpointMiddleware[1]
      Executed endpoint 'gRPC - /UnityILPP.PostProcessing/PostProcessAssembly'
[40m[32minfo[39m[22m[49m: Microsoft.AspNetCore.Hosting.Diagnostics[2]
      Request finished HTTP/2 POST http://ilpp/UnityILPP.PostProcessing/PostProcessAssembly application/grpc - - 200 - application/grpc 1.0114ms
[40m[32minfo[39m[22m[49m: Microsoft.AspNetCore.Hosting.Diagnostics[1]
      Request starting HTTP/2 POST http://ilpp/UnityILPP.PostProcessing/PostProcessAssembly application/grpc -
[40m[32minfo[39m[22m[49m: Microsoft.AspNetCore.Hosting.Diagnostics[1]
      Request starting HTTP/2 POST http://ilpp/UnityILPP.PostProcessing/PostProcessAssembly application/grpc -
[40m[32minfo[39m[22m[49m: Microsoft.AspNetCore.Routing.EndpointMiddleware[0]
      Executing endpoint 'gRPC - /UnityILPP.PostProcessing/PostProcessAssembly'
[40m[32minfo[39m[22m[49m: Microsoft.AspNetCore.Routing.EndpointMiddleware[0]
      Executing endpoint 'gRPC - /UnityILPP.PostProcessing/PostProcessAssembly'
[40m[32minfo[39m[22m[49m: Unity.ILPP.Runner.PostProcessingPipeline[0]
      Processing assembly Library/Bee/artifacts/2400b0aE.dag/Unity.Collections.Editor.dll, with 132 defines and 319 references
[40m[32minfo[39m[22m[49m: Unity.ILPP.Runner.PostProcessingPipeline[0]
      processors: Unity.Jobs.CodeGen.JobsILPostProcessor, zzzUnity.Burst.CodeGen.BurstILPostProcessor
[40m[32minfo[39m[22m[49m: Unity.ILPP.Runner.PostProcessingPipeline[0]
      Processing assembly Library/Bee/artifacts/2400b0aE.dag/Unity.AI.Generators.Contexts.dll, with 131 defines and 318 references
[40m[32minfo[39m[22m[49m: Unity.ILPP.Runner.PostProcessingPipeline[0]
      processors: Unity.Jobs.CodeGen.JobsILPostProcessor, zzzUnity.Burst.CodeGen.BurstILPostProcessor
[40m[32minfo[39m[22m[49m: Unity.ILPP.Runner.PostProcessingPipeline[0]
      running Unity.Jobs.CodeGen.JobsILPostProcessor
[40m[32minfo[39m[22m[49m: Unity.ILPP.Runner.PostProcessingPipeline[0]
      running Unity.Jobs.CodeGen.JobsILPostProcessor
[40m[32minfo[39m[22m[49m: Unity.ILPP.Runner.PostProcessingPipeline[0]
      running zzzUnity.Burst.CodeGen.BurstILPostProcessor
[40m[32minfo[39m[22m[49m: Microsoft.AspNetCore.Routing.EndpointMiddleware[1]
      Executed endpoint 'gRPC - /UnityILPP.PostProcessing/PostProcessAssembly'
[40m[32minfo[39m[22m[49m: Microsoft.AspNetCore.Hosting.Diagnostics[2]
      Request finished HTTP/2 POST http://ilpp/UnityILPP.PostProcessing/PostProcessAssembly application/grpc - - 200 - application/grpc 1.3313ms
[40m[32minfo[39m[22m[49m: Microsoft.AspNetCore.Hosting.Diagnostics[1]
      Request starting HTTP/2 POST http://ilpp/UnityILPP.PostProcessing/PostProcessAssembly application/grpc -
[40m[32minfo[39m[22m[49m: Microsoft.AspNetCore.Routing.EndpointMiddleware[0]
      Executing endpoint 'gRPC - /UnityILPP.PostProcessing/PostProcessAssembly'
[40m[32minfo[39m[22m[49m: Unity.ILPP.Runner.PostProcessingPipeline[0]
      Processing assembly Library/Bee/artifacts/2400b0aE.dag/Unity.AI.Generators.IO.Srp.dll, with 131 defines and 318 references
[40m[32minfo[39m[22m[49m: Unity.ILPP.Runner.PostProcessingPipeline[0]
      processors: Unity.Jobs.CodeGen.JobsILPostProcessor, zzzUnity.Burst.CodeGen.BurstILPostProcessor
[40m[32minfo[39m[22m[49m: Unity.ILPP.Runner.PostProcessingPipeline[0]
      running Unity.Jobs.CodeGen.JobsILPostProcessor
[40m[32minfo[39m[22m[49m: Unity.ILPP.Runner.PostProcessingPipeline[0]
      running zzzUnity.Burst.CodeGen.BurstILPostProcessor
[40m[32minfo[39m[22m[49m: Microsoft.AspNetCore.Routing.EndpointMiddleware[1]
      Executed endpoint 'gRPC - /UnityILPP.PostProcessing/PostProcessAssembly'
[40m[32minfo[39m[22m[49m: Microsoft.AspNetCore.Hosting.Diagnostics[2]
      Request finished HTTP/2 POST http://ilpp/UnityILPP.PostProcessing/PostProcessAssembly application/grpc - - 200 - application/grpc 1.3587ms
[40m[32minfo[39m[22m[49m: Microsoft.AspNetCore.Hosting.Diagnostics[1]
      Request starting HTTP/2 POST http://ilpp/UnityILPP.PostProcessing/PostProcessAssembly application/grpc -
[40m[32minfo[39m[22m[49m: Microsoft.AspNetCore.Routing.EndpointMiddleware[0]
      Executing endpoint 'gRPC - /UnityILPP.PostProcessing/PostProcessAssembly'
[40m[32minfo[39m[22m[49m: Unity.ILPP.Runner.PostProcessingPipeline[0]
      Processing assembly Library/Bee/artifacts/2400b0aE.dag/Unity.AI.Assistant.Editor.dll, with 131 defines and 279 references
[40m[32minfo[39m[22m[49m: Unity.ILPP.Runner.PostProcessingPipeline[0]
      processors: Unity.Jobs.CodeGen.JobsILPostProcessor, zzzUnity.Burst.CodeGen.BurstILPostProcessor
[40m[32minfo[39m[22m[49m: Unity.ILPP.Runner.PostProcessingPipeline[0]
      running Unity.Jobs.CodeGen.JobsILPostProcessor
[40m[32minfo[39m[22m[49m: Unity.ILPP.Runner.PostProcessingPipeline[0]
      running zzzUnity.Burst.CodeGen.BurstILPostProcessor
[40m[32minfo[39m[22m[49m: Microsoft.AspNetCore.Hosting.Diagnostics[1]
      Request starting HTTP/2 POST http://ilpp/UnityILPP.PostProcessing/PostProcessAssembly application/grpc -
[40m[32minfo[39m[22m[49m: Microsoft.AspNetCore.Routing.EndpointMiddleware[0]
      Executing endpoint 'gRPC - /UnityILPP.PostProcessing/PostProcessAssembly'
[40m[32minfo[39m[22m[49m: Microsoft.AspNetCore.Hosting.Diagnostics[1]
      Request starting HTTP/2 POST http://ilpp/UnityILPP.PostProcessing/PostProcessAssembly application/grpc -
[40m[32minfo[39m[22m[49m: Microsoft.AspNetCore.Routing.EndpointMiddleware[0]
      Executing endpoint 'gRPC - /UnityILPP.PostProcessing/PostProcessAssembly'
[40m[32minfo[39m[22m[49m: Unity.ILPP.Runner.PostProcessingPipeline[0]
      Processing assembly Library/Bee/artifacts/2400b0aE.dag/Unity.AppUI.Navigation.Editor.dll, with 131 defines and 322 references
[40m[32minfo[39m[22m[49m: Unity.ILPP.Runner.PostProcessingPipeline[0]
      Processing assembly Library/Bee/artifacts/2400b0aE.dag/Unity.AI.Toolkit.GenerationObjectPicker.dll, with 132 defines and 321 references
[40m[32minfo[39m[22m[49m: Unity.ILPP.Runner.PostProcessingPipeline[0]
      processors: Unity.Jobs.CodeGen.JobsILPostProcessor, zzzUnity.Burst.CodeGen.BurstILPostProcessor
[40m[32minfo[39m[22m[49m: Unity.ILPP.Runner.PostProcessingPipeline[0]
      processors: Unity.Jobs.CodeGen.JobsILPostProcessor, zzzUnity.Burst.CodeGen.BurstILPostProcessor
[40m[32minfo[39m[22m[49m: Unity.ILPP.Runner.PostProcessingPipeline[0]
      running Unity.Jobs.CodeGen.JobsILPostProcessor
[40m[32minfo[39m[22m[49m: Unity.ILPP.Runner.PostProcessingPipeline[0]
      running Unity.Jobs.CodeGen.JobsILPostProcessor
[40m[32minfo[39m[22m[49m: Unity.ILPP.Runner.PostProcessingPipeline[0]
      running zzzUnity.Burst.CodeGen.BurstILPostProcessor
[40m[32minfo[39m[22m[49m: Microsoft.AspNetCore.Routing.EndpointMiddleware[1]
      Executed endpoint 'gRPC - /UnityILPP.PostProcessing/PostProcessAssembly'
[40m[32minfo[39m[22m[49m: Unity.ILPP.Runner.PostProcessingPipeline[0]
      running zzzUnity.Burst.CodeGen.BurstILPostProcessor
[40m[32minfo[39m[22m[49m: Microsoft.AspNetCore.Hosting.Diagnostics[2]
      Request finished HTTP/2 POST http://ilpp/UnityILPP.PostProcessing/PostProcessAssembly application/grpc - - 200 - application/grpc 8.2614ms
[40m[32minfo[39m[22m[49m: Microsoft.AspNetCore.Routing.EndpointMiddleware[1]
      Executed endpoint 'gRPC - /UnityILPP.PostProcessing/PostProcessAssembly'
[40m[32minfo[39m[22m[49m: Microsoft.AspNetCore.Routing.EndpointMiddleware[1]
      Executed endpoint 'gRPC - /UnityILPP.PostProcessing/PostProcessAssembly'
[40m[32minfo[39m[22m[49m: Microsoft.AspNetCore.Hosting.Diagnostics[2]
      Request finished HTTP/2 POST http://ilpp/UnityILPP.PostProcessing/PostProcessAssembly application/grpc - - 200 - application/grpc 1.0315ms
[40m[32minfo[39m[22m[49m: Microsoft.AspNetCore.Hosting.Diagnostics[2]
      Request finished HTTP/2 POST http://ilpp/UnityILPP.PostProcessing/PostProcessAssembly application/grpc - - 200 - application/grpc 1.1404ms
[40m[32minfo[39m[22m[49m: Microsoft.AspNetCore.Hosting.Diagnostics[1]
      Request starting HTTP/2 POST http://ilpp/UnityILPP.PostProcessing/PostProcessAssembly application/grpc -
[40m[32minfo[39m[22m[49m: Microsoft.AspNetCore.Hosting.Diagnostics[1]
      Request starting HTTP/2 POST http://ilpp/UnityILPP.PostProcessing/PostProcessAssembly application/grpc -
[40m[32minfo[39m[22m[49m: Microsoft.AspNetCore.Routing.EndpointMiddleware[0]
      Executing endpoint 'gRPC - /UnityILPP.PostProcessing/PostProcessAssembly'
[40m[32minfo[39m[22m[49m: Microsoft.AspNetCore.Routing.EndpointMiddleware[0]
      Executing endpoint 'gRPC - /UnityILPP.PostProcessing/PostProcessAssembly'
[40m[32minfo[39m[22m[49m: Unity.ILPP.Runner.PostProcessingPipeline[0]
      Processing assembly Library/Bee/artifacts/2400b0aE.dag/Unity.SysrootPackage.Editor.dll, with 131 defines and 318 references
[40m[32minfo[39m[22m[49m: Unity.ILPP.Runner.PostProcessingPipeline[0]
      processors: Unity.Jobs.CodeGen.JobsILPostProcessor, zzzUnity.Burst.CodeGen.BurstILPostProcessor
[40m[32minfo[39m[22m[49m: Unity.ILPP.Runner.PostProcessingPipeline[0]
      running Unity.Jobs.CodeGen.JobsILPostProcessor
[40m[32minfo[39m[22m[49m: Unity.ILPP.Runner.PostProcessingPipeline[0]
      running zzzUnity.Burst.CodeGen.BurstILPostProcessor
[40m[32minfo[39m[22m[49m: Unity.ILPP.Runner.PostProcessingPipeline[0]
      Processing assembly Library/Bee/artifacts/2400b0aE.dag/Unity.2D.Sprite.Editor.dll, with 131 defines and 318 references
[40m[32minfo[39m[22m[49m: Unity.ILPP.Runner.PostProcessingPipeline[0]
      processors: Unity.Jobs.CodeGen.JobsILPostProcessor, zzzUnity.Burst.CodeGen.BurstILPostProcessor
[40m[32minfo[39m[22m[49m: Microsoft.AspNetCore.Routing.EndpointMiddleware[1]
      Executed endpoint 'gRPC - /UnityILPP.PostProcessing/PostProcessAssembly'
[40m[32minfo[39m[22m[49m: Microsoft.AspNetCore.Hosting.Diagnostics[2]
      Request finished HTTP/2 POST http://ilpp/UnityILPP.PostProcessing/PostProcessAssembly application/grpc - - 200 - application/grpc 1.2519ms
[40m[32minfo[39m[22m[49m: Unity.ILPP.Runner.PostProcessingPipeline[0]
      running Unity.Jobs.CodeGen.JobsILPostProcessor
[40m[32minfo[39m[22m[49m: Unity.ILPP.Runner.PostProcessingPipeline[0]
      running zzzUnity.Burst.CodeGen.BurstILPostProcessor
[40m[32minfo[39m[22m[49m: Microsoft.AspNetCore.Routing.EndpointMiddleware[1]
      Executed endpoint 'gRPC - /UnityILPP.PostProcessing/PostProcessAssembly'
[40m[32minfo[39m[22m[49m: Microsoft.AspNetCore.Hosting.Diagnostics[2]
      Request finished HTTP/2 POST http://ilpp/UnityILPP.PostProcessing/PostProcessAssembly application/grpc - - 200 - application/grpc 2.0345ms
[40m[32minfo[39m[22m[49m: Microsoft.AspNetCore.Hosting.Diagnostics[1]
      Request starting HTTP/2 POST http://ilpp/UnityILPP.PostProcessing/PostProcessAssembly application/grpc -
[40m[32minfo[39m[22m[49m: Microsoft.AspNetCore.Routing.EndpointMiddleware[0]
      Executing endpoint 'gRPC - /UnityILPP.PostProcessing/PostProcessAssembly'
[40m[32minfo[39m[22m[49m: Unity.ILPP.Runner.PostProcessingPipeline[0]
      Processing assembly Library/Bee/artifacts/2400b0aE.dag/Unity.Sysroot.Linux_x86_64.dll, with 131 defines and 319 references
[40m[32minfo[39m[22m[49m: Unity.ILPP.Runner.PostProcessingPipeline[0]
      processors: Unity.Jobs.CodeGen.JobsILPostProcessor, zzzUnity.Burst.CodeGen.BurstILPostProcessor
[40m[32minfo[39m[22m[49m: Unity.ILPP.Runner.PostProcessingPipeline[0]
      running Unity.Jobs.CodeGen.JobsILPostProcessor
[40m[32minfo[39m[22m[49m: Unity.ILPP.Runner.PostProcessingPipeline[0]
      running zzzUnity.Burst.CodeGen.BurstILPostProcessor
[40m[32minfo[39m[22m[49m: Microsoft.AspNetCore.Routing.EndpointMiddleware[1]
      Executed endpoint 'gRPC - /UnityILPP.PostProcessing/PostProcessAssembly'
[40m[32minfo[39m[22m[49m: Microsoft.AspNetCore.Hosting.Diagnostics[2]
      Request finished HTTP/2 POST http://ilpp/UnityILPP.PostProcessing/PostProcessAssembly application/grpc - - 200 - application/grpc 0.6987ms
[40m[32minfo[39m[22m[49m: Microsoft.AspNetCore.Hosting.Diagnostics[1]
      Request starting HTTP/2 POST http://ilpp/UnityILPP.PostProcessing/PostProcessAssembly application/grpc -
[40m[32minfo[39m[22m[49m: Microsoft.AspNetCore.Routing.EndpointMiddleware[0]
      Executing endpoint 'gRPC - /UnityILPP.PostProcessing/PostProcessAssembly'
[40m[32minfo[39m[22m[49m: Unity.ILPP.Runner.PostProcessingPipeline[0]
      Processing assembly Library/Bee/artifacts/2400b0aE.dag/Unity.ScriptableBuildPipeline.Editor.dll, with 134 defines and 319 references
[40m[32minfo[39m[22m[49m: Unity.ILPP.Runner.PostProcessingPipeline[0]
      processors: Unity.Jobs.CodeGen.JobsILPostProcessor, zzzUnity.Burst.CodeGen.BurstILPostProcessor
[40m[32minfo[39m[22m[49m: Unity.ILPP.Runner.PostProcessingPipeline[0]
      running Unity.Jobs.CodeGen.JobsILPostProcessor
[40m[32minfo[39m[22m[49m: Unity.ILPP.Runner.PostProcessingPipeline[0]
      running zzzUnity.Burst.CodeGen.BurstILPostProcessor
[40m[32minfo[39m[22m[49m: Microsoft.AspNetCore.Routing.EndpointMiddleware[1]
      Executed endpoint 'gRPC - /UnityILPP.PostProcessing/PostProcessAssembly'
[40m[32minfo[39m[22m[49m: Microsoft.AspNetCore.Hosting.Diagnostics[2]
      Request finished HTTP/2 POST http://ilpp/UnityILPP.PostProcessing/PostProcessAssembly application/grpc - - 200 - application/grpc 1.2915ms
[40m[32minfo[39m[22m[49m: Microsoft.AspNetCore.Hosting.Diagnostics[1]
      Request starting HTTP/2 POST http://ilpp/UnityILPP.PostProcessing/PostProcessAssembly application/grpc -
[40m[32minfo[39m[22m[49m: Microsoft.AspNetCore.Routing.EndpointMiddleware[0]
      Executing endpoint 'gRPC - /UnityILPP.PostProcessing/PostProcessAssembly'
[40m[32minfo[39m[22m[49m: Unity.ILPP.Runner.PostProcessingPipeline[0]
      Processing assembly Library/Bee/artifacts/2400b0aE.dag/Unity.AI.Search.Editor.dll, with 132 defines and 275 references
[40m[32minfo[39m[22m[49m: Unity.ILPP.Runner.PostProcessingPipeline[0]
      processors: Unity.Jobs.CodeGen.JobsILPostProcessor, zzzUnity.Burst.CodeGen.BurstILPostProcessor
[40m[32minfo[39m[22m[49m: Unity.ILPP.Runner.PostProcessingPipeline[0]
      running Unity.Jobs.CodeGen.JobsILPostProcessor
[40m[32minfo[39m[22m[49m: Unity.ILPP.Runner.PostProcessingPipeline[0]
      running zzzUnity.Burst.CodeGen.BurstILPostProcessor
[40m[32minfo[39m[22m[49m: Microsoft.AspNetCore.Routing.EndpointMiddleware[1]
      Executed endpoint 'gRPC - /UnityILPP.PostProcessing/PostProcessAssembly'
[40m[32minfo[39m[22m[49m: Microsoft.AspNetCore.Hosting.Diagnostics[2]
      Request finished HTTP/2 POST http://ilpp/UnityILPP.PostProcessing/PostProcessAssembly application/grpc - - 200 - application/grpc 1.0773ms
[40m[32minfo[39m[22m[49m: Unity.ILPP.Runner.PostProcessingAssemblyLoadContext[0]
      Resolved UnityEditor.CoreModule, Version=0.0.0.0, Culture=neutral, PublicKeyToken=null with /home/username01/Unity/Hub/Editor/6000.3.22f1/Editor/Data/Managed/UnityEngine/UnityEditor.CoreModule.dll
[40m[32minfo[39m[22m[49m: Microsoft.AspNetCore.Routing.EndpointMiddleware[1]
      Executed endpoint 'gRPC - /UnityILPP.PostProcessing/PostProcessAssembly'
[40m[32minfo[39m[22m[49m: Microsoft.AspNetCore.Hosting.Diagnostics[2]
      Request finished HTTP/2 POST http://ilpp/UnityILPP.PostProcessing/PostProcessAssembly application/grpc - - 200 - application/grpc 164.3874ms
[40m[32minfo[39m[22m[49m: Unity.ILPP.Runner.PostProcessingAssemblyLoadContext[0]
      Resolved UnityEngine.CoreModule, Version=0.0.0.0, Culture=neutral, PublicKeyToken=null with /home/username01/Unity/Hub/Editor/6000.3.22f1/Editor/Data/Managed/UnityEngine/UnityEngine.CoreModule.dll
[40m[32minfo[39m[22m[49m: Unity.ILPP.Runner.PostProcessingAssemblyLoadContext[0]
      Resolved Mono.Cecil.Rocks, Version=0.11.5.0, Culture=neutral, PublicKeyToken=50cebf1cceb9d05e with Library/PackageCache/com.unity.nuget.mono-cecil@ecb9724e46ff/Mono.Cecil.Rocks.dll
[40m[32minfo[39m[22m[49m: Unity.ILPP.Runner.PostProcessingPipeline[0]
      running zzzUnity.Burst.CodeGen.BurstILPostProcessor
[40m[32minfo[39m[22m[49m: Microsoft.AspNetCore.Routing.EndpointMiddleware[1]
      Executed endpoint 'gRPC - /UnityILPP.PostProcessing/PostProcessAssembly'
[40m[32minfo[39m[22m[49m: Microsoft.AspNetCore.Hosting.Diagnostics[2]
      Request finished HTTP/2 POST http://ilpp/UnityILPP.PostProcessing/PostProcessAssembly application/grpc - - 200 - application/grpc 111.7436ms
[40m[32minfo[39m[22m[49m: Microsoft.AspNetCore.Routing.EndpointMiddleware[1]
      Executed endpoint 'gRPC - /UnityILPP.PostProcessing/PostProcessAssembly'
[40m[32minfo[39m[22m[49m: Microsoft.AspNetCore.Hosting.Diagnostics[2]
      Request finished HTTP/2 POST http://ilpp/UnityILPP.PostProcessing/PostProcessAssembly application/grpc - - 200 - application/grpc 510.0083ms
[40m[32minfo[39m[22m[49m: Unity.ILPP.Runner.PostProcessingPipeline[0]
      running zzzUnity.Burst.CodeGen.BurstILPostProcessor
[40m[32minfo[39m[22m[49m: Unity.ILPP.Runner.PostProcessingPipeline[0]
      running zzzUnity.Burst.CodeGen.BurstILPostProcessor
[40m[32minfo[39m[22m[49m: Microsoft.AspNetCore.Routing.EndpointMiddleware[1]
      Executed endpoint 'gRPC - /UnityILPP.PostProcessing/PostProcessAssembly'
[40m[32minfo[39m[22m[49m: Microsoft.AspNetCore.Hosting.Diagnostics[2]
      Request finished HTTP/2 POST http://ilpp/UnityILPP.PostProcessing/PostProcessAssembly application/grpc - - 200 - application/grpc 916.7793ms
[40m[32minfo[39m[22m[49m: Microsoft.AspNetCore.Hosting.Diagnostics[1]
      Request starting HTTP/2 POST http://ilpp/UnityILPP.PostProcessing/PostProcessAssembly application/grpc -
[40m[32minfo[39m[22m[49m: Microsoft.AspNetCore.Routing.EndpointMiddleware[0]
      Executing endpoint 'gRPC - /UnityILPP.PostProcessing/PostProcessAssembly'
[40m[32minfo[39m[22m[49m: Unity.ILPP.Runner.PostProcessingPipeline[0]
      Processing assembly Library/Bee/artifacts/2400b0aE.dag/Unity.AI.Pbr.Srp.dll, with 131 defines and 319 references
[40m[32minfo[39m[22m[49m: Unity.ILPP.Runner.PostProcessingPipeline[0]
      processors: Unity.Jobs.CodeGen.JobsILPostProcessor, zzzUnity.Burst.CodeGen.BurstILPostProcessor
[40m[32minfo[39m[22m[49m: Unity.ILPP.Runner.PostProcessingPipeline[0]
      running Unity.Jobs.CodeGen.JobsILPostProcessor
[40m[32minfo[39m[22m[49m: Unity.ILPP.Runner.PostProcessingPipeline[0]
      running zzzUnity.Burst.CodeGen.BurstILPostProcessor
[40m[32minfo[39m[22m[49m: Microsoft.AspNetCore.Routing.EndpointMiddleware[1]
      Executed endpoint 'gRPC - /UnityILPP.PostProcessing/PostProcessAssembly'
[40m[32minfo[39m[22m[49m: Microsoft.AspNetCore.Hosting.Diagnostics[2]
      Request finished HTTP/2 POST http://ilpp/UnityILPP.PostProcessing/PostProcessAssembly application/grpc - - 200 - application/grpc 1.0088ms
[40m[32minfo[39m[22m[49m: Microsoft.AspNetCore.Hosting.Diagnostics[1]
      Request starting HTTP/2 POST http://ilpp/UnityILPP.PostProcessing/PostProcessAssembly application/grpc -
[40m[32minfo[39m[22m[49m: Microsoft.AspNetCore.Routing.EndpointMiddleware[0]
      Executing endpoint 'gRPC - /UnityILPP.PostProcessing/PostProcessAssembly'
[40m[32minfo[39m[22m[49m: Unity.ILPP.Runner.PostProcessingPipeline[0]
      Processing assembly Library/Bee/artifacts/2400b0aE.dag/Unity.AI.MCP.Runtime.dll, with 133 defines and 285 references
[40m[32minfo[39m[22m[49m: Unity.ILPP.Runner.PostProcessingPipeline[0]
      processors: Unity.Jobs.CodeGen.JobsILPostProcessor, zzzUnity.Burst.CodeGen.BurstILPostProcessor
[40m[32minfo[39m[22m[49m: Unity.ILPP.Runner.PostProcessingPipeline[0]
      running Unity.Jobs.CodeGen.JobsILPostProcessor
[40m[32minfo[39m[22m[49m: Unity.ILPP.Runner.PostProcessingPipeline[0]
      running zzzUnity.Burst.CodeGen.BurstILPostProcessor
[40m[32minfo[39m[22m[49m: Microsoft.AspNetCore.Routing.EndpointMiddleware[1]
      Executed endpoint 'gRPC - /UnityILPP.PostProcessing/PostProcessAssembly'
[40m[32minfo[39m[22m[49m: Microsoft.AspNetCore.Hosting.Diagnostics[2]
      Request finished HTTP/2 POST http://ilpp/UnityILPP.PostProcessing/PostProcessAssembly application/grpc - - 200 - application/grpc 0.7753ms
[40m[32minfo[39m[22m[49m: Microsoft.AspNetCore.Hosting.Diagnostics[1]
      Request starting HTTP/2 POST http://ilpp/UnityILPP.PostProcessing/PostProcessAssembly application/grpc -
[40m[32minfo[39m[22m[49m: Microsoft.AspNetCore.Routing.EndpointMiddleware[0]
      Executing endpoint 'gRPC - /UnityILPP.PostProcessing/PostProcessAssembly'
[40m[32minfo[39m[22m[49m: Unity.ILPP.Runner.PostProcessingPipeline[0]
      Processing assembly Library/Bee/artifacts/2400b0aE.dag/Unity.AppUI.Undo.dll, with 133 defines and 282 references
[40m[32minfo[39m[22m[49m: Unity.ILPP.Runner.PostProcessingPipeline[0]
      processors: Unity.Jobs.CodeGen.JobsILPostProcessor, zzzUnity.Burst.CodeGen.BurstILPostProcessor
[40m[32minfo[39m[22m[49m: Unity.ILPP.Runner.PostProcessingPipeline[0]
      running Unity.Jobs.CodeGen.JobsILPostProcessor
[40m[32minfo[39m[22m[49m: Unity.ILPP.Runner.PostProcessingPipeline[0]
      running zzzUnity.Burst.CodeGen.BurstILPostProcessor
[40m[32minfo[39m[22m[49m: Microsoft.AspNetCore.Routing.EndpointMiddleware[1]
      Executed endpoint 'gRPC - /UnityILPP.PostProcessing/PostProcessAssembly'
[40m[32minfo[39m[22m[49m: Microsoft.AspNetCore.Hosting.Diagnostics[2]
      Request finished HTTP/2 POST http://ilpp/UnityILPP.PostProcessing/PostProcessAssembly application/grpc - - 200 - application/grpc 0.9088ms
[40m[32minfo[39m[22m[49m: Microsoft.AspNetCore.Routing.EndpointMiddleware[1]
      Executed endpoint 'gRPC - /UnityILPP.PostProcessing/PostProcessAssembly'
[40m[32minfo[39m[22m[49m: Microsoft.AspNetCore.Hosting.Diagnostics[2]
      Request finished HTTP/2 POST http://ilpp/UnityILPP.PostProcessing/PostProcessAssembly application/grpc - - 200 - application/grpc 970.1616ms
[40m[32minfo[39m[22m[49m: Microsoft.AspNetCore.Hosting.Diagnostics[1]
      Request starting HTTP/2 POST http://ilpp/UnityILPP.PostProcessing/PostProcessAssembly application/grpc -
[40m[32minfo[39m[22m[49m: Microsoft.AspNetCore.Routing.EndpointMiddleware[0]
      Executing endpoint 'gRPC - /UnityILPP.PostProcessing/PostProcessAssembly'
[40m[32minfo[39m[22m[49m: Unity.ILPP.Runner.PostProcessingPipeline[0]
      Processing assembly Library/Bee/artifacts/2400b0aE.dag/Unity.InferenceEngine.Editor.Visualizer.dll, with 131 defines and 325 references
[40m[32minfo[39m[22m[49m: Unity.ILPP.Runner.PostProcessingPipeline[0]
      processors: Unity.Jobs.CodeGen.JobsILPostProcessor, zzzUnity.Burst.CodeGen.BurstILPostProcessor
[40m[32minfo[39m[22m[49m: Microsoft.AspNetCore.Hosting.Diagnostics[1]
      Request starting HTTP/2 POST http://ilpp/UnityILPP.PostProcessing/PostProcessAssembly application/grpc -
[40m[32minfo[39m[22m[49m: Microsoft.AspNetCore.Routing.EndpointMiddleware[0]
      Executing endpoint 'gRPC - /UnityILPP.PostProcessing/PostProcessAssembly'
[40m[32minfo[39m[22m[49m: Microsoft.AspNetCore.Hosting.Diagnostics[1]
      Request starting HTTP/2 POST http://ilpp/UnityILPP.PostProcessing/PostProcessAssembly application/grpc -
[40m[32minfo[39m[22m[49m: Microsoft.AspNetCore.Routing.EndpointMiddleware[0]
      Executing endpoint 'gRPC - /UnityILPP.PostProcessing/PostProcessAssembly'
[40m[32minfo[39m[22m[49m: Unity.ILPP.Runner.PostProcessingPipeline[0]
      running Unity.Jobs.CodeGen.JobsILPostProcessor
[40m[32minfo[39m[22m[49m: Unity.ILPP.Runner.PostProcessingPipeline[0]
      Processing assembly Library/Bee/artifacts/2400b0aE.dag/Unity.AI.Generators.Redux.dll, with 131 defines and 321 references
[40m[32minfo[39m[22m[49m: Unity.ILPP.Runner.PostProcessingPipeline[0]
      processors: Unity.Jobs.CodeGen.JobsILPostProcessor, zzzUnity.Burst.CodeGen.BurstILPostProcessor
[40m[32minfo[39m[22m[49m: Unity.ILPP.Runner.PostProcessingPipeline[0]
      Processing assembly Library/Bee/artifacts/2400b0aE.dag/Unity.AI.Generators.Asset.dll, with 131 defines and 323 references
[40m[32minfo[39m[22m[49m: Unity.ILPP.Runner.PostProcessingPipeline[0]
      processors: Unity.Jobs.CodeGen.JobsILPostProcessor, zzzUnity.Burst.CodeGen.BurstILPostProcessor
[40m[32minfo[39m[22m[49m: Unity.ILPP.Runner.PostProcessingPipeline[0]
      running Unity.Jobs.CodeGen.JobsILPostProcessor
[40m[32minfo[39m[22m[49m: Unity.ILPP.Runner.PostProcessingPipeline[0]
      running zzzUnity.Burst.CodeGen.BurstILPostProcessor
[40m[32minfo[39m[22m[49m: Unity.ILPP.Runner.PostProcessingPipeline[0]
      running Unity.Jobs.CodeGen.JobsILPostProcessor
[40m[32minfo[39m[22m[49m: Unity.ILPP.Runner.PostProcessingPipeline[0]
      running zzzUnity.Burst.CodeGen.BurstILPostProcessor
[40m[32minfo[39m[22m[49m: Microsoft.AspNetCore.Routing.EndpointMiddleware[1]
      Executed endpoint 'gRPC - /UnityILPP.PostProcessing/PostProcessAssembly'
[40m[32minfo[39m[22m[49m: Microsoft.AspNetCore.Hosting.Diagnostics[2]
      Request finished HTTP/2 POST http://ilpp/UnityILPP.PostProcessing/PostProcessAssembly application/grpc - - 200 - application/grpc 1.0177ms
[40m[32minfo[39m[22m[49m: Microsoft.AspNetCore.Routing.EndpointMiddleware[1]
      Executed endpoint 'gRPC - /UnityILPP.PostProcessing/PostProcessAssembly'
[40m[32minfo[39m[22m[49m: Microsoft.AspNetCore.Hosting.Diagnostics[2]
      Request finished HTTP/2 POST http://ilpp/UnityILPP.PostProcessing/PostProcessAssembly application/grpc - - 200 - application/grpc 1.4873ms
[40m[32minfo[39m[22m[49m: Microsoft.AspNetCore.Hosting.Diagnostics[1]
      Request starting HTTP/2 POST http://ilpp/UnityILPP.PostProcessing/PostProcessAssembly application/grpc -
[40m[32minfo[39m[22m[49m: Microsoft.AspNetCore.Routing.EndpointMiddleware[0]
      Executing endpoint 'gRPC - /UnityILPP.PostProcessing/PostProcessAssembly'
[40m[32minfo[39m[22m[49m: Microsoft.AspNetCore.Hosting.Diagnostics[1]
      Request starting HTTP/2 POST http://ilpp/UnityILPP.PostProcessing/PostProcessAssembly application/grpc -
[40m[32minfo[39m[22m[49m: Microsoft.AspNetCore.Routing.EndpointMiddleware[0]
      Executing endpoint 'gRPC - /UnityILPP.PostProcessing/PostProcessAssembly'
[40m[32minfo[39m[22m[49m: Unity.ILPP.Runner.PostProcessingPipeline[0]
      Processing assembly Library/Bee/artifacts/2400b0aE.dag/Unity.InferenceEngine.Editor.dll, with 131 defines and 273 references
[40m[32minfo[39m[22m[49m: Unity.ILPP.Runner.PostProcessingPipeline[0]
      processors: Unity.Jobs.CodeGen.JobsILPostProcessor, zzzUnity.Burst.CodeGen.BurstILPostProcessor
[40m[32minfo[39m[22m[49m: Unity.ILPP.Runner.PostProcessingPipeline[0]
      Processing assembly Library/Bee/artifacts/2400b0aE.dag/Unity.AI.Generators.IO.dll, with 131 defines and 323 references
[40m[32minfo[39m[22m[49m: Unity.ILPP.Runner.PostProcessingPipeline[0]
      processors: Unity.Jobs.CodeGen.JobsILPostProcessor, zzzUnity.Burst.CodeGen.BurstILPostProcessor
[40m[32minfo[39m[22m[49m: Unity.ILPP.Runner.PostProcessingPipeline[0]
      running Unity.Jobs.CodeGen.JobsILPostProcessor
[40m[32minfo[39m[22m[49m: Unity.ILPP.Runner.PostProcessingPipeline[0]
      running Unity.Jobs.CodeGen.JobsILPostProcessor
[40m[32minfo[39m[22m[49m: Unity.ILPP.Runner.PostProcessingPipeline[0]
      running zzzUnity.Burst.CodeGen.BurstILPostProcessor
[40m[32minfo[39m[22m[49m: Microsoft.AspNetCore.Hosting.Diagnostics[1]
      Request starting HTTP/2 POST http://ilpp/UnityILPP.PostProcessing/PostProcessAssembly application/grpc -
[40m[32minfo[39m[22m[49m: Microsoft.AspNetCore.Routing.EndpointMiddleware[0]
      Executing endpoint 'gRPC - /UnityILPP.PostProcessing/PostProcessAssembly'
[40m[32minfo[39m[22m[49m: Unity.ILPP.Runner.PostProcessingPipeline[0]
      Processing assembly Library/Bee/artifacts/2400b0aE.dag/Unity.AI.Generators.UI.AIDropdownIntegrations.dll, with 131 defines and 321 references
[40m[32minfo[39m[22m[49m: Unity.ILPP.Runner.PostProcessingPipeline[0]
      processors: Unity.Jobs.CodeGen.JobsILPostProcessor, zzzUnity.Burst.CodeGen.BurstILPostProcessor
[40m[32minfo[39m[22m[49m: Unity.ILPP.Runner.PostProcessingPipeline[0]
      running Unity.Jobs.CodeGen.JobsILPostProcessor
[40m[32minfo[39m[22m[49m: Unity.ILPP.Runner.PostProcessingPipeline[0]
      running zzzUnity.Burst.CodeGen.BurstILPostProcessor
[40m[32minfo[39m[22m[49m: Microsoft.AspNetCore.Routing.EndpointMiddleware[1]
      Executed endpoint 'gRPC - /UnityILPP.PostProcessing/PostProcessAssembly'
[40m[32minfo[39m[22m[49m: Microsoft.AspNetCore.Hosting.Diagnostics[2]
      Request finished HTTP/2 POST http://ilpp/UnityILPP.PostProcessing/PostProcessAssembly application/grpc - - 200 - application/grpc 1.7875ms
[40m[32minfo[39m[22m[49m: Microsoft.AspNetCore.Routing.EndpointMiddleware[1]
      Executed endpoint 'gRPC - /UnityILPP.PostProcessing/PostProcessAssembly'
[40m[32minfo[39m[22m[49m: Microsoft.AspNetCore.Hosting.Diagnostics[2]
      Request finished HTTP/2 POST http://ilpp/UnityILPP.PostProcessing/PostProcessAssembly application/grpc - - 200 - application/grpc 0.7085ms
[40m[32minfo[39m[22m[49m: Microsoft.AspNetCore.Hosting.Diagnostics[1]
      Request starting HTTP/2 POST http://ilpp/UnityILPP.PostProcessing/PostProcessAssembly application/grpc -
[40m[32minfo[39m[22m[49m: Microsoft.AspNetCore.Hosting.Diagnostics[1]
      Request starting HTTP/2 POST http://ilpp/UnityILPP.PostProcessing/PostProcessAssembly application/grpc -
[40m[32minfo[39m[22m[49m: Microsoft.AspNetCore.Hosting.Diagnostics[1]
      Request starting HTTP/2 POST http://ilpp/UnityILPP.PostProcessing/PostProcessAssembly application/grpc -
[40m[32minfo[39m[22m[49m: Microsoft.AspNetCore.Routing.EndpointMiddleware[0]
      Executing endpoint 'gRPC - /UnityILPP.PostProcessing/PostProcessAssembly'
[40m[32minfo[39m[22m[49m: Microsoft.AspNetCore.Routing.EndpointMiddleware[0]
      Executing endpoint 'gRPC - /UnityILPP.PostProcessing/PostProcessAssembly'
[40m[32minfo[39m[22m[49m: Microsoft.AspNetCore.Routing.EndpointMiddleware[0]
      Executing endpoint 'gRPC - /UnityILPP.PostProcessing/PostProcessAssembly'
[40m[32minfo[39m[22m[49m: Unity.ILPP.Runner.PostProcessingPipeline[0]
      Processing assembly Library/Bee/artifacts/2400b0aE.dag/Unity.AI.ModelSelector.dll, with 131 defines and 327 references
[40m[32minfo[39m[22m[49m: Unity.ILPP.Runner.PostProcessingPipeline[0]
      Processing assembly Library/Bee/artifacts/2400b0aE.dag/Unity.AI.Generators.UI.dll, with 131 defines and 278 references
[40m[32minfo[39m[22m[49m: Unity.ILPP.Runner.PostProcessingPipeline[0]
      Processing assembly Library/Bee/artifacts/2400b0aE.dag/Unity.AI.Generators.Sdk.dll, with 131 defines and 322 references
[40m[32minfo[39m[22m[49m: Unity.ILPP.Runner.PostProcessingPipeline[0]
      processors: Unity.Jobs.CodeGen.JobsILPostProcessor, zzzUnity.Burst.CodeGen.BurstILPostProcessor
[40m[32minfo[39m[22m[49m: Unity.ILPP.Runner.PostProcessingPipeline[0]
      processors: Unity.Jobs.CodeGen.JobsILPostProcessor, zzzUnity.Burst.CodeGen.BurstILPostProcessor
[40m[32minfo[39m[22m[49m: Unity.ILPP.Runner.PostProcessingPipeline[0]
      processors: Unity.Jobs.CodeGen.JobsILPostProcessor, zzzUnity.Burst.CodeGen.BurstILPostProcessor
[40m[32minfo[39m[22m[49m: Unity.ILPP.Runner.PostProcessingPipeline[0]
      running Unity.Jobs.CodeGen.JobsILPostProcessor
[40m[32minfo[39m[22m[49m: Unity.ILPP.Runner.PostProcessingPipeline[0]
      running zzzUnity.Burst.CodeGen.BurstILPostProcessor
[40m[32minfo[39m[22m[49m: Unity.ILPP.Runner.PostProcessingPipeline[0]
      running Unity.Jobs.CodeGen.JobsILPostProcessor
[40m[32minfo[39m[22m[49m: Unity.ILPP.Runner.PostProcessingPipeline[0]
      running zzzUnity.Burst.CodeGen.BurstILPostProcessor
[40m[32minfo[39m[22m[49m: Microsoft.AspNetCore.Routing.EndpointMiddleware[1]
      Executed endpoint 'gRPC - /UnityILPP.PostProcessing/PostProcessAssembly'
[40m[32minfo[39m[22m[49m: Microsoft.AspNetCore.Hosting.Diagnostics[2]
      Request finished HTTP/2 POST http://ilpp/UnityILPP.PostProcessing/PostProcessAssembly application/grpc - - 200 - application/grpc 0.9447ms
[40m[32minfo[39m[22m[49m: Unity.ILPP.Runner.PostProcessingPipeline[0]
      running Unity.Jobs.CodeGen.JobsILPostProcessor
[40m[32minfo[39m[22m[49m: Unity.ILPP.Runner.PostProcessingPipeline[0]
      running zzzUnity.Burst.CodeGen.BurstILPostProcessor
[40m[32minfo[39m[22m[49m: Microsoft.AspNetCore.Routing.EndpointMiddleware[1]
      Executed endpoint 'gRPC - /UnityILPP.PostProcessing/PostProcessAssembly'
[40m[32minfo[39m[22m[49m: Microsoft.AspNetCore.Hosting.Diagnostics[2]
      Request finished HTTP/2 POST http://ilpp/UnityILPP.PostProcessing/PostProcessAssembly application/grpc - - 200 - application/grpc 1.3636ms
[40m[32minfo[39m[22m[49m: Microsoft.AspNetCore.Routing.EndpointMiddleware[1]
      Executed endpoint 'gRPC - /UnityILPP.PostProcessing/PostProcessAssembly'
[40m[32minfo[39m[22m[49m: Microsoft.AspNetCore.Hosting.Diagnostics[2]
      Request finished HTTP/2 POST http://ilpp/UnityILPP.PostProcessing/PostProcessAssembly application/grpc - - 200 - application/grpc 1.7770ms
[40m[32minfo[39m[22m[49m: Microsoft.AspNetCore.Hosting.Diagnostics[1]
      Request starting HTTP/2 POST http://ilpp/UnityILPP.PostProcessing/PostProcessAssembly application/grpc -
[40m[32minfo[39m[22m[49m: Microsoft.AspNetCore.Hosting.Diagnostics[1]
      Request starting HTTP/2 POST http://ilpp/UnityILPP.PostProcessing/PostProcessAssembly application/grpc -
[40m[32minfo[39m[22m[49m: Microsoft.AspNetCore.Hosting.Diagnostics[1]
      Request starting HTTP/2 POST http://ilpp/UnityILPP.PostProcessing/PostProcessAssembly application/grpc -
[40m[32minfo[39m[22m[49m: Microsoft.AspNetCore.Routing.EndpointMiddleware[0]
      Executing endpoint 'gRPC - /UnityILPP.PostProcessing/PostProcessAssembly'
[40m[32minfo[39m[22m[49m: Microsoft.AspNetCore.Routing.EndpointMiddleware[0]
      Executing endpoint 'gRPC - /UnityILPP.PostProcessing/PostProcessAssembly'
[40m[32minfo[39m[22m[49m: Microsoft.AspNetCore.Routing.EndpointMiddleware[0]
      Executing endpoint 'gRPC - /UnityILPP.PostProcessing/PostProcessAssembly'
[40m[32minfo[39m[22m[49m: Unity.ILPP.Runner.PostProcessingPipeline[0]
      Processing assembly Library/Bee/artifacts/2400b0aE.dag/Unity.AI.Pbr.dll, with 131 defines and 334 references
[40m[32minfo[39m[22m[49m: Unity.ILPP.Runner.PostProcessingPipeline[0]
      Processing assembly Library/Bee/artifacts/2400b0aE.dag/Unity.AI.Mesh.dll, with 131 defines and 332 references
[40m[32minfo[39m[22m[49m: Unity.ILPP.Runner.PostProcessingPipeline[0]
      Processing assembly Library/Bee/artifacts/2400b0aE.dag/Unity.AI.Sound.dll, with 131 defines and 334 references
[40m[32minfo[39m[22m[49m: Unity.ILPP.Runner.PostProcessingPipeline[0]
      processors: Unity.Jobs.CodeGen.JobsILPostProcessor, zzzUnity.Burst.CodeGen.BurstILPostProcessor
[40m[32minfo[39m[22m[49m: Unity.ILPP.Runner.PostProcessingPipeline[0]
      processors: Unity.Jobs.CodeGen.JobsILPostProcessor, zzzUnity.Burst.CodeGen.BurstILPostProcessor
[40m[32minfo[39m[22m[49m: Unity.ILPP.Runner.PostProcessingPipeline[0]
      processors: Unity.Jobs.CodeGen.JobsILPostProcessor, zzzUnity.Burst.CodeGen.BurstILPostProcessor
[40m[32minfo[39m[22m[49m: Unity.ILPP.Runner.PostProcessingPipeline[0]
      running Unity.Jobs.CodeGen.JobsILPostProcessor
[40m[32minfo[39m[22m[49m: Unity.ILPP.Runner.PostProcessingPipeline[0]
      running zzzUnity.Burst.CodeGen.BurstILPostProcessor
[40m[32minfo[39m[22m[49m: Unity.ILPP.Runner.PostProcessingPipeline[0]
      running Unity.Jobs.CodeGen.JobsILPostProcessor
[40m[32minfo[39m[22m[49m: Unity.ILPP.Runner.PostProcessingPipeline[0]
      running zzzUnity.Burst.CodeGen.BurstILPostProcessor
[40m[32minfo[39m[22m[49m: Unity.ILPP.Runner.PostProcessingPipeline[0]
      running Unity.Jobs.CodeGen.JobsILPostProcessor
[40m[32minfo[39m[22m[49m: Unity.ILPP.Runner.PostProcessingPipeline[0]
      running zzzUnity.Burst.CodeGen.BurstILPostProcessor
[40m[32minfo[39m[22m[49m: Microsoft.AspNetCore.Routing.EndpointMiddleware[1]
      Executed endpoint 'gRPC - /UnityILPP.PostProcessing/PostProcessAssembly'
[40m[32minfo[39m[22m[49m: Microsoft.AspNetCore.Hosting.Diagnostics[2]
      Request finished HTTP/2 POST http://ilpp/UnityILPP.PostProcessing/PostProcessAssembly application/grpc - - 200 - application/grpc 1.4772ms
[40m[32minfo[39m[22m[49m: Microsoft.AspNetCore.Routing.EndpointMiddleware[1]
      Executed endpoint 'gRPC - /UnityILPP.PostProcessing/PostProcessAssembly'
[40m[32minfo[39m[22m[49m: Microsoft.AspNetCore.Hosting.Diagnostics[2]
      Request finished HTTP/2 POST http://ilpp/UnityILPP.PostProcessing/PostProcessAssembly application/grpc - - 200 - application/grpc 1.5552ms
[40m[32minfo[39m[22m[49m: Microsoft.AspNetCore.Routing.EndpointMiddleware[1]
      Executed endpoint 'gRPC - /UnityILPP.PostProcessing/PostProcessAssembly'
[40m[32minfo[39m[22m[49m: Microsoft.AspNetCore.Hosting.Diagnostics[2]
      Request finished HTTP/2 POST http://ilpp/UnityILPP.PostProcessing/PostProcessAssembly application/grpc - - 200 - application/grpc 1.7438ms
[40m[32minfo[39m[22m[49m: Microsoft.AspNetCore.Hosting.Diagnostics[1]
      Request starting HTTP/2 POST http://ilpp/UnityILPP.PostProcessing/PostProcessAssembly application/grpc -
[40m[32minfo[39m[22m[49m: Microsoft.AspNetCore.Routing.EndpointMiddleware[0]
      Executing endpoint 'gRPC - /UnityILPP.PostProcessing/PostProcessAssembly'
[40m[32minfo[39m[22m[49m: Unity.ILPP.Runner.PostProcessingPipeline[0]
      Processing assembly Library/Bee/artifacts/2400b0aE.dag/Unity.AI.Animate.dll, with 131 defines and 335 references
[40m[32minfo[39m[22m[49m: Unity.ILPP.Runner.PostProcessingPipeline[0]
      processors: Unity.Jobs.CodeGen.JobsILPostProcessor, zzzUnity.Burst.CodeGen.BurstILPostProcessor
[40m[32minfo[39m[22m[49m: Unity.ILPP.Runner.PostProcessingPipeline[0]
      running Unity.Jobs.CodeGen.JobsILPostProcessor
[40m[32minfo[39m[22m[49m: Unity.ILPP.Runner.PostProcessingPipeline[0]
      running zzzUnity.Burst.CodeGen.BurstILPostProcessor
[40m[32minfo[39m[22m[49m: Microsoft.AspNetCore.Routing.EndpointMiddleware[1]
      Executed endpoint 'gRPC - /UnityILPP.PostProcessing/PostProcessAssembly'
[40m[32minfo[39m[22m[49m: Microsoft.AspNetCore.Hosting.Diagnostics[2]
      Request finished HTTP/2 POST http://ilpp/UnityILPP.PostProcessing/PostProcessAssembly application/grpc - - 200 - application/grpc 1.3685ms
[40m[32minfo[39m[22m[49m: Unity.ILPP.Runner.PostProcessingPipeline[0]
      running zzzUnity.Burst.CodeGen.BurstILPostProcessor
[40m[32minfo[39m[22m[49m: Unity.ILPP.Runner.PostProcessingPipeline[0]
      running zzzUnity.Burst.CodeGen.BurstILPostProcessor
[40m[32minfo[39m[22m[49m: Microsoft.AspNetCore.Routing.EndpointMiddleware[1]
      Executed endpoint 'gRPC - /UnityILPP.PostProcessing/PostProcessAssembly'
[40m[32minfo[39m[22m[49m: Microsoft.AspNetCore.Hosting.Diagnostics[2]
      Request finished HTTP/2 POST http://ilpp/UnityILPP.PostProcessing/PostProcessAssembly application/grpc - - 200 - application/grpc 33.1659ms
[40m[32minfo[39m[22m[49m: Microsoft.AspNetCore.Hosting.Diagnostics[1]
      Request starting HTTP/2 POST http://ilpp/UnityILPP.PostProcessing/PostProcessAssembly application/grpc -
[40m[32minfo[39m[22m[49m: Microsoft.AspNetCore.Routing.EndpointMiddleware[0]
      Executing endpoint 'gRPC - /UnityILPP.PostProcessing/PostProcessAssembly'
[40m[32minfo[39m[22m[49m: Unity.ILPP.Runner.PostProcessingPipeline[0]
      Processing assembly Library/Bee/artifacts/2400b0aE.dag/Unity.AI.Image.dll, with 131 defines and 335 references
[40m[32minfo[39m[22m[49m: Unity.ILPP.Runner.PostProcessingPipeline[0]
      processors: Unity.Jobs.CodeGen.JobsILPostProcessor, zzzUnity.Burst.CodeGen.BurstILPostProcessor
[40m[32minfo[39m[22m[49m: Unity.ILPP.Runner.PostProcessingPipeline[0]
      running Unity.Jobs.CodeGen.JobsILPostProcessor
[40m[32minfo[39m[22m[49m: Unity.ILPP.Runner.PostProcessingPipeline[0]
      running zzzUnity.Burst.CodeGen.BurstILPostProcessor
[40m[32minfo[39m[22m[49m: Microsoft.AspNetCore.Routing.EndpointMiddleware[1]
      Executed endpoint 'gRPC - /UnityILPP.PostProcessing/PostProcessAssembly'
[40m[32minfo[39m[22m[49m: Microsoft.AspNetCore.Hosting.Diagnostics[2]
      Request finished HTTP/2 POST http://ilpp/UnityILPP.PostProcessing/PostProcessAssembly application/grpc - - 200 - application/grpc 3.5635ms
[40m[32minfo[39m[22m[49m: Microsoft.AspNetCore.Hosting.Diagnostics[1]
      Request starting HTTP/2 POST http://ilpp/UnityILPP.PostProcessing/PostProcessAssembly application/grpc -
[40m[32minfo[39m[22m[49m: Microsoft.AspNetCore.Routing.EndpointMiddleware[0]
      Executing endpoint 'gRPC - /UnityILPP.PostProcessing/PostProcessAssembly'
[40m[32minfo[39m[22m[49m: Unity.ILPP.Runner.PostProcessingPipeline[0]
      Processing assembly Library/Bee/artifacts/2400b0aE.dag/Unity.AI.Generators.Tools.dll, with 131 defines and 331 references
[40m[32minfo[39m[22m[49m: Unity.ILPP.Runner.PostProcessingPipeline[0]
      processors: Unity.Jobs.CodeGen.JobsILPostProcessor, zzzUnity.Burst.CodeGen.BurstILPostProcessor
[40m[32minfo[39m[22m[49m: Unity.ILPP.Runner.PostProcessingPipeline[0]
      running Unity.Jobs.CodeGen.JobsILPostProcessor
[40m[32minfo[39m[22m[49m: Unity.ILPP.Runner.PostProcessingPipeline[0]
      running zzzUnity.Burst.CodeGen.BurstILPostProcessor
[40m[32minfo[39m[22m[49m: Microsoft.AspNetCore.Routing.EndpointMiddleware[1]
      Executed endpoint 'gRPC - /UnityILPP.PostProcessing/PostProcessAssembly'
[40m[32minfo[39m[22m[49m: Microsoft.AspNetCore.Hosting.Diagnostics[2]
      Request finished HTTP/2 POST http://ilpp/UnityILPP.PostProcessing/PostProcessAssembly application/grpc - - 200 - application/grpc 0.8908ms
[40m[32minfo[39m[22m[49m: Microsoft.AspNetCore.Routing.EndpointMiddleware[1]
      Executed endpoint 'gRPC - /UnityILPP.PostProcessing/PostProcessAssembly'
[40m[32minfo[39m[22m[49m: Microsoft.AspNetCore.Hosting.Diagnostics[2]
      Request finished HTTP/2 POST http://ilpp/UnityILPP.PostProcessing/PostProcessAssembly application/grpc - - 200 - application/grpc 48.3225ms
[40m[32minfo[39m[22m[49m: Microsoft.AspNetCore.Hosting.Diagnostics[1]
      Request starting HTTP/2 POST http://ilpp/UnityILPP.PostProcessing/PostProcessAssembly application/grpc -
[40m[32minfo[39m[22m[49m: Microsoft.AspNetCore.Hosting.Diagnostics[1]
      Request starting HTTP/2 POST http://ilpp/UnityILPP.PostProcessing/PostProcessAssembly application/grpc -
[40m[32minfo[39m[22m[49m: Microsoft.AspNetCore.Routing.EndpointMiddleware[0]
      Executing endpoint 'gRPC - /UnityILPP.PostProcessing/PostProcessAssembly'
[40m[32minfo[39m[22m[49m: Microsoft.AspNetCore.Routing.EndpointMiddleware[0]
      Executing endpoint 'gRPC - /UnityILPP.PostProcessing/PostProcessAssembly'
[40m[32minfo[39m[22m[49m: Unity.ILPP.Runner.PostProcessingPipeline[0]
      Processing assembly Library/Bee/artifacts/2400b0aE.dag/Unity.AI.Assistant.AssetGenerators.Editor.dll, with 131 defines and 276 references
[40m[32minfo[39m[22m[49m: Unity.ILPP.Runner.PostProcessingPipeline[0]
      processors: Unity.Jobs.CodeGen.JobsILPostProcessor, zzzUnity.Burst.CodeGen.BurstILPostProcessor
[40m[32minfo[39m[22m[49m: Unity.ILPP.Runner.PostProcessingPipeline[0]
      running Unity.Jobs.CodeGen.JobsILPostProcessor
[40m[32minfo[39m[22m[49m: Unity.ILPP.Runner.PostProcessingPipeline[0]
      running zzzUnity.Burst.CodeGen.BurstILPostProcessor
[40m[32minfo[39m[22m[49m: Unity.ILPP.Runner.PostProcessingPipeline[0]
      Processing assembly Library/Bee/artifacts/2400b0aE.dag/Unity.AI.MCP.Editor.dll, with 131 defines and 279 references
[40m[32minfo[39m[22m[49m: Unity.ILPP.Runner.PostProcessingPipeline[0]
      processors: Unity.Jobs.CodeGen.JobsILPostProcessor, zzzUnity.Burst.CodeGen.BurstILPostProcessor
[40m[32minfo[39m[22m[49m: Microsoft.AspNetCore.Routing.EndpointMiddleware[1]
      Executed endpoint 'gRPC - /UnityILPP.PostProcessing/PostProcessAssembly'
[40m[32minfo[39m[22m[49m: Microsoft.AspNetCore.Hosting.Diagnostics[2]
      Request finished HTTP/2 POST http://ilpp/UnityILPP.PostProcessing/PostProcessAssembly application/grpc - - 200 - application/grpc 1.0137ms
[40m[32minfo[39m[22m[49m: Unity.ILPP.Runner.PostProcessingPipeline[0]
      running Unity.Jobs.CodeGen.JobsILPostProcessor
[40m[32minfo[39m[22m[49m: Unity.ILPP.Runner.PostProcessingPipeline[0]
      running zzzUnity.Burst.CodeGen.BurstILPostProcessor
[40m[32minfo[39m[22m[49m: Microsoft.AspNetCore.Routing.EndpointMiddleware[1]
      Executed endpoint 'gRPC - /UnityILPP.PostProcessing/PostProcessAssembly'
[40m[32minfo[39m[22m[49m: Microsoft.AspNetCore.Hosting.Diagnostics[2]
      Request finished HTTP/2 POST http://ilpp/UnityILPP.PostProcessing/PostProcessAssembly application/grpc - - 200 - application/grpc 2.2514ms
[40m[32minfo[39m[22m[49m: Microsoft.AspNetCore.Hosting.Diagnostics[1]
      Request starting HTTP/2 POST http://ilpp/UnityILPP.PostProcessing/PostProcessAssembly application/grpc -
[40m[32minfo[39m[22m[49m: Microsoft.AspNetCore.Routing.EndpointMiddleware[0]
      Executing endpoint 'gRPC - /UnityILPP.PostProcessing/PostProcessAssembly'
[40m[32minfo[39m[22m[49m: Unity.ILPP.Runner.PostProcessingPipeline[0]
      Processing assembly Library/Bee/artifacts/2400b0aE.dag/ProjectAegis.Unity.Runtime.dll, with 133 defines and 285 references
[40m[32minfo[39m[22m[49m: Unity.ILPP.Runner.PostProcessingPipeline[0]
      processors: Unity.Jobs.CodeGen.JobsILPostProcessor, zzzUnity.Burst.CodeGen.BurstILPostProcessor
[40m[32minfo[39m[22m[49m: Unity.ILPP.Runner.PostProcessingPipeline[0]
      running Unity.Jobs.CodeGen.JobsILPostProcessor
[40m[32minfo[39m[22m[49m: Unity.ILPP.Runner.PostProcessingPipeline[0]
      running zzzUnity.Burst.CodeGen.BurstILPostProcessor
[40m[32minfo[39m[22m[49m: Microsoft.AspNetCore.Routing.EndpointMiddleware[1]
      Executed endpoint 'gRPC - /UnityILPP.PostProcessing/PostProcessAssembly'
[40m[32minfo[39m[22m[49m: Microsoft.AspNetCore.Hosting.Diagnostics[2]
      Request finished HTTP/2 POST http://ilpp/UnityILPP.PostProcessing/PostProcessAssembly application/grpc - - 200 - application/grpc 1.0371ms
[40m[32minfo[39m[22m[49m: Microsoft.AspNetCore.Hosting.Diagnostics[1]
      Request starting HTTP/2 POST http://ilpp/UnityILPP.PostProcessing/PostProcessAssembly application/grpc -
[40m[32minfo[39m[22m[49m: Microsoft.AspNetCore.Hosting.Diagnostics[1]
      Request starting HTTP/2 POST http://ilpp/UnityILPP.PostProcessing/PostProcessAssembly application/grpc -
[40m[32minfo[39m[22m[49m: Microsoft.AspNetCore.Routing.EndpointMiddleware[0]
      Executing endpoint 'gRPC - /UnityILPP.PostProcessing/PostProcessAssembly'
[40m[32minfo[39m[22m[49m: Microsoft.AspNetCore.Routing.EndpointMiddleware[0]
      Executing endpoint 'gRPC - /UnityILPP.PostProcessing/PostProcessAssembly'
[40m[32minfo[39m[22m[49m: Unity.ILPP.Runner.PostProcessingPipeline[0]
      Processing assembly Library/Bee/artifacts/2400b0aE.dag/ProjectAegis.Unity.Editor.dll, with 131 defines and 321 references
[40m[32minfo[39m[22m[49m: Unity.ILPP.Runner.PostProcessingPipeline[0]
      Processing assembly Library/Bee/artifacts/2400b0aE.dag/ProjectAegis.Unity.Tests.dll, with 133 defines and 236 references
[40m[32minfo[39m[22m[49m: Unity.ILPP.Runner.PostProcessingPipeline[0]
      processors: Unity.Jobs.CodeGen.JobsILPostProcessor, zzzUnity.Burst.CodeGen.BurstILPostProcessor
[40m[32minfo[39m[22m[49m: Unity.ILPP.Runner.PostProcessingPipeline[0]
      processors: Unity.Jobs.CodeGen.JobsILPostProcessor, zzzUnity.Burst.CodeGen.BurstILPostProcessor
[40m[32minfo[39m[22m[49m: Unity.ILPP.Runner.PostProcessingPipeline[0]
      running Unity.Jobs.CodeGen.JobsILPostProcessor
[40m[32minfo[39m[22m[49m: Unity.ILPP.Runner.PostProcessingPipeline[0]
      running Unity.Jobs.CodeGen.JobsILPostProcessor
[40m[32minfo[39m[22m[49m: Unity.ILPP.Runner.PostProcessingPipeline[0]
      running zzzUnity.Burst.CodeGen.BurstILPostProcessor
[40m[32minfo[39m[22m[49m: Unity.ILPP.Runner.PostProcessingPipeline[0]
      running zzzUnity.Burst.CodeGen.BurstILPostProcessor
[40m[32minfo[39m[22m[49m: Microsoft.AspNetCore.Routing.EndpointMiddleware[1]
      Executed endpoint 'gRPC - /UnityILPP.PostProcessing/PostProcessAssembly'
[40m[32minfo[39m[22m[49m: Microsoft.AspNetCore.Hosting.Diagnostics[2]
      Request finished HTTP/2 POST http://ilpp/UnityILPP.PostProcessing/PostProcessAssembly application/grpc - - 200 - application/grpc 1.0007ms
[40m[32minfo[39m[22m[49m: Microsoft.AspNetCore.Routing.EndpointMiddleware[1]
      Executed endpoint 'gRPC - /UnityILPP.PostProcessing/PostProcessAssembly'
[40m[32minfo[39m[22m[49m: Microsoft.AspNetCore.Hosting.Diagnostics[2]
      Request finished HTTP/2 POST http://ilpp/UnityILPP.PostProcessing/PostProcessAssembly application/grpc - - 200 - application/grpc 1.0509ms
ExitCode: 0 Duration: 2s509ms
Finished compiling graph: 970 nodes, 17940 flattened edges (14968 ToBuild, 170 ToUse), maximum node priority 786
[           0s] Delete 36 artifact files that are no longer in use. (like Library/ScriptAssemblies/com.IvanMurzak.Unity.MCP.Editor.pdb)
[183/967    0s] WriteText Library/Bee/artifacts/2400b0aE.dag/UnityEngine.TestRunner.rsp
[209/967    0s] WriteText Library/Bee/artifacts/2400b0aE.dag/Unity.Mathematics.rsp
[235/967    0s] WriteText Library/Bee/artifacts/2400b0aE.dag/UnityEditor.TestRunner.rsp
[236/967    0s] WriteText Library/Bee/artifacts/2400b0aE.dag/Unity.AI.Toolkit.Async.rsp
[242/967    0s] WriteText Library/Bee/artifacts/2400b0aE.dag/Unity.AI.Toolkit.Utility.rsp
[245/967    0s] WriteText Library/Bee/artifacts/2400b0aE.dag/Unity.AI.Toolkit.Asset.rsp
[253/967    0s] WriteText Library/Bee/artifacts/2400b0aE.dag/Unity.AI.Toolkit.Accounts.rsp
[254/967    0s] WriteText Library/Bee/artifacts/2400b0aE.dag/Unity.AI.Toolkit.Compliance.rsp
[255/967    0s] WriteText Library/Bee/artifacts/2400b0aE.dag/Unity.AI.Generators.Contexts.rsp
[256/967    0s] WriteText Library/Bee/artifacts/2400b0aE.dag/Unity.2D.Sprite.Editor.rsp
[257/967    0s] WriteText Library/Bee/artifacts/2400b0aE.dag/Unity.Collections.rsp
[258/967    0s] WriteText Library/Bee/artifacts/2400b0aE.dag/Unity.AI.Tracing.rsp
[263/967    0s] WriteText Library/Bee/artifacts/2400b0aE.dag/Unity.AI.Generators.Redux.rsp
[264/967    0s] WriteText Library/Bee/artifacts/2400b0aE.dag/Unity.AI.Generators.Asset.rsp
[265/967    0s] WriteText Library/Bee/artifacts/2400b0aE.dag/Unity.Burst.CodeGen.rsp
[273/967    0s] WriteText Library/Bee/artifacts/2400b0aE.dag/Unity.Profiling.Core.rsp
[277/967    0s] WriteText Library/Bee/artifacts/2400b0aE.dag/Unity.AI.Generators.Sdk.rsp
[278/967    0s] WriteText Library/Bee/artifacts/2400b0aE.dag/Unity.AppUI.InternalAPIBridge.rsp
[280/967    0s] WriteText Library/Bee/artifacts/2400b0aE.dag/Unity.AI.Generators.UI.AIDropdownIntegrations.rsp
[281/967    0s] WriteText Library/Bee/artifacts/2400b0aE.dag/Unity.AI.Generators.UI.rsp
[282/967    0s] WriteText Library/Bee/artifacts/2400b0aE.dag/Unity.AI.Generators.IO.rsp
[288/967    0s] WriteText Library/Bee/artifacts/2400b0aE.dag/Unity.AI.Generators.IO.Srp.rsp
[289/967    0s] WriteText Library/Bee/artifacts/2400b0aE.dag/Unity.AI.Assistant.Bridge.Editor.rsp
[290/967    0s] WriteText Library/Bee/artifacts/2400b0aE.dag/Unity.AI.Assistant.Editor.rsp
[291/967    0s] WriteText Library/Bee/artifacts/2400b0aE.dag/HFDownloader.rsp
[292/967    0s] WriteText Library/Bee/artifacts/2400b0aE.dag/Unity.AI.ModelSelector.rsp
[293/967    0s] WriteText Library/Bee/artifacts/2400b0aE.dag/Unity.InferenceEngine.rsp
[294/967    0s] WriteText Library/Bee/artifacts/2400b0aE.dag/Unity.AI.Assistant.Runtime.rsp
[329/967    0s] WriteText Library/Bee/artifacts/2400b0aE.dag/Unity.AppUI.rsp
[330/967    0s] WriteText Library/Bee/artifacts/2400b0aE.dag/Unity.ResourceManager.rsp
[344/967    0s] WriteText Library/Bee/artifacts/2400b0aE.dag/Unity.Collections.CodeGen.rsp
[348/967    0s] WriteText Library/Bee/artifacts/2400b0aE.dag/Unity.AI.Assistant.Agent.Dynamic.Extension.Editor.rsp
[349/967    0s] WriteText Library/Bee/artifacts/2400b0aE.dag/Unity.Burst.rsp
[366/967    0s] WriteText Library/Bee/artifacts/2400b0aE.dag/Unity.ScriptableBuildPipeline.rsp
[367/967    0s] WriteText Library/Bee/artifacts/2400b0aE.dag/Unity.AI.Pbr.Srp.rsp
[377/967    0s] WriteText Library/Bee/artifacts/2400b0aE.dag/Unity.AI.Search.Editor.rsp
[378/967    0s] WriteText Library/Bee/artifacts/2400b0aE.dag/Unity.AI.Generators.Tools.rsp
[378/967    0s] Csc Library/Bee/artifacts/2400b0aE.dag/Unity.AI.Tracing.dll (+2 others) [CacheHit e1a1f14630fccbb2558d979aceec1ffa00000000000000000000000000000005]
[379/967    0s] WriteText Library/Bee/artifacts/2400b0aE.dag/Unity.AI.Assistant.Tools.Editor.rsp
[379/967    0s] Csc Library/Bee/artifacts/2400b0aE.dag/UnityEngine.TestRunner.dll (+2 others) [CacheHit 21a65b89e7753dcd9c2aab73c7a7267200000000000000000000000000000005]
[380/967    0s] WriteText Library/Bee/artifacts/2400b0aE.dag/Unity.AI.Toolkit.GenerationContextMenu.rsp
[381/967    0s] WriteText Library/Bee/artifacts/2400b0aE.dag/Unity.AI.Toolkit.GenerationObjectPicker.rsp
[382/967    0s] WriteText Library/Bee/artifacts/2400b0aE.dag/Unity.AppUI.Editor.rsp
[383/967    0s] WriteText Library/Bee/artifacts/2400b0aE.dag/Unity.AI.Animate.Motion.Runtime.rsp
[384/967    0s] WriteText Library/Bee/artifacts/2400b0aE.dag/Unity.AI.Sound.rsp
[388/967    0s] WriteText Library/Bee/artifacts/2400b0aE.dag/Unity.AI.Assistant.Annotations.Editor.rsp
[389/967    0s] WriteText Library/Bee/artifacts/2400b0aE.dag/Unity.AI.Mesh.rsp
[413/967    0s] WriteText Library/Bee/artifacts/2400b0aE.dag/Unity.AI.Pbr.rsp
[416/967    0s] WriteText Library/Bee/artifacts/2400b0aE.dag/Unity.AI.Animate.rsp
[418/967    0s] WriteText Library/Bee/artifacts/2400b0aE.dag/Unity.AppUI.Redux.rsp
[420/967    0s] WriteText Library/Bee/artifacts/2400b0aE.dag/ProjectAegis.Unity.Runtime.rsp
[422/967    0s] WriteText Library/Bee/artifacts/2400b0aE.dag/Unity.SysrootPackage.Editor.rsp
[423/967    0s] WriteText Library/Bee/artifacts/2400b0aE.dag/Unity.InferenceEngine.Microsoft.Msagl.rsp
[424/967    0s] WriteText Library/Bee/artifacts/2400b0aE.dag/Unity.AI.Image.rsp
[447/967    0s] WriteText Library/Bee/artifacts/2400b0aE.dag/Unity.AI.Assistant.UI.Editor.rsp
[449/967   1788551832s] Csc Library/Bee/artifacts/2400b0aE.dag/Unity.AI.Tracing.dll (+2 others)
[451/967    0s] WriteText Library/Bee/artifacts/2400b0aE.dag/Unity.Addressables.Editor.rsp
[452/967    0s] WriteText Library/Bee/artifacts/2400b0aE.dag/Unity.AI.Assistant.API.Editor.rsp
[453/967    0s] WriteText Library/Bee/artifacts/2400b0aE.dag/Unity.ScriptableBuildPipeline.Editor.rsp
[462/967    0s] WriteText Library/Bee/artifacts/2400b0aE.dag/Unity.InferenceEngine.Editor.Visualizer.rsp
[467/967   1788551832s] Csc Library/Bee/artifacts/2400b0aE.dag/UnityEngine.TestRunner.dll (+2 others)
[476/967    0s] WriteText Library/Bee/artifacts/2400b0aE.dag/Unity.PerformanceTesting.rsp
[475/967    0s] Csc Library/Bee/artifacts/2400b0aE.dag/Unity.Mathematics.dll (+2 others) [CacheHit 9178c15c39e20cb9027decb8763666b700000000000000000000000000000005]
[480/967    0s] WriteText Library/Bee/artifacts/2400b0aE.dag/Unity.Addressables.rsp
[481/967    0s] WriteText Library/Bee/artifacts/2400b0aE.dag/Unity.InferenceEngine.MacBLAS.rsp
[482/967    0s] WriteText Library/Bee/artifacts/2400b0aE.dag/Unity.InferenceEngine.ONNX.Editor.rsp
[483/967   1788551832s] Csc Library/Bee/artifacts/2400b0aE.dag/Unity.Mathematics.dll (+2 others)
[485/967    0s] WriteText Library/Bee/artifacts/2400b0aE.dag/Unity.AI.MCP.Runtime.rsp
[486/967    0s] WriteText Library/Bee/artifacts/2400b0aE.dag/Unity.AppUI.Navigation.rsp
[488/967    0s] WriteText Library/Bee/artifacts/2400b0aE.dag/Unity.InferenceEngine.Tokenization.rsp
[489/967    0s] WriteText Library/Bee/artifacts/2400b0aE.dag/Unity.AI.Assistant.AssetGenerators.Editor.rsp
[490/967    0s] WriteText Library/Bee/artifacts/2400b0aE.dag/Unity.PerformanceTesting.Editor.rsp
[491/967    0s] WriteText Library/Bee/artifacts/2400b0aE.dag/Unity.AppUI.Undo.rsp
[492/967    0s] WriteText Library/Bee/artifacts/2400b0aE.dag/Unity.InferenceEngine.Editor.rsp
[494/967    0s] WriteText Library/Bee/artifacts/2400b0aE.dag/Unity.InferenceEngine.iOSBLAS.rsp
[495/967    0s] WriteText Library/Bee/artifacts/2400b0aE.dag/Unity.AppUI.MVVM.rsp
[496/967    0s] WriteText Library/Bee/artifacts/2400b0aE.dag/Extensions.Unity.PlayerPrefsEx.rsp
[497/967    0s] WriteText Library/Bee/artifacts/2400b0aE.dag/ProjectAegis.Unity.Tests.rsp
[498/967    0s] WriteText Library/Bee/artifacts/2400b0aE.dag/Unity.AppUI.Redux.Editor.rsp
[499/967    0s] WriteText Library/Bee/artifacts/2400b0aE.dag/Unity.Addressables.DocExampleCode.Editor.Tests.rsp
[500/967    0s] WriteText Library/Bee/artifacts/2400b0aE.dag/Unity.Toolchain.Linux-x86_64-Linux.rsp
[501/967    0s] WriteText Library/Bee/artifacts/2400b0aE.dag/ProjectAegis.Unity.Editor.rsp
[502/967    0s] WriteText Library/Bee/artifacts/2400b0aE.dag/Unity.Collections.Editor.rsp
[504/967    0s] WriteText Library/Bee/artifacts/2400b0aE.dag/Unity.AI.Assistant.Integrations.Profiler.Editor.rsp
[505/967    0s] WriteText Library/Bee/artifacts/2400b0aE.dag/Unity.AppUI.Navigation.Editor.rsp
[502/967    0s] Csc Library/Bee/artifacts/2400b0aE.dag/Unity.Profiling.Core.dll (+2 others) [CacheHit ccf3eea23b1e956a44007cc697a6099300000000000000000000000000000005]
[506/967   1788551832s] Csc Library/Bee/artifacts/2400b0aE.dag/Unity.Profiling.Core.dll (+2 others)
[508/967    0s] WriteText Library/Bee/artifacts/2400b0aE.dag/com.IvanMurzak.Unity.MCP.DependencyResolver.rsp
[510/967    0s] WriteText Library/Bee/artifacts/2400b0aE.dag/Unity.Burst.Editor.rsp
[506/967    0s] Csc Library/Bee/artifacts/2400b0aE.dag/Unity.AppUI.InternalAPIBridge.dll (+2 others) [CacheHit 98f1dcac8c70199a5a0ed57b5ca9e9b100000000000000000000000000000005]
[506/967    0s] Csc Library/Bee/artifacts/2400b0aE.dag/Unity.ScriptableBuildPipeline.dll (+2 others) [CacheHit 839fd041ff1548464d210586bcf6af1d00000000000000000000000000000005]
[506/967    0s] Csc Library/Bee/artifacts/2400b0aE.dag/Unity.AI.Animate.Motion.Runtime.dll (+2 others) [CacheHit 12ee748609afb233583935a2291b1d1d00000000000000000000000000000005]
[512/967   1788551832s] Csc Library/Bee/artifacts/2400b0aE.dag/Unity.AppUI.InternalAPIBridge.dll (+2 others)
[514/967    0s] WriteText Library/Bee/artifacts/2400b0aE.dag/Unity.Mathematics.Editor.rsp
[515/967   1788551832s] Csc Library/Bee/artifacts/2400b0aE.dag/Unity.ScriptableBuildPipeline.dll (+2 others)
[517/967   1788551832s] Csc Library/Bee/artifacts/2400b0aE.dag/Unity.AI.Animate.Motion.Runtime.dll (+2 others)
[519/967    0s] WriteText Library/Bee/artifacts/2400b0aE.dag/Unity.AutoGroupGenerator.Editor.rsp
[520/967    0s] WriteText Library/Bee/artifacts/2400b0aE.dag/Unity.AI.MCP.Editor.rsp
[521/967    0s] WriteText Library/Bee/artifacts/2400b0aE.dag/Unity.Sysroot.Linux_x86_64.rsp
[516/967    0s] Csc Library/Bee/artifacts/2400b0aE.dag/Unity.Burst.dll (+2 others) [CacheHit de14a31f1a61c279b19579d1a523268100000000000000000000000000000005]
[524/967   1788551832s] Csc Library/Bee/artifacts/2400b0aE.dag/Unity.Burst.dll (+2 others)
[528/967    0s] CopyFiles Library/ScriptAssemblies/UnityEngine.TestRunner.pdb
[531/967    0s] CopyFiles Library/ScriptAssemblies/UnityEngine.TestRunner.dll
[523/967    0s] Csc Library/Bee/artifacts/2400b0aE.dag/Extensions.Unity.PlayerPrefsEx.dll (+2 others) [CacheHit c3c9c1d05ae6cf642248e3156b7d5b2200000000000000000000000000000005]
[532/967   1788551832s] Csc Library/Bee/artifacts/2400b0aE.dag/Extensions.Unity.PlayerPrefsEx.dll (+2 others)
[524/967    0s] Csc Library/Bee/artifacts/2400b0aE.dag/Unity.InferenceEngine.Tokenization.dll (+2 others) [CacheHit c366901c5b07cb57dfd89287cf62796500000000000000000000000000000005]
[534/967   1788551832s] Csc Library/Bee/artifacts/2400b0aE.dag/Unity.InferenceEngine.Tokenization.dll (+2 others)
[525/967    0s] Csc Library/Bee/artifacts/2400b0aE.dag/Unity.PerformanceTesting.dll (+2 others) [CacheHit c8015045a14e7339f3dba21708b079e000000000000000000000000000000005]
[536/967   1788551832s] Csc Library/Bee/artifacts/2400b0aE.dag/Unity.PerformanceTesting.dll (+2 others)
[527/967    0s] Csc Library/Bee/artifacts/2400b0aE.dag/Unity.Burst.CodeGen.dll (+2 others) [CacheHit 6f041d762cb518fd7244ae1fdb3f41e000000000000000000000000000000005]
[539/967   1788551832s] Csc Library/Bee/artifacts/2400b0aE.dag/Unity.Burst.CodeGen.dll (+2 others)
[528/967    0s] Csc Library/Bee/artifacts/2400b0aE.dag/Unity.ResourceManager.dll (+2 others) [CacheHit 31b494b83e19172f7d9b6d03f801007200000000000000000000000000000005]
[541/967   1788551832s] Csc Library/Bee/artifacts/2400b0aE.dag/Unity.ResourceManager.dll (+2 others)
[543/967    0s] CopyFiles Library/ScriptAssemblies/Unity.Burst.CodeGen.pdb
[544/967    0s] CopyFiles Library/ScriptAssemblies/Unity.Burst.CodeGen.dll
[534/967    0s] Csc Library/Bee/artifacts/2400b0aE.dag/Unity.Collections.dll (+2 others) [CacheHit 563716c7ca2a2c2f63226188316656f200000000000000000000000000000005]
[548/967   1788551832s] Csc Library/Bee/artifacts/2400b0aE.dag/Unity.Collections.dll (+2 others)
[538/967    0s] Csc Library/Bee/artifacts/2400b0aE.dag/Unity.AI.Assistant.Runtime.dll (+2 others) [CacheHit 47c20d919e12c172cf271085b727b57900000000000000000000000000000005]
[553/967   1788551832s] Csc Library/Bee/artifacts/2400b0aE.dag/Unity.AI.Assistant.Runtime.dll (+2 others)
[540/967    0s] Csc Library/Bee/artifacts/2400b0aE.dag/Unity.Collections.CodeGen.dll (+2 others) [CacheHit 01657e9b3ed5cc8391ef1b132bc358d700000000000000000000000000000005]
[556/967   1788551832s] Csc Library/Bee/artifacts/2400b0aE.dag/Unity.Collections.CodeGen.dll (+2 others)
[541/967    0s] Csc Library/Bee/artifacts/2400b0aE.dag/Unity.Addressables.dll (+2 others) [CacheHit a37bb12b3323d8a24c95512da0a5794f00000000000000000000000000000005]
[558/967   1788551832s] Csc Library/Bee/artifacts/2400b0aE.dag/Unity.Addressables.dll (+2 others)
[561/967    0s] CopyFiles Library/ScriptAssemblies/Unity.Collections.CodeGen.dll
[562/967    0s] CopyFiles Library/ScriptAssemblies/Unity.Collections.CodeGen.pdb
[545/967    0s] Csc Library/Bee/artifacts/2400b0aE.dag/Unity.InferenceEngine.dll (+2 others) [CacheHit a595bddfc15b7d168425944ff107244e00000000000000000000000000000005]
[563/967   1788551832s] Csc Library/Bee/artifacts/2400b0aE.dag/Unity.InferenceEngine.dll (+2 others)
[549/967    0s] Csc Library/Bee/artifacts/2400b0aE.dag/Unity.AppUI.dll (+2 others) [CacheHit d415b6d439edf1bda6f29910bd49904c00000000000000000000000000000005]
[568/967   1788551832s] Csc Library/Bee/artifacts/2400b0aE.dag/Unity.AppUI.dll (+2 others)
[554/967    0s] Csc Library/Bee/artifacts/2400b0aE.dag/Unity.InferenceEngine.MacBLAS.dll (+2 others) [CacheHit 946d160a931d12147fd4b12010ad117400000000000000000000000000000005]
[574/967   1788551832s] Csc Library/Bee/artifacts/2400b0aE.dag/Unity.InferenceEngine.MacBLAS.dll (+2 others)
[555/967    0s] Csc Library/Bee/artifacts/2400b0aE.dag/Unity.InferenceEngine.iOSBLAS.dll (+2 others) [CacheHit f11b72f5733efd7aa617e7dce151813300000000000000000000000000000005]
[576/967   1788551832s] Csc Library/Bee/artifacts/2400b0aE.dag/Unity.InferenceEngine.iOSBLAS.dll (+2 others)
[556/967    0s] Csc Library/Bee/artifacts/2400b0aE.dag/Unity.AppUI.MVVM.dll (+2 others) [CacheHit c02e80c0daba9f7b9eb0b3cfcd9d97e900000000000000000000000000000005]
[578/967   1788551832s] Csc Library/Bee/artifacts/2400b0aE.dag/Unity.AppUI.MVVM.dll (+2 others)
[557/967    0s] Csc Library/Bee/artifacts/2400b0aE.dag/Unity.AppUI.Redux.dll (+2 others) [CacheHit d7f396bf9479f3597c9ec95b6bbb06b400000000000000000000000000000005]
[557/967    0s] Csc Library/Bee/artifacts/2400b0aE.dag/Unity.AppUI.Navigation.dll (+2 others) [CacheHit ce1df65590c427c7907346b53cb5735f00000000000000000000000000000005]
[580/967   1788551832s] Csc Library/Bee/artifacts/2400b0aE.dag/Unity.AppUI.Redux.dll (+2 others)
[582/967   1788551832s] Csc Library/Bee/artifacts/2400b0aE.dag/Unity.AppUI.Navigation.dll (+2 others)
[561/967    0s] Csc Library/Bee/artifacts/2400b0aE.dag/UnityEditor.TestRunner.dll (+2 others) [CacheHit 51fb5d6034af450036e63837de855f8c00000000000000000000000000000005]
[586/967    0s] ILPP-Configuration Library/ilpp-configuration.nevergeneratedoutput
[587/967   1788551832s] Csc Library/Bee/artifacts/2400b0aE.dag/UnityEditor.TestRunner.dll (+2 others)
[610/967    0s] CopyFiles Library/ScriptAssemblies/UnityEditor.TestRunner.dll
[611/967    0s] CopyFiles Library/ScriptAssemblies/UnityEditor.TestRunner.pdb
[585/967    0s] Csc Library/Bee/artifacts/2400b0aE.dag/Unity.AI.Assistant.Agent.Dynamic.Extension.Editor.dll (+2 others) [CacheHit aba132683ac1f8fb8d9c0feb1850f17900000000000000000000000000000005]
[585/967    0s] Csc Library/Bee/artifacts/2400b0aE.dag/Unity.AI.Assistant.Bridge.Editor.dll (+2 others) [CacheHit d0a2790080c96d8bfcf65df17721c1e400000000000000000000000000000005]
[585/967    0s] Csc Library/Bee/artifacts/2400b0aE.dag/Unity.AppUI.Editor.dll (+2 others) [CacheHit 266b0958791af53dc9a1e4f27660e2ba00000000000000000000000000000005]
[585/967    0s] Csc Library/Bee/artifacts/2400b0aE.dag/Unity.AI.Toolkit.Utility.dll (+2 others) [CacheHit 436cedba7cbea4a5b4357dc60208d41f00000000000000000000000000000005]
[612/967   1788551832s] Csc Library/Bee/artifacts/2400b0aE.dag/Unity.AI.Assistant.Agent.Dynamic.Extension.Editor.dll (+2 others)
[614/967   1788551832s] Csc Library/Bee/artifacts/2400b0aE.dag/Unity.AI.Assistant.Bridge.Editor.dll (+2 others)
[616/967   1788551832s] Csc Library/Bee/artifacts/2400b0aE.dag/Unity.AppUI.Editor.dll (+2 others)
[618/967   1788551832s] Csc Library/Bee/artifacts/2400b0aE.dag/Unity.AI.Toolkit.Utility.dll (+2 others)
[594/967    0s] Csc Library/Bee/artifacts/2400b0aE.dag/Unity.Collections.Editor.dll (+2 others) [CacheHit dc515675d20d1ae8ffb0f35fa0c86d6f00000000000000000000000000000005]
[626/967   1788551832s] Csc Library/Bee/artifacts/2400b0aE.dag/Unity.Collections.Editor.dll (+2 others)
[596/967    0s] Csc Library/Bee/artifacts/2400b0aE.dag/Unity.AI.Toolkit.Compliance.dll (+2 others) [CacheHit 1bab5a6e3d925d8e420fcab43af1662800000000000000000000000000000005]
[628/967   1788551832s] Csc Library/Bee/artifacts/2400b0aE.dag/Unity.AI.Toolkit.Compliance.dll (+2 others)
[597/967    0s] Csc Library/Bee/artifacts/2400b0aE.dag/HFDownloader.dll (+2 others) [CacheHit 2ba88c93839ea62d2116e5380f36845700000000000000000000000000000005]
[597/967    0s] Csc Library/Bee/artifacts/2400b0aE.dag/com.IvanMurzak.Unity.MCP.DependencyResolver.dll (+2 others) [CacheHit c43822bd68c09543b59b0aa5ece457f800000000000000000000000000000005]
[630/967   1788551832s] Csc Library/Bee/artifacts/2400b0aE.dag/HFDownloader.dll (+2 others)
[632/967   1788551832s] Csc Library/Bee/artifacts/2400b0aE.dag/com.IvanMurzak.Unity.MCP.DependencyResolver.dll (+2 others)
[600/967    0s] Csc Library/Bee/artifacts/2400b0aE.dag/Unity.2D.Sprite.Editor.dll (+2 others) [CacheHit bf9e3e234b029a66d07e248e5a1147a000000000000000000000000000000005]
[635/967   1788551832s] Csc Library/Bee/artifacts/2400b0aE.dag/Unity.2D.Sprite.Editor.dll (+2 others)
[601/967    0s] Csc Library/Bee/artifacts/2400b0aE.dag/Unity.Mathematics.Editor.dll (+2 others) [CacheHit 9fd52f6a2b8ce3fb1b81da2fd931c2b200000000000000000000000000000005]
[637/967   1788551832s] Csc Library/Bee/artifacts/2400b0aE.dag/Unity.Mathematics.Editor.dll (+2 others)
[602/967    0s] Csc Library/Bee/artifacts/2400b0aE.dag/Unity.SysrootPackage.Editor.dll (+2 others) [CacheHit f9f9f5e991a07bf186bc38f022c146f400000000000000000000000000000005]
[639/967   1788551832s] Csc Library/Bee/artifacts/2400b0aE.dag/Unity.SysrootPackage.Editor.dll (+2 others)
[603/967    0s] Csc Library/Bee/artifacts/2400b0aE.dag/Unity.PerformanceTesting.Editor.dll (+2 others) [CacheHit 5ba953cc7e070b0de5d1b61f0c68626500000000000000000000000000000005]
[604/967    0s] Csc Library/Bee/artifacts/2400b0aE.dag/Unity.AI.Assistant.Annotations.Editor.dll (+2 others) [CacheHit 8e5bfa19aef793a069dd9def8a1a30b600000000000000000000000000000005]
[641/967   1788551832s] Csc Library/Bee/artifacts/2400b0aE.dag/Unity.PerformanceTesting.Editor.dll (+2 others)
[604/967    0s] Csc Library/Bee/artifacts/2400b0aE.dag/Unity.AI.Generators.Contexts.dll (+2 others) [CacheHit 5c494c7a74437cb335592d3738e028ef00000000000000000000000000000005]
[643/967   1788551832s] Csc Library/Bee/artifacts/2400b0aE.dag/Unity.AI.Assistant.Annotations.Editor.dll (+2 others)
[607/967    0s] Csc Library/Bee/artifacts/2400b0aE.dag/Unity.AI.Toolkit.Async.dll (+2 others) [CacheHit ae506dffa7d04a98ffed2ae232174e8a00000000000000000000000000000005]
[646/967   1788551832s] Csc Library/Bee/artifacts/2400b0aE.dag/Unity.AI.Generators.Contexts.dll (+2 others)
[649/967   1788551832s] Csc Library/Bee/artifacts/2400b0aE.dag/Unity.AI.Toolkit.Async.dll (+2 others)
[616/967    0s] Csc Library/Bee/artifacts/2400b0aE.dag/Unity.Burst.Editor.dll (+2 others) [CacheHit c2f2008af84cb70b9544bdbc70967a5c00000000000000000000000000000005]
[616/967    0s] Csc Library/Bee/artifacts/2400b0aE.dag/Unity.ScriptableBuildPipeline.Editor.dll (+2 others) [CacheHit b3bedda6b434465a94d7f99a2cd24e0100000000000000000000000000000005]
[616/967    0s] Csc Library/Bee/artifacts/2400b0aE.dag/Unity.InferenceEngine.ONNX.Editor.dll (+2 others) [CacheHit db70c1c88ca4a9217935a89b154be77e00000000000000000000000000000005]
[616/967    0s] Csc Library/Bee/artifacts/2400b0aE.dag/Unity.AI.Generators.IO.Srp.dll (+2 others) [CacheHit 44ea1a5a93ac4b4c0c1d0e83c2d0e3a300000000000000000000000000000005]
[657/967   1788551832s] Csc Library/Bee/artifacts/2400b0aE.dag/Unity.Burst.Editor.dll (+2 others)
[659/967   1788551832s] Csc Library/Bee/artifacts/2400b0aE.dag/Unity.ScriptableBuildPipeline.Editor.dll (+2 others)
[661/967   1788551832s] Csc Library/Bee/artifacts/2400b0aE.dag/Unity.AI.Generators.IO.Srp.dll (+2 others)
[663/967   1788551832s] Csc Library/Bee/artifacts/2400b0aE.dag/Unity.InferenceEngine.ONNX.Editor.dll (+2 others)
[621/967    0s] Csc Library/Bee/artifacts/2400b0aE.dag/Unity.AppUI.Navigation.Editor.dll (+2 others) [CacheHit b337aef78e2a256a194b1ecf5d6942b000000000000000000000000000000005]
[621/967    0s] Csc Library/Bee/artifacts/2400b0aE.dag/Unity.Toolchain.Linux-x86_64-Linux.dll (+2 others) [CacheHit 79c692c63efa448d456d1ba7a1c3f81400000000000000000000000000000005]
[621/967    0s] Csc Library/Bee/artifacts/2400b0aE.dag/Unity.InferenceEngine.Microsoft.Msagl.dll (+2 others) [CacheHit 27bf64cf433b06440c36a7d8be7db0a400000000000000000000000000000005]
[624/967    0s] Csc Library/Bee/artifacts/2400b0aE.dag/Unity.AppUI.Redux.Editor.dll (+2 others) [CacheHit b9d83f36071eee9c28ad3ebc6278ec6f00000000000000000000000000000005]
[671/967   1788551832s] Csc Library/Bee/artifacts/2400b0aE.dag/Unity.AppUI.Navigation.Editor.dll (+2 others)
[673/967   1788551832s] Csc Library/Bee/artifacts/2400b0aE.dag/Unity.Toolchain.Linux-x86_64-Linux.dll (+2 others)
[675/967   1788551832s] Csc Library/Bee/artifacts/2400b0aE.dag/Unity.InferenceEngine.Microsoft.Msagl.dll (+2 others)
[677/967   1788551832s] Csc Library/Bee/artifacts/2400b0aE.dag/Unity.AppUI.Redux.Editor.dll (+2 others)
[632/967    0s] Csc Library/Bee/artifacts/2400b0aE.dag/Unity.AI.Toolkit.Asset.dll (+2 others) [CacheHit 3293f58b601e95a6be5c286ebe16c17b00000000000000000000000000000005]
[681/967   1788551832s] Csc Library/Bee/artifacts/2400b0aE.dag/Unity.AI.Toolkit.Asset.dll (+2 others)
[635/967    0s] Csc Library/Bee/artifacts/2400b0aE.dag/Unity.Sysroot.Linux_x86_64.dll (+2 others) [CacheHit dd09dfbd4136479d24afc0fd7f4d3a3400000000000000000000000000000005]
[685/967   1788551832s] Csc Library/Bee/artifacts/2400b0aE.dag/Unity.Sysroot.Linux_x86_64.dll (+2 others)
[636/967    0s] Csc Library/Bee/artifacts/2400b0aE.dag/Unity.AI.Toolkit.Accounts.dll (+2 others) [CacheHit 9b9a67a0f0f146e17d4d137aa2b5ff8f00000000000000000000000000000005]
[687/967   1788551832s] Csc Library/Bee/artifacts/2400b0aE.dag/Unity.AI.Toolkit.Accounts.dll (+2 others)
[639/967    0s] Csc Library/Bee/artifacts/2400b0aE.dag/Unity.AI.Assistant.Editor.dll (+2 others) [CacheHit a50f3758e0bf9dbfedb2c471b67dde7c00000000000000000000000000000005]
[691/967   1788551832s] Csc Library/Bee/artifacts/2400b0aE.dag/Unity.AI.Assistant.Editor.dll (+2 others)
[643/967    0s] Csc Library/Bee/artifacts/2400b0aE.dag/Unity.AI.Toolkit.GenerationContextMenu.dll (+2 others) [CacheHit dff55eafc8ae3d40f2fdb5cc0ee3028300000000000000000000000000000005]
[696/967   1788551832s] Csc Library/Bee/artifacts/2400b0aE.dag/Unity.AI.Toolkit.GenerationContextMenu.dll (+2 others)
[644/967    0s] Csc Library/Bee/artifacts/2400b0aE.dag/Unity.AI.Search.Editor.dll (+2 others) [CacheHit be373aef19f66510c9248e2176abede900000000000000000000000000000005]
[698/967   1788551832s] Csc Library/Bee/artifacts/2400b0aE.dag/Unity.AI.Search.Editor.dll (+2 others)
[646/967    0s] Csc Library/Bee/artifacts/2400b0aE.dag/Unity.AI.Toolkit.GenerationObjectPicker.dll (+2 others) [CacheHit a29a697e41c872c48de07c0b5ddcbb6c00000000000000000000000000000005]
[701/967   1788551832s] Csc Library/Bee/artifacts/2400b0aE.dag/Unity.AI.Toolkit.GenerationObjectPicker.dll (+2 others)
[649/967    0s] Csc Library/Bee/artifacts/2400b0aE.dag/Unity.AI.Assistant.Tools.Editor.dll (+2 others) [CacheHit 036815db1977a92213ff12f127fc26b500000000000000000000000000000005]
[705/967   1788551832s] Csc Library/Bee/artifacts/2400b0aE.dag/Unity.AI.Assistant.Tools.Editor.dll (+2 others)
[654/967    0s] Csc Library/Bee/artifacts/2400b0aE.dag/Unity.AI.Assistant.UI.Editor.dll (+2 others) [CacheHit 8a09e5d05578486831393bc23c9a32d000000000000000000000000000000005]
[711/967   1788551832s] Csc Library/Bee/artifacts/2400b0aE.dag/Unity.AI.Assistant.UI.Editor.dll (+2 others)
[657/967    0s] Csc Library/Bee/artifacts/2400b0aE.dag/Unity.AI.Assistant.API.Editor.dll (+2 others) [CacheHit 8ddd90b1be41fe01314ed00041a163dd00000000000000000000000000000005]
[715/967   1788551832s] Csc Library/Bee/artifacts/2400b0aE.dag/Unity.AI.Assistant.API.Editor.dll (+2 others)
[660/967    0s] Csc Library/Bee/artifacts/2400b0aE.dag/Unity.AI.Assistant.Integrations.Profiler.Editor.dll (+2 others) [CacheHit 681c0188af3a98c910a6a365bba98e6200000000000000000000000000000005]
[719/967   1788551832s] Csc Library/Bee/artifacts/2400b0aE.dag/Unity.AI.Assistant.Integrations.Profiler.Editor.dll (+2 others)
[721/967    0s] ILPostProcess Library/Bee/artifacts/2400b0aE.dag/post-processed/Unity.AppUI.dll (+pdb)
Processing assembly Library/Bee/artifacts/2400b0aE.dag/Unity.AppUI.dll, with 139 defines and 284 references
processors: Unity.Jobs.CodeGen.JobsILPostProcessor, zzzUnity.Burst.CodeGen.BurstILPostProcessor
running Unity.Jobs.CodeGen.JobsILPostProcessor
running zzzUnity.Burst.CodeGen.BurstILPostProcessor
[722/967    0s] ILPostProcess Library/Bee/artifacts/2400b0aE.dag/post-processed/Unity.Profiling.Core.dll (+pdb)
Processing assembly Library/Bee/artifacts/2400b0aE.dag/Unity.Profiling.Core.dll, with 133 defines and 285 references
processors: Unity.Jobs.CodeGen.JobsILPostProcessor, zzzUnity.Burst.CodeGen.BurstILPostProcessor
running Unity.Jobs.CodeGen.JobsILPostProcessor
running zzzUnity.Burst.CodeGen.BurstILPostProcessor
[723/967    0s] ILPostProcess Library/Bee/artifacts/2400b0aE.dag/post-processed/Unity.InferenceEngine.iOSBLAS.dll (+pdb)
Processing assembly Library/Bee/artifacts/2400b0aE.dag/Unity.InferenceEngine.iOSBLAS.dll, with 133 defines and 286 references
processors: Unity.Jobs.CodeGen.JobsILPostProcessor, zzzUnity.Burst.CodeGen.BurstILPostProcessor
running Unity.Jobs.CodeGen.JobsILPostProcessor
running zzzUnity.Burst.CodeGen.BurstILPostProcessor
[724/967    0s] ILPostProcess Library/Bee/artifacts/2400b0aE.dag/post-processed/Unity.AI.Animate.Motion.Runtime.dll (+pdb)
Processing assembly Library/Bee/artifacts/2400b0aE.dag/Unity.AI.Animate.Motion.Runtime.dll, with 133 defines and 282 references
processors: Unity.Jobs.CodeGen.JobsILPostProcessor, zzzUnity.Burst.CodeGen.BurstILPostProcessor
running Unity.Jobs.CodeGen.JobsILPostProcessor
running zzzUnity.Burst.CodeGen.BurstILPostProcessor
[661/967    0s] Csc Library/Bee/artifacts/2400b0aE.dag/Unity.Addressables.Editor.dll (+2 others) [CacheHit 500d50ef27f551da43004cb073bad51900000000000000000000000000000005]
[725/967    0s] ILPostProcess Library/Bee/artifacts/2400b0aE.dag/post-processed/Unity.AppUI.Redux.dll (+pdb)
Processing assembly Library/Bee/artifacts/2400b0aE.dag/Unity.AppUI.Redux.dll, with 133 defines and 284 references
processors: Unity.Jobs.CodeGen.JobsILPostProcessor, zzzUnity.Burst.CodeGen.BurstILPostProcessor
running Unity.Jobs.CodeGen.JobsILPostProcessor
running zzzUnity.Burst.CodeGen.BurstILPostProcessor
[726/967    0s] ILPostProcess Library/Bee/artifacts/2400b0aE.dag/post-processed/Extensions.Unity.PlayerPrefsEx.dll (+pdb)
Processing assembly Library/Bee/artifacts/2400b0aE.dag/Extensions.Unity.PlayerPrefsEx.dll, with 133 defines and 285 references
processors: Unity.Jobs.CodeGen.JobsILPostProcessor, zzzUnity.Burst.CodeGen.BurstILPostProcessor
running Unity.Jobs.CodeGen.JobsILPostProcessor
running zzzUnity.Burst.CodeGen.BurstILPostProcessor
[727/967    0s] ILPostProcess Library/Bee/artifacts/2400b0aE.dag/post-processed/Unity.Addressables.dll (+pdb)
Processing assembly Library/Bee/artifacts/2400b0aE.dag/Unity.Addressables.dll, with 133 defines and 286 references
processors: Unity.Jobs.CodeGen.JobsILPostProcessor, zzzUnity.Burst.CodeGen.BurstILPostProcessor
running Unity.Jobs.CodeGen.JobsILPostProcessor
running zzzUnity.Burst.CodeGen.BurstILPostProcessor
[728/967    0s] ILPostProcess Library/Bee/artifacts/2400b0aE.dag/post-processed/Unity.InferenceEngine.Tokenization.dll (+pdb)
Processing assembly Library/Bee/artifacts/2400b0aE.dag/Unity.InferenceEngine.Tokenization.dll, with 133 defines and 234 references
processors: Unity.Jobs.CodeGen.JobsILPostProcessor, zzzUnity.Burst.CodeGen.BurstILPostProcessor
running Unity.Jobs.CodeGen.JobsILPostProcessor
running zzzUnity.Burst.CodeGen.BurstILPostProcessor
[729/967    0s] ILPostProcess Library/Bee/artifacts/2400b0aE.dag/post-processed/Unity.Mathematics.dll (+pdb)
Processing assembly Library/Bee/artifacts/2400b0aE.dag/Unity.Mathematics.dll, with 133 defines and 285 references
processors: Unity.Jobs.CodeGen.JobsILPostProcessor, zzzUnity.Burst.CodeGen.BurstILPostProcessor
running Unity.Jobs.CodeGen.JobsILPostProcessor
running zzzUnity.Burst.CodeGen.BurstILPostProcessor
[730/967   1788551832s] Csc Library/Bee/artifacts/2400b0aE.dag/Unity.Addressables.Editor.dll (+2 others)
[668/967    0s] Csc Library/Bee/artifacts/2400b0aE.dag/Unity.Addressables.DocExampleCode.Editor.Tests.dll (+2 others) [CacheHit d198744347778584fb45eb6d9973c2bd00000000000000000000000000000005]
[736/967   1788551832s] Csc Library/Bee/artifacts/2400b0aE.dag/Unity.Addressables.DocExampleCode.Editor.Tests.dll (+2 others)
[669/967    0s] Csc Library/Bee/artifacts/2400b0aE.dag/Unity.AutoGroupGenerator.Editor.dll (+2 others) [CacheHit ff762659a539fd22603044884613166300000000000000000000000000000005]
[738/967   1788551832s] Csc Library/Bee/artifacts/2400b0aE.dag/Unity.AutoGroupGenerator.Editor.dll (+2 others)
[740/967    0s] ILPostProcess Library/Bee/artifacts/2400b0aE.dag/post-processed/Unity.Addressables.Editor.dll (+pdb)
Processing assembly Library/Bee/artifacts/2400b0aE.dag/Unity.Addressables.Editor.dll, with 132 defines and 322 references
processors: Unity.Jobs.CodeGen.JobsILPostProcessor, zzzUnity.Burst.CodeGen.BurstILPostProcessor
running Unity.Jobs.CodeGen.JobsILPostProcessor
running zzzUnity.Burst.CodeGen.BurstILPostProcessor
[741/967    0s] ILPostProcess Library/Bee/artifacts/2400b0aE.dag/post-processed/Unity.InferenceEngine.ONNX.Editor.dll (+pdb)
Processing assembly Library/Bee/artifacts/2400b0aE.dag/Unity.InferenceEngine.ONNX.Editor.dll, with 131 defines and 267 references
processors: Unity.Jobs.CodeGen.JobsILPostProcessor, zzzUnity.Burst.CodeGen.BurstILPostProcessor
running Unity.Jobs.CodeGen.JobsILPostProcessor
running zzzUnity.Burst.CodeGen.BurstILPostProcessor
[742/967    0s] ILPostProcess Library/Bee/artifacts/2400b0aE.dag/post-processed/Unity.AI.Assistant.Tools.Editor.dll (+pdb)
Processing assembly Library/Bee/artifacts/2400b0aE.dag/Unity.AI.Assistant.Tools.Editor.dll, with 131 defines and 281 references
processors: Unity.Jobs.CodeGen.JobsILPostProcessor, zzzUnity.Burst.CodeGen.BurstILPostProcessor
running Unity.Jobs.CodeGen.JobsILPostProcessor
running zzzUnity.Burst.CodeGen.BurstILPostProcessor
[743/967    0s] ILPostProcess Library/Bee/artifacts/2400b0aE.dag/post-processed/Unity.AI.Assistant.API.Editor.dll (+pdb)
Processing assembly Library/Bee/artifacts/2400b0aE.dag/Unity.AI.Assistant.API.Editor.dll, with 131 defines and 322 references
processors: Unity.Jobs.CodeGen.JobsILPostProcessor, zzzUnity.Burst.CodeGen.BurstILPostProcessor
running Unity.Jobs.CodeGen.JobsILPostProcessor
running zzzUnity.Burst.CodeGen.BurstILPostProcessor
[744/967    0s] ILPostProcess Library/Bee/artifacts/2400b0aE.dag/post-processed/Unity.AI.Toolkit.Asset.dll (+pdb)
Processing assembly Library/Bee/artifacts/2400b0aE.dag/Unity.AI.Toolkit.Asset.dll, with 131 defines and 319 references
processors: Unity.Jobs.CodeGen.JobsILPostProcessor, zzzUnity.Burst.CodeGen.BurstILPostProcessor
running Unity.Jobs.CodeGen.JobsILPostProcessor
running zzzUnity.Burst.CodeGen.BurstILPostProcessor
[745/967    0s] ILPostProcess Library/Bee/artifacts/2400b0aE.dag/post-processed/Unity.AI.Assistant.Annotations.Editor.dll (+pdb)
Processing assembly Library/Bee/artifacts/2400b0aE.dag/Unity.AI.Assistant.Annotations.Editor.dll, with 131 defines and 318 references
processors: Unity.Jobs.CodeGen.JobsILPostProcessor, zzzUnity.Burst.CodeGen.BurstILPostProcessor
running Unity.Jobs.CodeGen.JobsILPostProcessor
running zzzUnity.Burst.CodeGen.BurstILPostProcessor
[746/967    0s] ILPostProcess Library/Bee/artifacts/2400b0aE.dag/post-processed/Unity.AI.Toolkit.Utility.dll (+pdb)
Processing assembly Library/Bee/artifacts/2400b0aE.dag/Unity.AI.Toolkit.Utility.dll, with 131 defines and 318 references
processors: Unity.Jobs.CodeGen.JobsILPostProcessor, zzzUnity.Burst.CodeGen.BurstILPostProcessor
running Unity.Jobs.CodeGen.JobsILPostProcessor
running zzzUnity.Burst.CodeGen.BurstILPostProcessor
[747/967    0s] ILPostProcess Library/Bee/artifacts/2400b0aE.dag/post-processed/HFDownloader.dll (+pdb)
Processing assembly Library/Bee/artifacts/2400b0aE.dag/HFDownloader.dll, with 131 defines and 267 references
processors: Unity.Jobs.CodeGen.JobsILPostProcessor, zzzUnity.Burst.CodeGen.BurstILPostProcessor
running Unity.Jobs.CodeGen.JobsILPostProcessor
running zzzUnity.Burst.CodeGen.BurstILPostProcessor
[748/967    0s] ILPostProcess Library/Bee/artifacts/2400b0aE.dag/post-processed/Unity.Toolchain.Linux-x86_64-Linux.dll (+pdb)
Processing assembly Library/Bee/artifacts/2400b0aE.dag/Unity.Toolchain.Linux-x86_64-Linux.dll, with 131 defines and 319 references
processors: Unity.Jobs.CodeGen.JobsILPostProcessor, zzzUnity.Burst.CodeGen.BurstILPostProcessor
running Unity.Jobs.CodeGen.JobsILPostProcessor
running zzzUnity.Burst.CodeGen.BurstILPostProcessor
[749/967    0s] ILPostProcess Library/Bee/artifacts/2400b0aE.dag/post-processed/Unity.AppUI.Redux.Editor.dll (+pdb)
Processing assembly Library/Bee/artifacts/2400b0aE.dag/Unity.AppUI.Redux.Editor.dll, with 134 defines and 270 references
processors: Unity.Jobs.CodeGen.JobsILPostProcessor, zzzUnity.Burst.CodeGen.BurstILPostProcessor
running Unity.Jobs.CodeGen.JobsILPostProcessor
running zzzUnity.Burst.CodeGen.BurstILPostProcessor
[750/967    0s] ILPostProcess Library/Bee/artifacts/2400b0aE.dag/post-processed/Unity.Mathematics.Editor.dll (+pdb)
Processing assembly Library/Bee/artifacts/2400b0aE.dag/Unity.Mathematics.Editor.dll, with 131 defines and 319 references
processors: Unity.Jobs.CodeGen.JobsILPostProcessor, zzzUnity.Burst.CodeGen.BurstILPostProcessor
running Unity.Jobs.CodeGen.JobsILPostProcessor
running zzzUnity.Burst.CodeGen.BurstILPostProcessor
[751/967    0s] ILPostProcess Library/Bee/artifacts/2400b0aE.dag/post-processed/Unity.AI.Toolkit.Async.dll (+pdb)
Processing assembly Library/Bee/artifacts/2400b0aE.dag/Unity.AI.Toolkit.Async.dll, with 131 defines and 318 references
processors: Unity.Jobs.CodeGen.JobsILPostProcessor, zzzUnity.Burst.CodeGen.BurstILPostProcessor
running Unity.Jobs.CodeGen.JobsILPostProcessor
running zzzUnity.Burst.CodeGen.BurstILPostProcessor
[752/967    0s] ILPostProcess Library/Bee/artifacts/2400b0aE.dag/post-processed/Unity.AI.Toolkit.Compliance.dll (+pdb)
Processing assembly Library/Bee/artifacts/2400b0aE.dag/Unity.AI.Toolkit.Compliance.dll, with 131 defines and 318 references
processors: Unity.Jobs.CodeGen.JobsILPostProcessor, zzzUnity.Burst.CodeGen.BurstILPostProcessor
running Unity.Jobs.CodeGen.JobsILPostProcessor
running zzzUnity.Burst.CodeGen.BurstILPostProcessor
[753/967    0s] ILPostProcess Library/Bee/artifacts/2400b0aE.dag/post-processed/Unity.InferenceEngine.Microsoft.Msagl.dll (+pdb)
Processing assembly Library/Bee/artifacts/2400b0aE.dag/Unity.InferenceEngine.Microsoft.Msagl.dll, with 131 defines and 318 references
processors: Unity.Jobs.CodeGen.JobsILPostProcessor, zzzUnity.Burst.CodeGen.BurstILPostProcessor
running Unity.Jobs.CodeGen.JobsILPostProcessor
running zzzUnity.Burst.CodeGen.BurstILPostProcessor
[754/967    0s] ILPostProcess Library/Bee/artifacts/2400b0aE.dag/post-processed/Unity.AutoGroupGenerator.Editor.dll (+pdb)
Processing assembly Library/Bee/artifacts/2400b0aE.dag/Unity.AutoGroupGenerator.Editor.dll, with 131 defines and 320 references
processors: Unity.Jobs.CodeGen.JobsILPostProcessor, zzzUnity.Burst.CodeGen.BurstILPostProcessor
running Unity.Jobs.CodeGen.JobsILPostProcessor
running zzzUnity.Burst.CodeGen.BurstILPostProcessor
[755/967    0s] ILPostProcess Library/Bee/artifacts/2400b0aE.dag/post-processed/Unity.AI.Assistant.Integrations.Profiler.Editor.dll (+pdb)
Processing assembly Library/Bee/artifacts/2400b0aE.dag/Unity.AI.Assistant.Integrations.Profiler.Editor.dll, with 131 defines and 323 references
processors: Unity.Jobs.CodeGen.JobsILPostProcessor, zzzUnity.Burst.CodeGen.BurstILPostProcessor
running Unity.Jobs.CodeGen.JobsILPostProcessor
running zzzUnity.Burst.CodeGen.BurstILPostProcessor
[756/967    0s] ILPostProcess Library/Bee/artifacts/2400b0aE.dag/post-processed/Unity.AI.Assistant.Bridge.Editor.dll (+pdb)
Processing assembly Library/Bee/artifacts/2400b0aE.dag/Unity.AI.Assistant.Bridge.Editor.dll, with 131 defines and 318 references
processors: Unity.Jobs.CodeGen.JobsILPostProcessor, zzzUnity.Burst.CodeGen.BurstILPostProcessor
running Unity.Jobs.CodeGen.JobsILPostProcessor
running zzzUnity.Burst.CodeGen.BurstILPostProcessor
[757/967    0s] ILPostProcess Library/Bee/artifacts/2400b0aE.dag/post-processed/Unity.AI.Assistant.UI.Editor.dll (+pdb)
Processing assembly Library/Bee/artifacts/2400b0aE.dag/Unity.AI.Assistant.UI.Editor.dll, with 131 defines and 282 references
processors: Unity.Jobs.CodeGen.JobsILPostProcessor, zzzUnity.Burst.CodeGen.BurstILPostProcessor
running Unity.Jobs.CodeGen.JobsILPostProcessor
running zzzUnity.Burst.CodeGen.BurstILPostProcessor
[758/967    0s] ILPostProcess Library/Bee/artifacts/2400b0aE.dag/post-processed/Unity.Addressables.DocExampleCode.Editor.Tests.dll (+pdb)
Processing assembly Library/Bee/artifacts/2400b0aE.dag/Unity.Addressables.DocExampleCode.Editor.Tests.dll, with 133 defines and 270 references
processors: Unity.Jobs.CodeGen.JobsILPostProcessor, zzzUnity.Burst.CodeGen.BurstILPostProcessor
running Unity.Jobs.CodeGen.JobsILPostProcessor
running zzzUnity.Burst.CodeGen.BurstILPostProcessor
[759/967    0s] ILPostProcess Library/Bee/artifacts/2400b0aE.dag/post-processed/Unity.AppUI.Editor.dll (+pdb)
Processing assembly Library/Bee/artifacts/2400b0aE.dag/Unity.AppUI.Editor.dll, with 133 defines and 321 references
processors: Unity.Jobs.CodeGen.JobsILPostProcessor, zzzUnity.Burst.CodeGen.BurstILPostProcessor
running Unity.Jobs.CodeGen.JobsILPostProcessor
running zzzUnity.Burst.CodeGen.BurstILPostProcessor
[760/967    0s] ILPostProcess Library/Bee/artifacts/2400b0aE.dag/post-processed/com.IvanMurzak.Unity.MCP.DependencyResolver.dll (+pdb)
Processing assembly Library/Bee/artifacts/2400b0aE.dag/com.IvanMurzak.Unity.MCP.DependencyResolver.dll, with 131 defines and 266 references
processors: Unity.Jobs.CodeGen.JobsILPostProcessor, zzzUnity.Burst.CodeGen.BurstILPostProcessor
running Unity.Jobs.CodeGen.JobsILPostProcessor
running zzzUnity.Burst.CodeGen.BurstILPostProcessor
[761/967    0s] ILPostProcess Library/Bee/artifacts/2400b0aE.dag/post-processed/Unity.PerformanceTesting.Editor.dll (+pdb)
Processing assembly Library/Bee/artifacts/2400b0aE.dag/Unity.PerformanceTesting.Editor.dll, with 132 defines and 267 references
processors: Unity.Jobs.CodeGen.JobsILPostProcessor, zzzUnity.Burst.CodeGen.BurstILPostProcessor
running Unity.Jobs.CodeGen.JobsILPostProcessor
running zzzUnity.Burst.CodeGen.BurstILPostProcessor
[762/967    0s] ILPostProcess Library/Bee/artifacts/2400b0aE.dag/post-processed/Unity.AI.Toolkit.GenerationContextMenu.dll (+pdb)
Processing assembly Library/Bee/artifacts/2400b0aE.dag/Unity.AI.Toolkit.GenerationContextMenu.dll, with 131 defines and 319 references
processors: Unity.Jobs.CodeGen.JobsILPostProcessor, zzzUnity.Burst.CodeGen.BurstILPostProcessor
running Unity.Jobs.CodeGen.JobsILPostProcessor
running zzzUnity.Burst.CodeGen.BurstILPostProcessor
[763/967    0s] ILPostProcess Library/Bee/artifacts/2400b0aE.dag/post-processed/Unity.AI.Assistant.Agent.Dynamic.Extension.Editor.dll (+pdb)
Processing assembly Library/Bee/artifacts/2400b0aE.dag/Unity.AI.Assistant.Agent.Dynamic.Extension.Editor.dll, with 131 defines and 318 references
processors: Unity.Jobs.CodeGen.JobsILPostProcessor, zzzUnity.Burst.CodeGen.BurstILPostProcessor
running Unity.Jobs.CodeGen.JobsILPostProcessor
running zzzUnity.Burst.CodeGen.BurstILPostProcessor
[764/967    0s] ILPostProcess Library/Bee/artifacts/2400b0aE.dag/post-processed/Unity.AI.Generators.IO.Srp.dll (+pdb)
Processing assembly Library/Bee/artifacts/2400b0aE.dag/Unity.AI.Generators.IO.Srp.dll, with 131 defines and 318 references
processors: Unity.Jobs.CodeGen.JobsILPostProcessor, zzzUnity.Burst.CodeGen.BurstILPostProcessor
running Unity.Jobs.CodeGen.JobsILPostProcessor
running zzzUnity.Burst.CodeGen.BurstILPostProcessor
[765/967    0s] ILPostProcess Library/Bee/artifacts/2400b0aE.dag/post-processed/Unity.AI.Generators.Contexts.dll (+pdb)
Processing assembly Library/Bee/artifacts/2400b0aE.dag/Unity.AI.Generators.Contexts.dll, with 131 defines and 318 references
processors: Unity.Jobs.CodeGen.JobsILPostProcessor, zzzUnity.Burst.CodeGen.BurstILPostProcessor
running Unity.Jobs.CodeGen.JobsILPostProcessor
running zzzUnity.Burst.CodeGen.BurstILPostProcessor
[766/967    0s] ILPostProcess Library/Bee/artifacts/2400b0aE.dag/post-processed/Unity.AI.Assistant.Editor.dll (+pdb)
Processing assembly Library/Bee/artifacts/2400b0aE.dag/Unity.AI.Assistant.Editor.dll, with 131 defines and 279 references
processors: Unity.Jobs.CodeGen.JobsILPostProcessor, zzzUnity.Burst.CodeGen.BurstILPostProcessor
running Unity.Jobs.CodeGen.JobsILPostProcessor
running zzzUnity.Burst.CodeGen.BurstILPostProcessor
[767/967    0s] ILPostProcess Library/Bee/artifacts/2400b0aE.dag/post-processed/Unity.AppUI.Navigation.Editor.dll (+pdb)
Processing assembly Library/Bee/artifacts/2400b0aE.dag/Unity.AppUI.Navigation.Editor.dll, with 131 defines and 322 references
processors: Unity.Jobs.CodeGen.JobsILPostProcessor, zzzUnity.Burst.CodeGen.BurstILPostProcessor
running Unity.Jobs.CodeGen.JobsILPostProcessor
running zzzUnity.Burst.CodeGen.BurstILPostProcessor
[768/967    0s] ILPostProcess Library/Bee/artifacts/2400b0aE.dag/post-processed/Unity.AI.Toolkit.GenerationObjectPicker.dll (+pdb)
Processing assembly Library/Bee/artifacts/2400b0aE.dag/Unity.AI.Toolkit.GenerationObjectPicker.dll, with 132 defines and 321 references
processors: Unity.Jobs.CodeGen.JobsILPostProcessor, zzzUnity.Burst.CodeGen.BurstILPostProcessor
running Unity.Jobs.CodeGen.JobsILPostProcessor
running zzzUnity.Burst.CodeGen.BurstILPostProcessor
[769/967    0s] ILPostProcess Library/Bee/artifacts/2400b0aE.dag/post-processed/Unity.SysrootPackage.Editor.dll (+pdb)
Processing assembly Library/Bee/artifacts/2400b0aE.dag/Unity.SysrootPackage.Editor.dll, with 131 defines and 318 references
processors: Unity.Jobs.CodeGen.JobsILPostProcessor, zzzUnity.Burst.CodeGen.BurstILPostProcessor
running Unity.Jobs.CodeGen.JobsILPostProcessor
running zzzUnity.Burst.CodeGen.BurstILPostProcessor
[770/967    0s] ILPostProcess Library/Bee/artifacts/2400b0aE.dag/post-processed/Unity.Sysroot.Linux_x86_64.dll (+pdb)
Processing assembly Library/Bee/artifacts/2400b0aE.dag/Unity.Sysroot.Linux_x86_64.dll, with 131 defines and 319 references
processors: Unity.Jobs.CodeGen.JobsILPostProcessor, zzzUnity.Burst.CodeGen.BurstILPostProcessor
running Unity.Jobs.CodeGen.JobsILPostProcessor
running zzzUnity.Burst.CodeGen.BurstILPostProcessor
[771/967    0s] ILPostProcess Library/Bee/artifacts/2400b0aE.dag/post-processed/Unity.2D.Sprite.Editor.dll (+pdb)
Processing assembly Library/Bee/artifacts/2400b0aE.dag/Unity.2D.Sprite.Editor.dll, with 131 defines and 318 references
processors: Unity.Jobs.CodeGen.JobsILPostProcessor, zzzUnity.Burst.CodeGen.BurstILPostProcessor
running Unity.Jobs.CodeGen.JobsILPostProcessor
running zzzUnity.Burst.CodeGen.BurstILPostProcessor
[772/967    0s] CopyFiles Library/ScriptAssemblies/Unity.InferenceEngine.Tokenization.dll
[773/967    0s] CopyFiles Library/ScriptAssemblies/Unity.AI.Animate.Motion.Runtime.dll
[774/967    0s] CopyFiles Library/ScriptAssemblies/Unity.Profiling.Core.dll
[775/967    0s] CopyFiles Library/ScriptAssemblies/Unity.AppUI.Redux.dll
[776/967    0s] CopyFiles Library/ScriptAssemblies/Unity.Addressables.dll
[777/967    0s] CopyFiles Library/ScriptAssemblies/Unity.InferenceEngine.iOSBLAS.dll
[778/967    0s] CopyFiles Library/ScriptAssemblies/Extensions.Unity.PlayerPrefsEx.dll
[779/967    0s] CopyFiles Library/ScriptAssemblies/Unity.AppUI.Navigation.Editor.pdb
[780/967    0s] CopyFiles Library/ScriptAssemblies/Unity.AppUI.Navigation.Editor.dll
[781/967    0s] CopyFiles Library/ScriptAssemblies/Unity.InferenceEngine.iOSBLAS.pdb
[782/967    0s] CopyFiles Library/ScriptAssemblies/Unity.AppUI.dll
[783/967    0s] CopyFiles Library/ScriptAssemblies/Unity.InferenceEngine.ONNX.Editor.dll
[784/967    0s] CopyFiles Library/ScriptAssemblies/HFDownloader.dll
[785/967    0s] CopyFiles Library/ScriptAssemblies/Unity.AppUI.Redux.pdb
[786/967    0s] CopyFiles Library/ScriptAssemblies/HFDownloader.pdb
[787/967    0s] CopyFiles Library/ScriptAssemblies/Unity.AI.Assistant.API.Editor.dll
[788/967    0s] CopyFiles Library/ScriptAssemblies/Unity.Mathematics.dll
[789/967    0s] CopyFiles Library/ScriptAssemblies/Unity.Profiling.Core.pdb
[790/967    0s] CopyFiles Library/ScriptAssemblies/Unity.AI.Generators.IO.Srp.dll
[791/967    0s] CopyFiles Library/ScriptAssemblies/Unity.2D.Sprite.Editor.pdb
[792/967    0s] CopyFiles Library/ScriptAssemblies/Unity.AI.Assistant.Annotations.Editor.dll
[793/967    0s] CopyFiles Library/ScriptAssemblies/Unity.AI.Toolkit.Compliance.pdb
[794/967    0s] CopyFiles Library/ScriptAssemblies/Unity.AI.Assistant.API.Editor.pdb
[795/967    0s] CopyFiles Library/ScriptAssemblies/Unity.AI.Toolkit.Utility.pdb
[796/967    0s] CopyFiles Library/ScriptAssemblies/Unity.Toolchain.Linux-x86_64-Linux.pdb
[797/967    0s] CopyFiles Library/ScriptAssemblies/Unity.AI.Toolkit.GenerationObjectPicker.dll
[798/967    0s] CopyFiles Library/ScriptAssemblies/Extensions.Unity.PlayerPrefsEx.pdb
[799/967    0s] CopyFiles Library/ScriptAssemblies/Unity.2D.Sprite.Editor.dll
[800/967    0s] CopyFiles Library/ScriptAssemblies/Unity.InferenceEngine.ONNX.Editor.pdb
[801/967    0s] CopyFiles Library/ScriptAssemblies/Unity.AI.Assistant.Agent.Dynamic.Extension.Editor.dll
[802/967    0s] CopyFiles Library/ScriptAssemblies/Unity.AI.Toolkit.GenerationContextMenu.dll
[803/967    0s] CopyFiles Library/ScriptAssemblies/Unity.AppUI.Editor.dll
[804/967    0s] CopyFiles Library/ScriptAssemblies/Unity.AutoGroupGenerator.Editor.dll
[805/967    0s] CopyFiles Library/ScriptAssemblies/Unity.AI.Assistant.Integrations.Profiler.Editor.pdb
[806/967    0s] CopyFiles Library/ScriptAssemblies/Unity.AI.Toolkit.Async.dll
[807/967    0s] CopyFiles Library/ScriptAssemblies/Unity.AI.Toolkit.GenerationObjectPicker.pdb
[808/967    0s] CopyFiles Library/ScriptAssemblies/Unity.Addressables.DocExampleCode.Editor.Tests.pdb
[809/967    0s] CopyFiles Library/ScriptAssemblies/Unity.AI.Toolkit.Asset.pdb
[810/967    0s] CopyFiles Library/ScriptAssemblies/com.IvanMurzak.Unity.MCP.DependencyResolver.dll
[811/967    0s] CopyFiles Library/ScriptAssemblies/Unity.Toolchain.Linux-x86_64-Linux.dll
[812/967    0s] CopyFiles Library/ScriptAssemblies/Unity.AppUI.Editor.pdb
[813/967    0s] CopyFiles Library/ScriptAssemblies/Unity.AI.Toolkit.Async.pdb
[814/967    0s] CopyFiles Library/ScriptAssemblies/Unity.AI.Assistant.Bridge.Editor.pdb
[815/967    0s] CopyFiles Library/ScriptAssemblies/Unity.AI.Generators.Contexts.dll
[816/967    0s] CopyFiles Library/ScriptAssemblies/Unity.AutoGroupGenerator.Editor.pdb
[817/967    0s] CopyFiles Library/ScriptAssemblies/Unity.PerformanceTesting.Editor.pdb
[818/967    0s] CopyFiles Library/ScriptAssemblies/Unity.Addressables.pdb
[819/967    0s] CopyFiles Library/ScriptAssemblies/Unity.Sysroot.Linux_x86_64.pdb
[820/967    0s] CopyFiles Library/ScriptAssemblies/Unity.Sysroot.Linux_x86_64.dll
[821/967    0s] CopyFiles Library/ScriptAssemblies/Unity.InferenceEngine.Microsoft.Msagl.pdb
[822/967    0s] CopyFiles Library/ScriptAssemblies/Unity.AI.Toolkit.Compliance.dll
[823/967    0s] CopyFiles Library/ScriptAssemblies/Unity.AI.Toolkit.GenerationContextMenu.pdb
[824/967    0s] CopyFiles Library/ScriptAssemblies/Unity.Mathematics.Editor.dll
[825/967    0s] CopyFiles Library/ScriptAssemblies/Unity.Addressables.Editor.dll
[826/967    0s] CopyFiles Library/ScriptAssemblies/Unity.AI.Toolkit.Asset.dll
[827/967    0s] CopyFiles Library/ScriptAssemblies/Unity.AppUI.Redux.Editor.dll
[828/967    0s] CopyFiles Library/ScriptAssemblies/Unity.AI.Assistant.Annotations.Editor.pdb
[829/967    0s] CopyFiles Library/ScriptAssemblies/Unity.AI.Animate.Motion.Runtime.pdb
[830/967    0s] CopyFiles Library/ScriptAssemblies/Unity.Mathematics.pdb
[831/967    0s] CopyFiles Library/ScriptAssemblies/Unity.SysrootPackage.Editor.pdb
[832/967    0s] CopyFiles Library/ScriptAssemblies/Unity.SysrootPackage.Editor.dll
[833/967    0s] CopyFiles Library/ScriptAssemblies/Unity.Mathematics.Editor.pdb
[834/967    0s] CopyFiles Library/ScriptAssemblies/Unity.AI.Toolkit.Utility.dll
[835/967    0s] CopyFiles Library/ScriptAssemblies/Unity.AI.Assistant.Tools.Editor.dll
[836/967    0s] CopyFiles Library/ScriptAssemblies/Unity.AI.Assistant.Editor.pdb
[837/967    0s] CopyFiles Library/ScriptAssemblies/Unity.PerformanceTesting.Editor.dll
[838/967    0s] CopyFiles Library/ScriptAssemblies/Unity.AI.Assistant.Bridge.Editor.dll
[839/967    0s] CopyFiles Library/ScriptAssemblies/Unity.Addressables.DocExampleCode.Editor.Tests.dll
[840/967    0s] CopyFiles Library/ScriptAssemblies/Unity.AppUI.Redux.Editor.pdb
[841/967    0s] CopyFiles Library/ScriptAssemblies/Unity.AI.Assistant.Integrations.Profiler.Editor.dll
[842/967    0s] CopyFiles Library/ScriptAssemblies/Unity.Addressables.Editor.pdb
[843/967    0s] CopyFiles Library/ScriptAssemblies/Unity.AppUI.pdb
[844/967    0s] CopyFiles Library/ScriptAssemblies/Unity.AI.Generators.Contexts.pdb
[845/967    0s] CopyFiles Library/ScriptAssemblies/Unity.AI.Assistant.Tools.Editor.pdb
[846/967    0s] CopyFiles Library/ScriptAssemblies/com.IvanMurzak.Unity.MCP.DependencyResolver.pdb
[847/967    0s] CopyFiles Library/ScriptAssemblies/Unity.AI.Assistant.Agent.Dynamic.Extension.Editor.pdb
[848/967    0s] CopyFiles Library/ScriptAssemblies/Unity.AI.Generators.IO.Srp.pdb
[849/967    0s] CopyFiles Library/ScriptAssemblies/Unity.InferenceEngine.Tokenization.pdb
[850/967    0s] CopyFiles Library/ScriptAssemblies/Unity.AI.Assistant.UI.Editor.pdb
[851/967    0s] CopyFiles Library/ScriptAssemblies/Unity.AI.Assistant.UI.Editor.dll
[852/967    0s] CopyFiles Library/ScriptAssemblies/Unity.AI.Assistant.Editor.dll
[853/967    0s] CopyFiles Library/ScriptAssemblies/Unity.InferenceEngine.Microsoft.Msagl.dll
[854/967    0s] ILPostProcess Library/Bee/artifacts/2400b0aE.dag/post-processed/Unity.ScriptableBuildPipeline.Editor.dll (+pdb)
Processing assembly Library/Bee/artifacts/2400b0aE.dag/Unity.ScriptableBuildPipeline.Editor.dll, with 134 defines and 319 references
processors: Unity.Jobs.CodeGen.JobsILPostProcessor, zzzUnity.Burst.CodeGen.BurstILPostProcessor
running Unity.Jobs.CodeGen.JobsILPostProcessor
running zzzUnity.Burst.CodeGen.BurstILPostProcessor
[855/967    0s] CopyFiles Library/ScriptAssemblies/Unity.ScriptableBuildPipeline.Editor.dll
[856/967    0s] CopyFiles Library/ScriptAssemblies/Unity.ScriptableBuildPipeline.Editor.pdb
[857/967    0s] ILPostProcess Library/Bee/artifacts/2400b0aE.dag/post-processed/Unity.AI.Search.Editor.dll (+pdb)
Processing assembly Library/Bee/artifacts/2400b0aE.dag/Unity.AI.Search.Editor.dll, with 132 defines and 275 references
processors: Unity.Jobs.CodeGen.JobsILPostProcessor, zzzUnity.Burst.CodeGen.BurstILPostProcessor
running Unity.Jobs.CodeGen.JobsILPostProcessor
running zzzUnity.Burst.CodeGen.BurstILPostProcessor
[858/967    0s] CopyFiles Library/ScriptAssemblies/Unity.AI.Search.Editor.dll
[859/967    0s] CopyFiles Library/ScriptAssemblies/Unity.AI.Search.Editor.pdb
[860/967    0s] ILPostProcess Library/Bee/artifacts/2400b0aE.dag/post-processed/Unity.Burst.Editor.dll (+pdb)
Processing assembly Library/Bee/artifacts/2400b0aE.dag/Unity.Burst.Editor.dll, with 131 defines and 319 references
processors: Unity.Jobs.CodeGen.JobsILPostProcessor, zzzUnity.Burst.CodeGen.BurstILPostProcessor
running Unity.Jobs.CodeGen.JobsILPostProcessor
running zzzUnity.Burst.CodeGen.BurstILPostProcessor
[861/967    0s] CopyFiles Library/ScriptAssemblies/Unity.Burst.Editor.pdb
[862/967    0s] CopyFiles Library/ScriptAssemblies/Unity.Burst.Editor.dll
[863/967    0s] ILPostProcess Library/Bee/artifacts/2400b0aE.dag/post-processed/Unity.AI.Toolkit.Accounts.dll (+pdb)
Processing assembly Library/Bee/artifacts/2400b0aE.dag/Unity.AI.Toolkit.Accounts.dll, with 131 defines and 320 references
processors: Unity.Jobs.CodeGen.JobsILPostProcessor, zzzUnity.Burst.CodeGen.BurstILPostProcessor
running Unity.Jobs.CodeGen.JobsILPostProcessor
running zzzUnity.Burst.CodeGen.BurstILPostProcessor
[864/967    0s] ILPostProcess Library/Bee/artifacts/2400b0aE.dag/post-processed/Unity.Collections.Editor.dll (+pdb)
Processing assembly Library/Bee/artifacts/2400b0aE.dag/Unity.Collections.Editor.dll, with 132 defines and 319 references
processors: Unity.Jobs.CodeGen.JobsILPostProcessor, zzzUnity.Burst.CodeGen.BurstILPostProcessor
running Unity.Jobs.CodeGen.JobsILPostProcessor
running zzzUnity.Burst.CodeGen.BurstILPostProcessor
[865/967    0s] CopyFiles Library/ScriptAssemblies/Unity.Collections.Editor.dll
[866/967    0s] CopyFiles Library/ScriptAssemblies/Unity.Collections.Editor.pdb
[867/967    0s] CopyFiles Library/ScriptAssemblies/Unity.AI.Toolkit.Accounts.pdb
[868/967    0s] CopyFiles Library/ScriptAssemblies/Unity.AI.Toolkit.Accounts.dll
[869/967    0s] ILPostProcess Library/Bee/artifacts/2400b0aE.dag/post-processed/Unity.AppUI.MVVM.dll (+pdb)
Processing assembly Library/Bee/artifacts/2400b0aE.dag/Unity.AppUI.MVVM.dll, with 134 defines and 284 references
processors: Unity.Jobs.CodeGen.JobsILPostProcessor, zzzUnity.Burst.CodeGen.BurstILPostProcessor
running Unity.Jobs.CodeGen.JobsILPostProcessor
running zzzUnity.Burst.CodeGen.BurstILPostProcessor
[870/967    0s] ILPostProcess Library/Bee/artifacts/2400b0aE.dag/post-processed/Unity.AppUI.InternalAPIBridge.dll (+pdb)
Processing assembly Library/Bee/artifacts/2400b0aE.dag/Unity.AppUI.InternalAPIBridge.dll, with 133 defines and 282 references
processors: Unity.Jobs.CodeGen.JobsILPostProcessor, zzzUnity.Burst.CodeGen.BurstILPostProcessor
running Unity.Jobs.CodeGen.JobsILPostProcessor
running zzzUnity.Burst.CodeGen.BurstILPostProcessor
[871/967    0s] ILPostProcess Library/Bee/artifacts/2400b0aE.dag/post-processed/Unity.ResourceManager.dll (+pdb)
Processing assembly Library/Bee/artifacts/2400b0aE.dag/Unity.ResourceManager.dll, with 134 defines and 286 references
processors: Unity.Jobs.CodeGen.JobsILPostProcessor, zzzUnity.Burst.CodeGen.BurstILPostProcessor
running Unity.Jobs.CodeGen.JobsILPostProcessor
running zzzUnity.Burst.CodeGen.BurstILPostProcessor
[872/967    0s] ILPostProcess Library/Bee/artifacts/2400b0aE.dag/post-processed/Unity.PerformanceTesting.dll (+pdb)
Processing assembly Library/Bee/artifacts/2400b0aE.dag/Unity.PerformanceTesting.dll, with 134 defines and 233 references
processors: Unity.Jobs.CodeGen.JobsILPostProcessor, zzzUnity.Burst.CodeGen.BurstILPostProcessor
running Unity.Jobs.CodeGen.JobsILPostProcessor
running zzzUnity.Burst.CodeGen.BurstILPostProcessor
[873/967    0s] ILPostProcess Library/Bee/artifacts/2400b0aE.dag/post-processed/Unity.AI.Tracing.dll (+pdb)
Processing assembly Library/Bee/artifacts/2400b0aE.dag/Unity.AI.Tracing.dll, with 133 defines and 234 references
processors: Unity.Jobs.CodeGen.JobsILPostProcessor, zzzUnity.Burst.CodeGen.BurstILPostProcessor
running Unity.Jobs.CodeGen.JobsILPostProcessor
running zzzUnity.Burst.CodeGen.BurstILPostProcessor
[874/967    0s] ILPostProcess Library/Bee/artifacts/2400b0aE.dag/post-processed/Unity.Burst.dll (+pdb)
Processing assembly Library/Bee/artifacts/2400b0aE.dag/Unity.Burst.dll, with 133 defines and 234 references
processors: Unity.Jobs.CodeGen.JobsILPostProcessor, zzzUnity.Burst.CodeGen.BurstILPostProcessor
running Unity.Jobs.CodeGen.JobsILPostProcessor
running zzzUnity.Burst.CodeGen.BurstILPostProcessor
[875/967    0s] CopyFiles Library/ScriptAssemblies/Unity.PerformanceTesting.dll
[876/967    0s] CopyFiles Library/ScriptAssemblies/Unity.PerformanceTesting.pdb
[877/967    0s] CopyFiles Library/ScriptAssemblies/Unity.Burst.pdb
[878/967    0s] CopyFiles Library/ScriptAssemblies/Unity.ResourceManager.pdb
[879/967    0s] CopyFiles Library/ScriptAssemblies/Unity.AI.Tracing.pdb
[880/967    0s] CopyFiles Library/ScriptAssemblies/Unity.AI.Tracing.dll
[881/967    0s] CopyFiles Library/ScriptAssemblies/Unity.ResourceManager.dll
[882/967    0s] CopyFiles Library/ScriptAssemblies/Unity.Burst.dll
[883/967    0s] CopyFiles Library/ScriptAssemblies/Unity.AppUI.InternalAPIBridge.pdb
[884/967    0s] CopyFiles Library/ScriptAssemblies/Unity.AppUI.InternalAPIBridge.dll
[885/967    0s] CopyFiles Library/ScriptAssemblies/Unity.AppUI.MVVM.pdb
[886/967    0s] CopyFiles Library/ScriptAssemblies/Unity.AppUI.MVVM.dll
[824/967    0s] Csc Library/Bee/artifacts/2400b0aE.dag/Unity.AI.Pbr.Srp.dll (+2 others) [CacheHit 9f9629f27e3b304912de33e27a1a07a100000000000000000000000000000005]
[887/967    0s] ILPostProcess Library/Bee/artifacts/2400b0aE.dag/post-processed/Unity.InferenceEngine.MacBLAS.dll (+pdb)
Processing assembly Library/Bee/artifacts/2400b0aE.dag/Unity.InferenceEngine.MacBLAS.dll, with 133 defines and 286 references
processors: Unity.Jobs.CodeGen.JobsILPostProcessor, zzzUnity.Burst.CodeGen.BurstILPostProcessor
running Unity.Jobs.CodeGen.JobsILPostProcessor
running zzzUnity.Burst.CodeGen.BurstILPostProcessor
[888/967    0s] ILPostProcess Library/Bee/artifacts/2400b0aE.dag/post-processed/Unity.AI.Assistant.Runtime.dll (+pdb)
Processing assembly Library/Bee/artifacts/2400b0aE.dag/Unity.AI.Assistant.Runtime.dll, with 133 defines and 234 references
processors: Unity.Jobs.CodeGen.JobsILPostProcessor, zzzUnity.Burst.CodeGen.BurstILPostProcessor
running Unity.Jobs.CodeGen.JobsILPostProcessor
running zzzUnity.Burst.CodeGen.BurstILPostProcessor
[889/967    0s] ILPostProcess Library/Bee/artifacts/2400b0aE.dag/post-processed/Unity.Collections.dll (+pdb)
Processing assembly Library/Bee/artifacts/2400b0aE.dag/Unity.Collections.dll, with 135 defines and 287 references
processors: Unity.Jobs.CodeGen.JobsILPostProcessor, zzzUnity.Burst.CodeGen.BurstILPostProcessor
running Unity.Jobs.CodeGen.JobsILPostProcessor
running zzzUnity.Burst.CodeGen.BurstILPostProcessor
[890/967   1788551833s] Csc Library/Bee/artifacts/2400b0aE.dag/Unity.AI.Pbr.Srp.dll (+2 others)
[892/967    0s] ILPostProcess Library/Bee/artifacts/2400b0aE.dag/post-processed/Unity.AppUI.Navigation.dll (+pdb)
Processing assembly Library/Bee/artifacts/2400b0aE.dag/Unity.AppUI.Navigation.dll, with 135 defines and 284 references
processors: Unity.Jobs.CodeGen.JobsILPostProcessor, zzzUnity.Burst.CodeGen.BurstILPostProcessor
running Unity.Jobs.CodeGen.JobsILPostProcessor
running zzzUnity.Burst.CodeGen.BurstILPostProcessor
[894/967    0s] CopyFiles Library/ScriptAssemblies/Unity.InferenceEngine.MacBLAS.pdb
[895/967    0s] CopyFiles Library/ScriptAssemblies/Unity.InferenceEngine.MacBLAS.dll
[896/967    0s] CopyFiles Library/ScriptAssemblies/Unity.AppUI.Navigation.dll
[897/967    0s] CopyFiles Library/ScriptAssemblies/Unity.AppUI.Navigation.pdb
[898/967    0s] CopyFiles Library/ScriptAssemblies/Unity.AI.Assistant.Runtime.pdb
[899/967    0s] CopyFiles Library/ScriptAssemblies/Unity.Collections.pdb
[900/967    0s] CopyFiles Library/ScriptAssemblies/Unity.AI.Assistant.Runtime.dll
[901/967    0s] CopyFiles Library/ScriptAssemblies/Unity.Collections.dll
[838/967    1s] Csc Library/Bee/artifacts/2400b0aE.dag/Unity.AI.MCP.Runtime.dll (+2 others) [CacheHit 28b488d4bc310f8e486e4319f062051400000000000000000000000000000005]
[838/967    1s] Csc Library/Bee/artifacts/2400b0aE.dag/Unity.AppUI.Undo.dll (+2 others) [CacheHit 5836553a560dc621642d90e81c5c5fdd00000000000000000000000000000005]
[902/967   1788551833s] Csc Library/Bee/artifacts/2400b0aE.dag/Unity.AI.MCP.Runtime.dll (+2 others)
[904/967   1788551833s] Csc Library/Bee/artifacts/2400b0aE.dag/Unity.AppUI.Undo.dll (+2 others)
[907/967    0s] ILPostProcess Library/Bee/artifacts/2400b0aE.dag/post-processed/Unity.AI.Pbr.Srp.dll (+pdb)
Processing assembly Library/Bee/artifacts/2400b0aE.dag/Unity.AI.Pbr.Srp.dll, with 131 defines and 319 references
processors: Unity.Jobs.CodeGen.JobsILPostProcessor, zzzUnity.Burst.CodeGen.BurstILPostProcessor
running Unity.Jobs.CodeGen.JobsILPostProcessor
running zzzUnity.Burst.CodeGen.BurstILPostProcessor
[908/967    0s] CopyFiles Library/ScriptAssemblies/Unity.AI.Pbr.Srp.dll
[909/967    0s] CopyFiles Library/ScriptAssemblies/Unity.AI.Pbr.Srp.pdb
[910/967    0s] ILPostProcess Library/Bee/artifacts/2400b0aE.dag/post-processed/Unity.AppUI.Undo.dll (+pdb)
Processing assembly Library/Bee/artifacts/2400b0aE.dag/Unity.AppUI.Undo.dll, with 133 defines and 282 references
processors: Unity.Jobs.CodeGen.JobsILPostProcessor, zzzUnity.Burst.CodeGen.BurstILPostProcessor
running Unity.Jobs.CodeGen.JobsILPostProcessor
running zzzUnity.Burst.CodeGen.BurstILPostProcessor
[911/967    0s] ILPostProcess Library/Bee/artifacts/2400b0aE.dag/post-processed/Unity.AI.MCP.Runtime.dll (+pdb)
Processing assembly Library/Bee/artifacts/2400b0aE.dag/Unity.AI.MCP.Runtime.dll, with 133 defines and 285 references
processors: Unity.Jobs.CodeGen.JobsILPostProcessor, zzzUnity.Burst.CodeGen.BurstILPostProcessor
running Unity.Jobs.CodeGen.JobsILPostProcessor
running zzzUnity.Burst.CodeGen.BurstILPostProcessor
[912/967    0s] CopyFiles Library/ScriptAssemblies/Unity.AppUI.Undo.dll
[913/967    0s] CopyFiles Library/ScriptAssemblies/Unity.AI.MCP.Runtime.dll
[914/967    0s] CopyFiles Library/ScriptAssemblies/Unity.AI.MCP.Runtime.pdb
[915/967    0s] CopyFiles Library/ScriptAssemblies/Unity.AppUI.Undo.pdb
[850/967    0s] Csc Library/Bee/artifacts/2400b0aE.dag/Unity.AI.Generators.Redux.dll (+2 others) [CacheHit 93d384ba166e5dc4a4138ba079bc802000000000000000000000000000000005]
[850/967    0s] Csc Library/Bee/artifacts/2400b0aE.dag/Unity.InferenceEngine.Editor.Visualizer.dll (+2 others) [CacheHit 5a36a08de14a812528eee67f0ac60a4e00000000000000000000000000000005]
[916/967    0s] ILPostProcess Library/Bee/artifacts/2400b0aE.dag/post-processed/Unity.InferenceEngine.dll (+pdb)
Processing assembly Library/Bee/artifacts/2400b0aE.dag/Unity.InferenceEngine.dll, with 133 defines and 288 references
processors: Unity.Jobs.CodeGen.JobsILPostProcessor, zzzUnity.Burst.CodeGen.BurstILPostProcessor
running Unity.Jobs.CodeGen.JobsILPostProcessor
running zzzUnity.Burst.CodeGen.BurstILPostProcessor
[917/967    0s] ILPostProcess Library/Bee/artifacts/2400b0aE.dag/post-processed/Unity.ScriptableBuildPipeline.dll (+pdb)
Processing assembly Library/Bee/artifacts/2400b0aE.dag/Unity.ScriptableBuildPipeline.dll, with 133 defines and 285 references
processors: Unity.Jobs.CodeGen.JobsILPostProcessor, zzzUnity.Burst.CodeGen.BurstILPostProcessor
running Unity.Jobs.CodeGen.JobsILPostProcessor
running zzzUnity.Burst.CodeGen.BurstILPostProcessor
[918/967   1788551833s] Csc Library/Bee/artifacts/2400b0aE.dag/Unity.AI.Generators.Redux.dll (+2 others)
[920/967   1788551833s] Csc Library/Bee/artifacts/2400b0aE.dag/Unity.InferenceEngine.Editor.Visualizer.dll (+2 others)
[856/967    0s] Csc Library/Bee/artifacts/2400b0aE.dag/Unity.AI.Generators.Asset.dll (+2 others) [CacheHit 1b216399dff0c398fbfbbf61bc1e036900000000000000000000000000000005]
[926/967   1788551833s] Csc Library/Bee/artifacts/2400b0aE.dag/Unity.AI.Generators.Asset.dll (+2 others)
[860/967    0s] Csc Library/Bee/artifacts/2400b0aE.dag/Unity.InferenceEngine.Editor.dll (+2 others) [CacheHit 936951c5b6aa00a1fa4c560cb8215be900000000000000000000000000000005]
[931/967   1788551833s] Csc Library/Bee/artifacts/2400b0aE.dag/Unity.InferenceEngine.Editor.dll (+2 others)
[861/967    0s] Csc Library/Bee/artifacts/2400b0aE.dag/Unity.AI.Generators.IO.dll (+2 others) [CacheHit 98baf08946c0ce6cd4ca8e1abf1fbe1400000000000000000000000000000005]
[933/967   1788551833s] Csc Library/Bee/artifacts/2400b0aE.dag/Unity.AI.Generators.IO.dll (+2 others)
[863/967    0s] Csc Library/Bee/artifacts/2400b0aE.dag/Unity.AI.Generators.UI.AIDropdownIntegrations.dll (+2 others) [CacheHit 28d5c0199620c6653734ddc9c2826e8300000000000000000000000000000005]
[937/967   1788551833s] Csc Library/Bee/artifacts/2400b0aE.dag/Unity.AI.Generators.UI.AIDropdownIntegrations.dll (+2 others)
[867/967    0s] Csc Library/Bee/artifacts/2400b0aE.dag/Unity.AI.Generators.Sdk.dll (+2 others) [CacheHit f3a1044348e01ad53b2fafe2d3de7d2900000000000000000000000000000005]
[941/967   1788551833s] Csc Library/Bee/artifacts/2400b0aE.dag/Unity.AI.Generators.Sdk.dll (+2 others)
[869/967    0s] Csc Library/Bee/artifacts/2400b0aE.dag/Unity.AI.Generators.UI.dll (+2 others) [CacheHit 215e744be1ef7fd992d001ed613646ce00000000000000000000000000000005]
[944/967   1788551833s] Csc Library/Bee/artifacts/2400b0aE.dag/Unity.AI.Generators.UI.dll (+2 others)
[872/967    0s] Csc Library/Bee/artifacts/2400b0aE.dag/Unity.AI.ModelSelector.dll (+2 others) [CacheHit 88c084060f6187f3b1cdeba014c1913700000000000000000000000000000005]
[948/967   1788551833s] Csc Library/Bee/artifacts/2400b0aE.dag/Unity.AI.ModelSelector.dll (+2 others)
[956/967    0s] CopyFiles Library/ScriptAssemblies/Unity.InferenceEngine.pdb
[957/967    0s] CopyFiles Library/ScriptAssemblies/Unity.ScriptableBuildPipeline.dll
[958/967    0s] CopyFiles Library/ScriptAssemblies/Unity.ScriptableBuildPipeline.pdb
[959/967    0s] CopyFiles Library/ScriptAssemblies/Unity.InferenceEngine.dll
[885/967    0s] Csc Library/Bee/artifacts/2400b0aE.dag/Unity.AI.Sound.dll (+2 others) [CacheHit 2c1b3272c228ce433cb7ac312c60e44200000000000000000000000000000005]
[960/967   1788551833s] Csc Library/Bee/artifacts/2400b0aE.dag/Unity.AI.Sound.dll (+2 others)
[963/967    0s] ILPostProcess Library/Bee/artifacts/2400b0aE.dag/post-processed/Unity.AI.Generators.Redux.dll (+pdb)
Processing assembly Library/Bee/artifacts/2400b0aE.dag/Unity.AI.Generators.Redux.dll, with 131 defines and 321 references
processors: Unity.Jobs.CodeGen.JobsILPostProcessor, zzzUnity.Burst.CodeGen.BurstILPostProcessor
running Unity.Jobs.CodeGen.JobsILPostProcessor
running zzzUnity.Burst.CodeGen.BurstILPostProcessor
[887/967    0s] Csc Library/Bee/artifacts/2400b0aE.dag/Unity.AI.Mesh.dll (+2 others) [CacheHit 6c1bc5e6d6a2abba03f30e7f68d7f9a700000000000000000000000000000005]
[964/967   1788551833s] Csc Library/Bee/artifacts/2400b0aE.dag/Unity.AI.Mesh.dll (+2 others)
[889/967    0s] Csc Library/Bee/artifacts/2400b0aE.dag/Unity.AI.Pbr.dll (+2 others) [CacheHit 713208414bfec08089314aa968d43c2000000000000000000000000000000005]
[967/967   1788551833s] Csc Library/Bee/artifacts/2400b0aE.dag/Unity.AI.Pbr.dll (+2 others)
[891/967    0s] Csc Library/Bee/artifacts/2400b0aE.dag/Unity.AI.Animate.dll (+2 others) [CacheHit 04c8bb667bc0d28d71939f4945f1789e00000000000000000000000000000005]
[970/967   1788551833s] Csc Library/Bee/artifacts/2400b0aE.dag/Unity.AI.Animate.dll (+2 others)
[973/967    0s] ILPostProcess Library/Bee/artifacts/2400b0aE.dag/post-processed/Unity.AI.Generators.IO.dll (+pdb)
Processing assembly Library/Bee/artifacts/2400b0aE.dag/Unity.AI.Generators.IO.dll, with 131 defines and 323 references
processors: Unity.Jobs.CodeGen.JobsILPostProcessor, zzzUnity.Burst.CodeGen.BurstILPostProcessor
running Unity.Jobs.CodeGen.JobsILPostProcessor
running zzzUnity.Burst.CodeGen.BurstILPostProcessor
[974/967    0s] ILPostProcess Library/Bee/artifacts/2400b0aE.dag/post-processed/Unity.AI.Generators.UI.AIDropdownIntegrations.dll (+pdb)
Processing assembly Library/Bee/artifacts/2400b0aE.dag/Unity.AI.Generators.UI.AIDropdownIntegrations.dll, with 131 defines and 321 references
processors: Unity.Jobs.CodeGen.JobsILPostProcessor, zzzUnity.Burst.CodeGen.BurstILPostProcessor
running Unity.Jobs.CodeGen.JobsILPostProcessor
running zzzUnity.Burst.CodeGen.BurstILPostProcessor
[975/967    0s] CopyFiles Library/ScriptAssemblies/Unity.AI.Generators.IO.pdb
[976/967    0s] CopyFiles Library/ScriptAssemblies/Unity.AI.Generators.IO.dll
[977/967    0s] CopyFiles Library/ScriptAssemblies/Unity.AI.Generators.Redux.pdb
[978/967    0s] CopyFiles Library/ScriptAssemblies/Unity.AI.Generators.Redux.dll
[979/967    0s] CopyFiles Library/ScriptAssemblies/Unity.AI.Generators.UI.AIDropdownIntegrations.dll
[980/967    0s] CopyFiles Library/ScriptAssemblies/Unity.AI.Generators.UI.AIDropdownIntegrations.pdb
[902/967    0s] Csc Library/Bee/artifacts/2400b0aE.dag/Unity.AI.Image.dll (+2 others) [CacheHit 907a735d4bae7aebc4d55e35dfc1447a00000000000000000000000000000005]
[981/967    0s] ILPostProcess Library/Bee/artifacts/2400b0aE.dag/post-processed/Unity.AI.ModelSelector.dll (+pdb)
Processing assembly Library/Bee/artifacts/2400b0aE.dag/Unity.AI.ModelSelector.dll, with 131 defines and 327 references
processors: Unity.Jobs.CodeGen.JobsILPostProcessor, zzzUnity.Burst.CodeGen.BurstILPostProcessor
running Unity.Jobs.CodeGen.JobsILPostProcessor
running zzzUnity.Burst.CodeGen.BurstILPostProcessor
[982/967   1788551833s] Csc Library/Bee/artifacts/2400b0aE.dag/Unity.AI.Image.dll (+2 others)
[984/967    0s] ILPostProcess Library/Bee/artifacts/2400b0aE.dag/post-processed/Unity.AI.Generators.UI.dll (+pdb)
Processing assembly Library/Bee/artifacts/2400b0aE.dag/Unity.AI.Generators.UI.dll, with 131 defines and 278 references
processors: Unity.Jobs.CodeGen.JobsILPostProcessor, zzzUnity.Burst.CodeGen.BurstILPostProcessor
running Unity.Jobs.CodeGen.JobsILPostProcessor
running zzzUnity.Burst.CodeGen.BurstILPostProcessor
[985/967    0s] ILPostProcess Library/Bee/artifacts/2400b0aE.dag/post-processed/Unity.AI.Generators.Sdk.dll (+pdb)
Processing assembly Library/Bee/artifacts/2400b0aE.dag/Unity.AI.Generators.Sdk.dll, with 131 defines and 322 references
processors: Unity.Jobs.CodeGen.JobsILPostProcessor, zzzUnity.Burst.CodeGen.BurstILPostProcessor
running Unity.Jobs.CodeGen.JobsILPostProcessor
running zzzUnity.Burst.CodeGen.BurstILPostProcessor
[988/967    0s] ILPostProcess Library/Bee/artifacts/2400b0aE.dag/post-processed/Unity.AI.Pbr.dll (+pdb)
Processing assembly Library/Bee/artifacts/2400b0aE.dag/Unity.AI.Pbr.dll, with 131 defines and 334 references
processors: Unity.Jobs.CodeGen.JobsILPostProcessor, zzzUnity.Burst.CodeGen.BurstILPostProcessor
running Unity.Jobs.CodeGen.JobsILPostProcessor
running zzzUnity.Burst.CodeGen.BurstILPostProcessor
[905/967    0s] Csc Library/Bee/artifacts/2400b0aE.dag/Unity.AI.Generators.Tools.dll (+2 others) [CacheHit e60ba52f294d5414da7b2ec451d8121400000000000000000000000000000005]
[989/967   1788551833s] Csc Library/Bee/artifacts/2400b0aE.dag/Unity.AI.Generators.Tools.dll (+2 others)
[993/967    0s] ILPostProcess Library/Bee/artifacts/2400b0aE.dag/post-processed/Unity.AI.Mesh.dll (+pdb)
Processing assembly Library/Bee/artifacts/2400b0aE.dag/Unity.AI.Mesh.dll, with 131 defines and 332 references
processors: Unity.Jobs.CodeGen.JobsILPostProcessor, zzzUnity.Burst.CodeGen.BurstILPostProcessor
running Unity.Jobs.CodeGen.JobsILPostProcessor
running zzzUnity.Burst.CodeGen.BurstILPostProcessor
[994/967    0s] ILPostProcess Library/Bee/artifacts/2400b0aE.dag/post-processed/Unity.AI.Sound.dll (+pdb)
Processing assembly Library/Bee/artifacts/2400b0aE.dag/Unity.AI.Sound.dll, with 131 defines and 334 references
processors: Unity.Jobs.CodeGen.JobsILPostProcessor, zzzUnity.Burst.CodeGen.BurstILPostProcessor
running Unity.Jobs.CodeGen.JobsILPostProcessor
running zzzUnity.Burst.CodeGen.BurstILPostProcessor
[995/967    0s] ILPostProcess Library/Bee/artifacts/2400b0aE.dag/post-processed/Unity.AI.Animate.dll (+pdb)
Processing assembly Library/Bee/artifacts/2400b0aE.dag/Unity.AI.Animate.dll, with 131 defines and 335 references
processors: Unity.Jobs.CodeGen.JobsILPostProcessor, zzzUnity.Burst.CodeGen.BurstILPostProcessor
running Unity.Jobs.CodeGen.JobsILPostProcessor
running zzzUnity.Burst.CodeGen.BurstILPostProcessor
[996/967    0s] CopyFiles Library/ScriptAssemblies/Unity.AI.Generators.UI.pdb
[997/967    0s] CopyFiles Library/ScriptAssemblies/Unity.AI.Generators.UI.dll
[998/967    0s] CopyFiles Library/ScriptAssemblies/Unity.AI.Generators.Sdk.pdb
[999/967    0s] CopyFiles Library/ScriptAssemblies/Unity.AI.ModelSelector.pdb
[1000/967   0s] CopyFiles Library/ScriptAssemblies/Unity.AI.Pbr.pdb
[1001/967   0s] CopyFiles Library/ScriptAssemblies/Unity.AI.Generators.Sdk.dll
[1002/967   0s] CopyFiles Library/ScriptAssemblies/Unity.AI.ModelSelector.dll
[1003/967   0s] CopyFiles Library/ScriptAssemblies/Unity.AI.Pbr.dll
[1004/967   0s] CopyFiles Library/ScriptAssemblies/Unity.AI.Sound.pdb
[1005/967   0s] CopyFiles Library/ScriptAssemblies/Unity.AI.Sound.dll
[1006/967   0s] CopyFiles Library/ScriptAssemblies/Unity.AI.Mesh.pdb
[1007/967   0s] CopyFiles Library/ScriptAssemblies/Unity.AI.Animate.pdb
[1008/967   0s] CopyFiles Library/ScriptAssemblies/Unity.AI.Mesh.dll
[1009/967   0s] ILPostProcess Library/Bee/artifacts/2400b0aE.dag/post-processed/Unity.InferenceEngine.Editor.dll (+pdb)
Processing assembly Library/Bee/artifacts/2400b0aE.dag/Unity.InferenceEngine.Editor.dll, with 131 defines and 273 references
processors: Unity.Jobs.CodeGen.JobsILPostProcessor, zzzUnity.Burst.CodeGen.BurstILPostProcessor
running Unity.Jobs.CodeGen.JobsILPostProcessor
running zzzUnity.Burst.CodeGen.BurstILPostProcessor
[1010/967   0s] CopyFiles Library/ScriptAssemblies/Unity.AI.Animate.dll
[1011/967   0s] CopyFiles Library/ScriptAssemblies/Unity.InferenceEngine.Editor.pdb
[931/967    0s] Csc Library/Bee/artifacts/2400b0aE.dag/Unity.AI.Assistant.AssetGenerators.Editor.dll (+2 others) [CacheHit f85f1c1f7a38808500bc0486b80558f000000000000000000000000000000005]
[1012/967   0s] ILPostProcess Library/Bee/artifacts/2400b0aE.dag/post-processed/Unity.AI.Image.dll (+pdb)
Processing assembly Library/Bee/artifacts/2400b0aE.dag/Unity.AI.Image.dll, with 131 defines and 335 references
processors: Unity.Jobs.CodeGen.JobsILPostProcessor, zzzUnity.Burst.CodeGen.BurstILPostProcessor
running Unity.Jobs.CodeGen.JobsILPostProcessor
running zzzUnity.Burst.CodeGen.BurstILPostProcessor
[1013/967  1788551833s] Csc Library/Bee/artifacts/2400b0aE.dag/Unity.AI.Assistant.AssetGenerators.Editor.dll (+2 others)
[1016/967   0s] CopyFiles Library/ScriptAssemblies/Unity.InferenceEngine.Editor.dll
[1018/967   0s] ILPostProcess Library/Bee/artifacts/2400b0aE.dag/post-processed/Unity.AI.Generators.Tools.dll (+pdb)
Processing assembly Library/Bee/artifacts/2400b0aE.dag/Unity.AI.Generators.Tools.dll, with 131 defines and 331 references
processors: Unity.Jobs.CodeGen.JobsILPostProcessor, zzzUnity.Burst.CodeGen.BurstILPostProcessor
running Unity.Jobs.CodeGen.JobsILPostProcessor
running zzzUnity.Burst.CodeGen.BurstILPostProcessor
[935/967    0s] Csc Library/Bee/artifacts/2400b0aE.dag/Unity.AI.MCP.Editor.dll (+2 others) [CacheHit a703f4fd50f77ae7d6cb9a4a7fb4919a00000000000000000000000000000005]
[1019/967  1788551833s] Csc Library/Bee/artifacts/2400b0aE.dag/Unity.AI.MCP.Editor.dll (+2 others)
[1021/967   0s] ILPostProcess Library/Bee/artifacts/2400b0aE.dag/post-processed/Unity.InferenceEngine.Editor.Visualizer.dll (+pdb)
Processing assembly Library/Bee/artifacts/2400b0aE.dag/Unity.InferenceEngine.Editor.Visualizer.dll, with 131 defines and 325 references
processors: Unity.Jobs.CodeGen.JobsILPostProcessor, zzzUnity.Burst.CodeGen.BurstILPostProcessor
running Unity.Jobs.CodeGen.JobsILPostProcessor
running zzzUnity.Burst.CodeGen.BurstILPostProcessor
[1022/967   0s] ILPostProcess Library/Bee/artifacts/2400b0aE.dag/post-processed/Unity.AI.Generators.Asset.dll (+pdb)
Processing assembly Library/Bee/artifacts/2400b0aE.dag/Unity.AI.Generators.Asset.dll, with 131 defines and 323 references
processors: Unity.Jobs.CodeGen.JobsILPostProcessor, zzzUnity.Burst.CodeGen.BurstILPostProcessor
running Unity.Jobs.CodeGen.JobsILPostProcessor
running zzzUnity.Burst.CodeGen.BurstILPostProcessor
[1023/967   0s] CopyFiles Library/ScriptAssemblies/Unity.AI.Image.pdb
[1024/967   0s] CopyFiles Library/ScriptAssemblies/Unity.AI.Generators.Tools.pdb
[1025/967   0s] CopyFiles Library/ScriptAssemblies/Unity.AI.Generators.Tools.dll
[1026/967   0s] CopyFiles Library/ScriptAssemblies/Unity.AI.Image.dll
[1027/967   0s] CopyFiles Library/ScriptAssemblies/Unity.AI.Generators.Asset.pdb
[1028/967   0s] CopyFiles Library/ScriptAssemblies/Unity.AI.Generators.Asset.dll
[1029/967   0s] CopyFiles Library/ScriptAssemblies/Unity.InferenceEngine.Editor.Visualizer.pdb
[1030/967   0s] CopyFiles Library/ScriptAssemblies/Unity.InferenceEngine.Editor.Visualizer.dll
[1031/967   0s] ILPostProcess Library/Bee/artifacts/2400b0aE.dag/post-processed/Unity.AI.Assistant.AssetGenerators.Editor.dll (+pdb)
Processing assembly Library/Bee/artifacts/2400b0aE.dag/Unity.AI.Assistant.AssetGenerators.Editor.dll, with 131 defines and 276 references
processors: Unity.Jobs.CodeGen.JobsILPostProcessor, zzzUnity.Burst.CodeGen.BurstILPostProcessor
running Unity.Jobs.CodeGen.JobsILPostProcessor
running zzzUnity.Burst.CodeGen.BurstILPostProcessor
[1032/967   0s] ILPostProcess Library/Bee/artifacts/2400b0aE.dag/post-processed/Unity.AI.MCP.Editor.dll (+pdb)
Processing assembly Library/Bee/artifacts/2400b0aE.dag/Unity.AI.MCP.Editor.dll, with 131 defines and 279 references
processors: Unity.Jobs.CodeGen.JobsILPostProcessor, zzzUnity.Burst.CodeGen.BurstILPostProcessor
running Unity.Jobs.CodeGen.JobsILPostProcessor
running zzzUnity.Burst.CodeGen.BurstILPostProcessor
[1033/967   0s] CopyFiles Library/ScriptAssemblies/Unity.AI.Assistant.AssetGenerators.Editor.pdb
[1034/967   0s] CopyFiles Library/ScriptAssemblies/Unity.AI.Assistant.AssetGenerators.Editor.dll
[1035/967   0s] CopyFiles Library/ScriptAssemblies/Unity.AI.MCP.Editor.pdb
[1036/967   0s] CopyFiles Library/ScriptAssemblies/Unity.AI.MCP.Editor.dll
[1037/967   1s] Csc Library/Bee/artifacts/2400b0aE.dag/ProjectAegis.Unity.Runtime.dll (+2 others)
Assets/Scripts/Runtime/CombatDomainsHotTickHost.cs(147,50): warning CS8604: Possible null reference argument for parameter 'lines' in 'void CombatDomainsHotTickTracker.ObserveMessageLog(int simTick, IReadOnlyList<MessageLogLine> lines)'.
Assets/Scripts/Runtime/MapPlaceholderPanelHost.cs(475,27): warning CS8602: Dereference of a possibly null reference.
Assets/Scripts/Runtime/GlobeMapProductHost.cs(50,34): warning CS8618: Non-nullable field '_lastDrawCamera' must contain a non-null value when exiting constructor. Consider declaring the field as nullable.
[1038/967   0s] ILPostProcess Library/Bee/artifacts/2400b0aE.dag/post-processed/ProjectAegis.Unity.Runtime.dll (+pdb)
Processing assembly Library/Bee/artifacts/2400b0aE.dag/ProjectAegis.Unity.Runtime.dll, with 133 defines and 285 references
processors: Unity.Jobs.CodeGen.JobsILPostProcessor, zzzUnity.Burst.CodeGen.BurstILPostProcessor
running Unity.Jobs.CodeGen.JobsILPostProcessor
running zzzUnity.Burst.CodeGen.BurstILPostProcessor
[1039/967   0s] CopyFiles Library/ScriptAssemblies/ProjectAegis.Unity.Runtime.pdb
[1040/967   0s] CopyFiles Library/ScriptAssemblies/ProjectAegis.Unity.Runtime.dll
[1041/967   0s] Csc Library/Bee/artifacts/2400b0aE.dag/ProjectAegis.Unity.Editor.dll (+2 others)
Assets/Editor/ScenarioMapAuthoringWindow.cs(393,33): warning CS8601: Possible null reference assignment.
Assets/Editor/ScenarioMapAuthoringWindow.cs(437,49): warning CS8602: Dereference of a possibly null reference.
Assets/Editor/ScenarioMapAuthoringWindow.cs(466,29): warning CS8601: Possible null reference assignment.
[1042/967   0s] Csc Library/Bee/artifacts/2400b0aE.dag/ProjectAegis.Unity.Tests.dll (+2 others)
[1043/967   0s] ILPostProcess Library/Bee/artifacts/2400b0aE.dag/post-processed/ProjectAegis.Unity.Tests.dll (+pdb)
Processing assembly Library/Bee/artifacts/2400b0aE.dag/ProjectAegis.Unity.Tests.dll, with 133 defines and 236 references
processors: Unity.Jobs.CodeGen.JobsILPostProcessor, zzzUnity.Burst.CodeGen.BurstILPostProcessor
running Unity.Jobs.CodeGen.JobsILPostProcessor
running zzzUnity.Burst.CodeGen.BurstILPostProcessor
[1044/967   0s] ILPostProcess Library/Bee/artifacts/2400b0aE.dag/post-processed/ProjectAegis.Unity.Editor.dll (+pdb)
Processing assembly Library/Bee/artifacts/2400b0aE.dag/ProjectAegis.Unity.Editor.dll, with 131 defines and 321 references
processors: Unity.Jobs.CodeGen.JobsILPostProcessor, zzzUnity.Burst.CodeGen.BurstILPostProcessor
running Unity.Jobs.CodeGen.JobsILPostProcessor
running zzzUnity.Burst.CodeGen.BurstILPostProcessor
[1045/967   0s] CopyFiles Library/ScriptAssemblies/ProjectAegis.Unity.Editor.pdb
[1046/967   0s] CopyFiles Library/ScriptAssemblies/ProjectAegis.Unity.Editor.dll
[1047/967   0s] CopyFiles Library/ScriptAssemblies/ProjectAegis.Unity.Tests.pdb
[1048/967   0s] CopyFiles Library/ScriptAssemblies/ProjectAegis.Unity.Tests.dll
*** Tundra build success (2.48 seconds), 340 items updated, 967 evaluated
Assets/Scripts/Runtime/CombatDomainsHotTickHost.cs(147,50): warning CS8604: Possible null reference argument for parameter 'lines' in 'void CombatDomainsHotTickTracker.ObserveMessageLog(int simTick, IReadOnlyList<MessageLogLine> lines)'.
Assets/Scripts/Runtime/MapPlaceholderPanelHost.cs(475,27): warning CS8602: Dereference of a possibly null reference.
Assets/Scripts/Runtime/GlobeMapProductHost.cs(50,34): warning CS8618: Non-nullable field '_lastDrawCamera' must contain a non-null value when exiting constructor. Consider declaring the field as nullable.
Assets/Editor/ScenarioMapAuthoringWindow.cs(393,33): warning CS8601: Possible null reference assignment.
Assets/Editor/ScenarioMapAuthoringWindow.cs(437,49): warning CS8602: Dereference of a possibly null reference.
Assets/Editor/ScenarioMapAuthoringWindow.cs(466,29): warning CS8601: Possible null reference assignment.
Assets/Scripts/Runtime/GlobeMapProductHost.cs(50,34): warning CS8618: Non-nullable field '_lastDrawCamera' must contain a non-null value when exiting constructor. Consider declaring the field as nullable.
AssetDatabase: script compilation time: 4.109052s
Total cache size 267394263
Total cache size after purge 267394263, took 00:00:00.1042137
Begin MonoManager ReloadAssembly
Symbol file LoadedFromMemory is not a mono symbol file
Symbol file LoadedFromMemory is not a mono symbol file
- Loaded All Assemblies, in  0.926 seconds
Refreshing native plugins compatible for Editor in 0.47 ms, found 1 plugins.
Native extension for LinuxStandalone target not found
Duplicate assembly 'System.IO.Pipelines.dll' with different versions detected, using 'Assets/Plugins/ProjectAegis/System.IO.Pipelines.dll, AssemblyName=System.IO.Pipelines, Version=10.0.0.0, Culture=neutral, PublicKeyToken=cc7b13ffcd2ddd51' and ignoring 'Assets/Plugins/NuGet/System.IO.Pipelines.dll, AssemblyName=System.IO.Pipelines, Version=8.0.0.0, Culture=neutral, PublicKeyToken=cc7b13ffcd2ddd51'.Duplicate assembly 'System.Text.Json.dll' with different versions detected, using 'Assets/Plugins/ProjectAegis/System.Text.Json.dll, AssemblyName=System.Text.Json, Version=10.0.0.0, Culture=neutral, PublicKeyToken=cc7b13ffcd2ddd51' and ignoring 'Assets/Plugins/NuGet/System.Text.Json.dll, AssemblyName=System.Text.Json, Version=8.0.0.0, Culture=neutral, PublicKeyToken=cc7b13ffcd2ddd51'.Duplicate assembly 'System.Text.Encodings.Web.dll' with different versions detected, using 'Assets/Plugins/ProjectAegis/System.Text.Encodings.Web.dll, AssemblyName=System.Text.Encodings.Web, Version=10.0.0.0, Culture=neutral, PublicKeyToken=cc7b13ffcd2ddd51' and ignoring 'Assets/Plugins/NuGet/System.Text.Encodings.Web.dll, AssemblyName=System.Text.Encodings.Web, Version=8.0.0.0, Culture=neutral, PublicKeyToken=cc7b13ffcd2ddd51'.Duplicate assembly 'Microsoft.Bcl.AsyncInterfaces.dll' with different versions detected, using 'Assets/Plugins/ProjectAegis/Microsoft.Bcl.AsyncInterfaces.dll, AssemblyName=Microsoft.Bcl.AsyncInterfaces, Version=10.0.0.11, Culture=neutral, PublicKeyToken=cc7b13ffcd2ddd51' and ignoring 'Assets/Plugins/NuGet/Microsoft.Bcl.AsyncInterfaces.dll, AssemblyName=Microsoft.Bcl.AsyncInterfaces, Version=8.0.0.0, Culture=neutral, PublicKeyToken=cc7b13ffcd2ddd51'.Refreshing native plugins compatible for Editor in 0.51 ms, found 1 plugins.
[Licensing::Client] Error: Code 404 while processing request (status: Found 0 entitlement groups and 0 free entitlements matching requested entitlement ids)
[Licensing::Client] Error: Code 404 while processing request (status: Found 0 entitlement groups and 0 free entitlements matching requested entitlement ids)
[Licensing::Client] Error: Code 404 while processing request (status: Found 0 entitlement groups and 0 free entitlements matching requested entitlement ids)
ScheduleIndexationOnStartup MainProcess:True IndexOnStartup:True
Mono: successfully reloaded assembly
- Finished resetting the current domain, in  5.502 seconds
Domain Reload Profiling: 6427ms
	BeginReloadAssembly (158ms)
		ExecutionOrderSort (0ms)
		DisableScriptedObjects (13ms)
		BackupInstance (0ms)
		ReleaseScriptingObjects (0ms)
		CreateAndSetChildDomain (49ms)
	RebuildCommonClasses (34ms)
	RebuildNativeTypeToScriptingClass (7ms)
	initialDomainReloadingComplete (50ms)
	LoadAllAssembliesAndSetupDomain (676ms)
		LoadAssemblies (342ms)
		RebuildTransferFunctionScriptingTraits (0ms)
		AnalyzeDomain (396ms)
			TypeCache.Refresh (347ms)
				TypeCache.ScanAssembly (327ms)
			BuildScriptInfoCaches (44ms)
			ResolveRequiredComponents (2ms)
	FinalizeReload (5503ms)
		ReleaseScriptCaches (0ms)
		RebuildScriptCaches (0ms)
		SetupLoadedEditorAssemblies (5326ms)
			LogAssemblyErrors (0ms)
			InitializePlatformSupportModulesInManaged (33ms)
			SetLoadedEditorAssemblies (4ms)
			BeforeProcessingInitializeOnLoad (203ms)
			ProcessInitializeOnLoadAttributes (4618ms)
			ProcessInitializeOnLoadMethodAttributes (461ms)
			AfterProcessingInitializeOnLoad (6ms)
			EditorAssembliesLoaded (1ms)
		ExecutionOrderSort2 (0ms)
		AwakeInstancesAfterBackupRestoration (27ms)
Asset Pipeline Refresh (id=b3518df2e9a0cd3739499919936cb70d): Total: 11.948 seconds - Initiated by InitialRefreshV2(ForceSynchronousImport)
	Summary:
		Imports: total=0 (actual=0, local cache=0, cache server=0)
		Asset DB Process Time: managed=0 ms, native=6565 ms
		Asset DB Callback time: managed=158 ms, native=4 ms
		Scripting: domain reloads=1, domain reload time=926 ms, compile time=4243 ms, other=50 ms
		Project Asset Count: scripts=1214, non-scripts=3355
		Asset File Changes: new=0, changed=0, moved=0, deleted=0
		Scan Filter Count: 1
	InvokeCustomDependenciesCallbacks: 0.005ms
	InvokePackagesCallback: 4.976ms
	ApplyChangesToAssetFolders: 0.432ms
	Scan: 717.155ms
	OnSourceAssetsModified: 0.002ms
	CategorizeAssetsWithTransientArtifact: 32.554ms
	ProcessAssetsWithTransientArtifactChanges: 60.654ms
	CategorizeAssets: 112.619ms
	ImportOutOfDateAssets: 5522.562ms (1271.747ms without children)
		CompileScripts: 4242.565ms
		ReloadNativeAssets: 0.014ms
		UnloadImportedAssets: 4.423ms
		EnsureUptoDateAssetsAreRegisteredWithGuidPM: 1.740ms
		InitializingProgressBar: 0.001ms
		PostProcessAllAssetNotificationsAddChangedAssets: 0.000ms
		OnDemandSchedulerStart: 2.071ms
	PostProcessAllAssets: 158.560ms
	GatherAllCurrentPrimaryArtifactRevisions: 0.000ms
	UnloadStreamsBegin: 1.092ms
	PersistCurrentRevisions: 0.460ms
	UnloadStreamsEnd: 0.003ms
	GenerateScriptTypeHashes: 6.044ms
	Untracked: 5337.132ms

Application.AssetDatabase Initial Refresh End
Scanning for USB devices : 4.691ms
Initializing Unity extensions:
UpdateMenuTitleForLanguage: 10
[MODES] ModeService[none].Initialize
[MODES] ModeService[none].LoadModes
[MODES] Loading mode Default (0) for mode-current-id-ProjectAegis
Unloading 131 Unused Serialized files (Serialized files now loaded: 0)
Unloading 5903 unused Assets / (7.6 MB). Loaded Objects now: 6320.
Memory consumption went from 192.0 MB to 184.4 MB.
Total: 57.653126 ms (FindLiveObjects: 0.798050 ms CreateObjectMapping: 0.839255 ms MarkObjects: 46.714242 ms  DeleteObjects: 9.299411 ms)

Unloading 1 Unused Serialized files (Serialized files now loaded: 0)
Unloading 0 unused Assets / (2.2 KB). Loaded Objects now: 6329.
Memory consumption went from 156.2 MB to 156.2 MB.
Total: 37.889523 ms (FindLiveObjects: 0.336453 ms CreateObjectMapping: 0.184614 ms MarkObjects: 37.345645 ms  DeleteObjects: 0.021294 ms)

Start importing ProjectSettings/EditorBuildSettings.asset using Guid(0000000000000000b000000000000000) (LibraryAssetImporter) -> (artifact id: 'b324aaa2413858ade463a32fffbb2b8a') in 0.010296259 seconds
Refreshing native plugins compatible for Editor in 0.68 ms, found 1 plugins.
Preloading 1 native plugins for Editor in 0.06 ms.
Asset Pipeline Refresh (id=02c0cbabbd87a8c6a8dd5ef00d2056c2): Total: 0.611 seconds - Initiated by StopAssetImportingV2(NoUpdateAssetOptions)
	Summary:
		Imports: total=1 (actual=1, local cache=0, cache server=0)
		Asset DB Process Time: managed=4 ms, native=22 ms
		Asset DB Callback time: managed=580 ms, native=3 ms
		Scripting: domain reloads=0, domain reload time=0 ms, compile time=0 ms, other=0 ms
		Project Asset Count: scripts=1214, non-scripts=3355
		Asset File Changes: new=0, changed=0, moved=0, deleted=0
		Scan Filter Count: 1
	InvokeCustomDependenciesCallbacks: 0.001ms
	InvokePackagesCallback: 0.000ms
	ApplyChangesToAssetFolders: 0.104ms
	Scan: 5.009ms
	OnSourceAssetsModified: 0.001ms
	CategorizeAssetsWithTransientArtifact: 0.007ms
	ProcessAssetsWithTransientArtifactChanges: 0.103ms
	CategorizeAssets: 1.967ms
	ImportOutOfDateAssets: 14.795ms (0.800ms without children)
		ImportManagerImport: 12.135ms (1.602ms without children)
			ImportInProcess: 10.514ms
			UpdateCategorizedAssets: 0.019ms
		ReloadNativeAssets: 0.013ms
		UnloadImportedAssets: 0.207ms
		ReloadImportedAssets: 0.000ms
		EnsureUptoDateAssetsAreRegisteredWithGuidPM: 0.832ms
		InitializingProgressBar: 0.000ms
		PostProcessAllAssetNotificationsAddChangedAssets: 0.001ms
		OnDemandSchedulerStart: 0.807ms
	PostProcessAllAssets: 583.192ms
	Hotreload: 0.985ms
	GatherAllCurrentPrimaryArtifactRevisions: 0.411ms
	UnloadStreamsBegin: 0.683ms
	PersistCurrentRevisions: 0.342ms
	UnloadStreamsEnd: 0.002ms
	Untracked: 3.152ms

Start importing Assets/Scenes/DelegationSmoke.unity using Guid(348674c3a3394e7418d5698111f4fa42) (DefaultImporter) -> (artifact id: 'd0c950b84cb18c23fca4512f9d345fb2') in 0.001090641 seconds
Refreshing native plugins compatible for Editor in 0.65 ms, found 1 plugins.
Preloading 1 native plugins for Editor in 0.07 ms.
Asset Pipeline Refresh (id=df6ae6eb0ab6ad29990dba3adbf80357): Total: 0.029 seconds - Initiated by StopAssetImportingV2(NoUpdateAssetOptions)
DelegationSmoke scene saved: Assets/Scenes/DelegationSmoke.unity scenario=baltic-patrol-classify
UnityEngine.Debug:ExtractStackTraceNoAlloc (byte*,int,string)
UnityEngine.StackTraceUtility:ExtractStackTrace () (at /home/bokken/build/output/unity/unity/Runtime/Export/Scripting/StackTrace.cs:35)
UnityEngine.DebugLogHandler:Internal_Log (UnityEngine.LogType,UnityEngine.LogOption,string,UnityEngine.Object)
UnityEngine.DebugLogHandler:LogFormat (UnityEngine.LogType,UnityEngine.Object,string,object[])
UnityEngine.Logger:Log (UnityEngine.LogType,object)
UnityEngine.Debug:Log (object)
ProjectAegis.Unity.Editor.DelegationSmokeSceneBuilder:Build (string,bool) (at Assets/Editor/DelegationSmokeSceneBuilder.cs:213)
ProjectAegis.Unity.Editor.C2PlayModeSignoffBatchRunner:EnsureScene (string) (at Assets/Editor/C2PlayModeSignoffBatchRunner.cs:126)
ProjectAegis.Unity.Editor.C2PlayModeSignoffBatchRunner:BeginRun (string) (at Assets/Editor/C2PlayModeSignoffBatchRunner.cs:84)
ProjectAegis.Unity.Editor.C2PlayModeSignoffBatchRunner:RunImportBatch () (at Assets/Editor/C2PlayModeSignoffBatchRunner.cs:65)

(Filename: Assets/Editor/DelegationSmokeSceneBuilder.cs Line: 213)

Opening scene 'Assets/Scenes/DelegationSmoke.unity'
Unloading 0 Unused Serialized files (Serialized files now loaded: 0)
Loaded scene 'Assets/Scenes/DelegationSmoke.unity'
	Deserialize:            4.350 ms
	Integration:            338.757 ms
	Integration of assets:  0.009 ms
	Thread Wait Time:       0.003 ms
	Total Operation Time:   343.119 ms
Unloading 11 unused Assets / (1.3 KB). Loaded Objects now: 6550.
Memory consumption went from 200.2 MB to 200.2 MB.
Total: 30.845606 ms (FindLiveObjects: 0.346498 ms CreateObjectMapping: 0.191094 ms MarkObjects: 30.254951 ms  DeleteObjects: 0.051733 ms)

C2PlayModeSignoffBatchRunner starting Play Mode scenario=baltic-patrol-classify
UnityEngine.Debug:ExtractStackTraceNoAlloc (byte*,int,string)
UnityEngine.StackTraceUtility:ExtractStackTrace () (at /home/bokken/build/output/unity/unity/Runtime/Export/Scripting/StackTrace.cs:35)
UnityEngine.DebugLogHandler:Internal_Log (UnityEngine.LogType,UnityEngine.LogOption,string,UnityEngine.Object)
UnityEngine.DebugLogHandler:LogFormat (UnityEngine.LogType,UnityEngine.Object,string,object[])
UnityEngine.Logger:Log (UnityEngine.LogType,object)
UnityEngine.Debug:Log (object)
ProjectAegis.Unity.Editor.C2PlayModeSignoffBatchRunner:BeginRun (string) (at Assets/Editor/C2PlayModeSignoffBatchRunner.cs:88)
ProjectAegis.Unity.Editor.C2PlayModeSignoffBatchRunner:RunImportBatch () (at Assets/Editor/C2PlayModeSignoffBatchRunner.cs:65)

(Filename: Assets/Editor/C2PlayModeSignoffBatchRunner.cs Line: 88)


(Unity:1371794): Gtk-CRITICAL **: 14:57:25.012: gtk_widget_hide: assertion 'GTK_IS_WIDGET (widget)' failed

(Unity:1371794): Gtk-CRITICAL **: 14:57:25.012: gtk_widget_destroy: assertion 'GTK_IS_WIDGET (widget)' failed

(Unity:1371794): GLib-GObject-CRITICAL **: 14:57:25.012: g_object_unref: assertion 'G_IS_OBJECT (object)' failed
[Project] Loading completed in 20.907 seconds
	Project init time: 				18.719 seconds
		Template init time: 		0.000 seconds
		Package Manager init time: 		0.265 seconds
		Asset Database init time: 		0.157 seconds
		Global illumination init time: 	0.004 seconds
		Assemblies load time: 			5.894 seconds
		Unity extensions init time: 	0.074 seconds
		Asset Database refresh time: 	11.948 seconds
	Scene opening time: 			2.115 seconds
##utp:{"type":"ProjectInfo","version":2,"phase":"Immediate","time":1788551845013,"processId":1371794,"projectLoad":20.90665384,"projectInit":18.718968971,"templateInit":0.0,"packageManagerInit":0.264598149,"assetDatabaseInit":0.156957238,"globalIlluminationInit":0.003754705,"assembliesLoad":5.893999141,"unityExtensionsInit":0.073541344,"assetDatabaseRefresh":11.948361142,"sceneOpening":2.115123632}
##utp:{"type":"EditorInfo","version":2,"phase":"Immediate","time":1788551845013,"processId":1371794,"editorVersion":"6000.3.22f1 (1c726e1fb402)","branch":"6000.3/staging","buildType":"Release","platform":"Linux"}
Reloading assemblies for play mode.
Reloading assemblies after forced synchronous recompile.
Begin MonoManager ReloadAssembly
Symbol file LoadedFromMemory is not a mono symbol file
Symbol file LoadedFromMemory is not a mono symbol file
- Loaded All Assemblies, in  1.840 seconds
Refreshing native plugins compatible for Editor in 0.97 ms, found 1 plugins.
Native extension for LinuxStandalone target not found
Duplicate assembly 'System.IO.Pipelines.dll' with different versions detected, using 'Assets/Plugins/ProjectAegis/System.IO.Pipelines.dll, AssemblyName=System.IO.Pipelines, Version=10.0.0.0, Culture=neutral, PublicKeyToken=cc7b13ffcd2ddd51' and ignoring 'Assets/Plugins/NuGet/System.IO.Pipelines.dll, AssemblyName=System.IO.Pipelines, Version=8.0.0.0, Culture=neutral, PublicKeyToken=cc7b13ffcd2ddd51'.Duplicate assembly 'System.Text.Json.dll' with different versions detected, using 'Assets/Plugins/ProjectAegis/System.Text.Json.dll, AssemblyName=System.Text.Json, Version=10.0.0.0, Culture=neutral, PublicKeyToken=cc7b13ffcd2ddd51' and ignoring 'Assets/Plugins/NuGet/System.Text.Json.dll, AssemblyName=System.Text.Json, Version=8.0.0.0, Culture=neutral, PublicKeyToken=cc7b13ffcd2ddd51'.Duplicate assembly 'System.Text.Encodings.Web.dll' with different versions detected, using 'Assets/Plugins/ProjectAegis/System.Text.Encodings.Web.dll, AssemblyName=System.Text.Encodings.Web, Version=10.0.0.0, Culture=neutral, PublicKeyToken=cc7b13ffcd2ddd51' and ignoring 'Assets/Plugins/NuGet/System.Text.Encodings.Web.dll, AssemblyName=System.Text.Encodings.Web, Version=8.0.0.0, Culture=neutral, PublicKeyToken=cc7b13ffcd2ddd51'.Duplicate assembly 'Microsoft.Bcl.AsyncInterfaces.dll' with different versions detected, using 'Assets/Plugins/ProjectAegis/Microsoft.Bcl.AsyncInterfaces.dll, AssemblyName=Microsoft.Bcl.AsyncInterfaces, Version=10.0.0.11, Culture=neutral, PublicKeyToken=cc7b13ffcd2ddd51' and ignoring 'Assets/Plugins/NuGet/Microsoft.Bcl.AsyncInterfaces.dll, AssemblyName=Microsoft.Bcl.AsyncInterfaces, Version=8.0.0.0, Culture=neutral, PublicKeyToken=cc7b13ffcd2ddd51'.[Licensing::Client] Error: Code 404 while processing request (status: Found 0 entitlement groups and 0 free entitlements matching requested entitlement ids)
[Licensing::Client] Error: Code 404 while processing request (status: Found 0 entitlement groups and 0 free entitlements matching requested entitlement ids)
[Licensing::Client] Error: Code 404 while processing request (status: Found 0 entitlement groups and 0 free entitlements matching requested entitlement ids)
Refreshing native plugins compatible for Editor in 0.92 ms, found 1 plugins.
ScheduleIndexationOnStartup MainProcess:True IndexOnStartup:True
Mono: successfully reloaded assembly
[MODES] ModeService[none].Initialize
[MODES] ModeService[none].LoadModes
- Finished resetting the current domain, in  5.049 seconds
Domain Reload Profiling: 6894ms
	BeginReloadAssembly (734ms)
		ExecutionOrderSort (0ms)
		DisableScriptedObjects (35ms)
		BackupInstance (0ms)
		ReleaseScriptingObjects (0ms)
		CreateAndSetChildDomain (543ms)
	RebuildCommonClasses (65ms)
	RebuildNativeTypeToScriptingClass (15ms)
	initialDomainReloadingComplete (103ms)
	LoadAllAssembliesAndSetupDomain (927ms)
		LoadAssemblies (203ms)
		RebuildTransferFunctionScriptingTraits (0ms)
		AnalyzeDomain (809ms)
			TypeCache.Refresh (23ms)
				TypeCache.ScanAssembly (0ms)
			BuildScriptInfoCaches (774ms)
			ResolveRequiredComponents (6ms)
	FinalizeReload (5050ms)
		ReleaseScriptCaches (0ms)
		RebuildScriptCaches (0ms)
		SetupLoadedEditorAssemblies (4102ms)
			LogAssemblyErrors (0ms)
			InitializePlatformSupportModulesInManaged (75ms)
			SetLoadedEditorAssemblies (20ms)
			BeforeProcessingInitializeOnLoad (1201ms)
			ProcessInitializeOnLoadAttributes (1808ms)
			ProcessInitializeOnLoadMethodAttributes (988ms)
			AfterProcessingInitializeOnLoad (10ms)
			EditorAssembliesLoaded (1ms)
		ExecutionOrderSort2 (0ms)
		AwakeInstancesAfterBackupRestoration (65ms)
Asset Pipeline Refresh (id=c6806ea5d288c3fb29a945fdd6f19fa5): Total: 7.119 seconds - Initiated by StopAssetImportingV2(ForceSynchronousImport | ForceDomainReload)
	Summary:
		Imports: total=0 (actual=0, local cache=0, cache server=0)
		Asset DB Process Time: managed=0 ms, native=5209 ms
		Asset DB Callback time: managed=34 ms, native=0 ms
		Scripting: domain reloads=1, domain reload time=1871 ms, compile time=4 ms, other=0 ms
		Project Asset Count: scripts=1214, non-scripts=3355
		Asset File Changes: new=0, changed=0, moved=0, deleted=0
		Scan Filter Count: 0
	InvokeCustomDependenciesCallbacks: 0.003ms
	InvokePackagesCallback: 0.686ms
	ApplyChangesToAssetFolders: 0.342ms
	Scan: 0.001ms
	OnSourceAssetsModified: 0.001ms
	CategorizeAssetsWithTransientArtifact: 0.004ms
	ProcessAssetsWithTransientArtifactChanges: 7.500ms
	CategorizeAssets: 85.250ms
	ImportOutOfDateAssets: 5063.667ms (5056.624ms without children)
		CompileScripts: 3.552ms
		CollectScriptTypesHashes: 0.148ms
		ReloadNativeAssets: 0.199ms
		UnloadImportedAssets: 0.367ms
		EnsureUptoDateAssetsAreRegisteredWithGuidPM: 1.588ms
		InitializingProgressBar: 0.000ms
		PostProcessAllAssetNotificationsAddChangedAssets: 0.001ms
		OnDemandSchedulerStart: 1.189ms
	PostProcessAllAssets: 34.021ms
	GatherAllCurrentPrimaryArtifactRevisions: 0.422ms
	UnloadStreamsBegin: 0.087ms
	PersistCurrentRevisions: 0.338ms
	UnloadStreamsEnd: 0.002ms
	GenerateScriptTypeHashes: 3.232ms
	Untracked: 1926.484ms

Loaded scene 'Temp/__Backupscenes/0.backup'
	Deserialize:            5.193 ms
	Integration:            1332.533 ms
	Integration of assets:  0.009 ms
	Thread Wait Time:       0.031 ms
	Total Operation Time:   1337.767 ms
AutoLocale: current locale expects 'C' but got 'en_US.UTF-8'Launched and connected shader compiler UnityShaderCompiler after 0.07 seconds
C2PlayModeSignoffBatchRunner entered Play Mode; collecting console errors
UnityEngine.Debug:ExtractStackTraceNoAlloc (byte*,int,string)
UnityEngine.StackTraceUtility:ExtractStackTrace () (at /home/bokken/build/output/unity/unity/Runtime/Export/Scripting/StackTrace.cs:35)
UnityEngine.DebugLogHandler:Internal_Log (UnityEngine.LogType,UnityEngine.LogOption,string,UnityEngine.Object)
UnityEngine.DebugLogHandler:LogFormat (UnityEngine.LogType,UnityEngine.Object,string,object[])
UnityEngine.Logger:Log (UnityEngine.LogType,object)
UnityEngine.Debug:Log (object)
ProjectAegis.Unity.Editor.C2PlayModeSignoffBatchRunner:OnPlayModeStateChanged (UnityEditor.PlayModeStateChange) (at Assets/Editor/C2PlayModeSignoffBatchRunner.cs:151)
UnityEditor.EditorApplication:Internal_PlayModeStateChanged (UnityEditor.PlayModeStateChange) (at /home/bokken/build/output/unity/unity/Editor/Mono/EditorApplication.cs:506)

(Filename: Assets/Editor/C2PlayModeSignoffBatchRunner.cs Line: 151)

[Licensing::Client] Error: Code 404 while processing request (status: Found 0 entitlement groups and 0 free entitlements matching requested entitlement ids)
[Licensing::Client] Error: Code 404 while processing request (status: Found 0 entitlement groups and 0 free entitlements matching requested entitlement ids)
[Licensing::Client] Successfully resolved entitlement details
Duplicate assembly 'System.IO.Pipelines.dll' with different versions detected, using 'Assets/Plugins/ProjectAegis/System.IO.Pipelines.dll, AssemblyName=System.IO.Pipelines, Version=10.0.0.0, Culture=neutral, PublicKeyToken=cc7b13ffcd2ddd51' and ignoring 'Assets/Plugins/NuGet/System.IO.Pipelines.dll, AssemblyName=System.IO.Pipelines, Version=8.0.0.0, Culture=neutral, PublicKeyToken=cc7b13ffcd2ddd51'.Duplicate assembly 'System.Text.Json.dll' with different versions detected, using 'Assets/Plugins/ProjectAegis/System.Text.Json.dll, AssemblyName=System.Text.Json, Version=10.0.0.0, Culture=neutral, PublicKeyToken=cc7b13ffcd2ddd51' and ignoring 'Assets/Plugins/NuGet/System.Text.Json.dll, AssemblyName=System.Text.Json, Version=8.0.0.0, Culture=neutral, PublicKeyToken=cc7b13ffcd2ddd51'.Duplicate assembly 'System.Text.Encodings.Web.dll' with different versions detected, using 'Assets/Plugins/ProjectAegis/System.Text.Encodings.Web.dll, AssemblyName=System.Text.Encodings.Web, Version=10.0.0.0, Culture=neutral, PublicKeyToken=cc7b13ffcd2ddd51' and ignoring 'Assets/Plugins/NuGet/System.Text.Encodings.Web.dll, AssemblyName=System.Text.Encodings.Web, Version=8.0.0.0, Culture=neutral, PublicKeyToken=cc7b13ffcd2ddd51'.Duplicate assembly 'Microsoft.Bcl.AsyncInterfaces.dll' with different versions detected, using 'Assets/Plugins/ProjectAegis/Microsoft.Bcl.AsyncInterfaces.dll, AssemblyName=Microsoft.Bcl.AsyncInterfaces, Version=10.0.0.11, Culture=neutral, PublicKeyToken=cc7b13ffcd2ddd51' and ignoring 'Assets/Plugins/NuGet/Microsoft.Bcl.AsyncInterfaces.dll, AssemblyName=Microsoft.Bcl.AsyncInterfaces, Version=8.0.0.0, Culture=neutral, PublicKeyToken=cc7b13ffcd2ddd51'.Asset Pipeline Refresh (id=6764fde76334a91888fbc9441834c2db): Total: 0.006 seconds - Initiated by StopAssetImportingV2(NoUpdateAssetOptions)
[ScriptCompilation] Requested script compilation because: Define symbols changed
[RecompileGate] Added 'UNITY_MCP_READY' for: Standalone, iPhone, Android, WebGL, Windows Store Apps, PS4, XboxOne, tvOS, Nintendo Switch, LinuxHeadlessSimulation, GameCoreScarlett, GameCoreXboxOne, PS5, EmbeddedLinux, QNX, VisionOS, Nintendo Switch 2, Kepler, Server.
UnityEngine.Debug:ExtractStackTraceNoAlloc (byte*,int,string)
UnityEngine.StackTraceUtility:ExtractStackTrace () (at /home/bokken/build/output/unity/unity/Runtime/Export/Scripting/StackTrace.cs:35)
UnityEngine.DebugLogHandler:Internal_Log (UnityEngine.LogType,UnityEngine.LogOption,string,UnityEngine.Object)
UnityEngine.DebugLogHandler:LogFormat (UnityEngine.LogType,UnityEngine.Object,string,object[])
UnityEngine.Logger:Log (UnityEngine.LogType,object)
UnityEngine.Debug:Log (object)
com.IvanMurzak.Unity.MCP.Editor.DependencyResolver.RecompileGate:EnsureReadyDefine () (at ./Library/PackageCache/com.ivanmurzak.unity.mcp@0c6bab715fe7/Editor/DependencyResolver/RecompileGate.cs:85)
com.IvanMurzak.Unity.MCP.Editor.DependencyResolver.NuGetDependencyResolver:RunRestoreAndRefresh () (at ./Library/PackageCache/com.ivanmurzak.unity.mcp@0c6bab715fe7/Editor/DependencyResolver/NuGetDependencyResolver.cs:134)
com.IvanMurzak.Unity.MCP.Editor.DependencyResolver.NuGetDependencyResolver:ResolveOnce () (at ./Library/PackageCache/com.ivanmurzak.unity.mcp@0c6bab715fe7/Editor/DependencyResolver/NuGetDependencyResolver.cs:157)
UnityEditor.EditorApplication:Internal_CallUpdateFunctions () (at /home/bokken/build/output/unity/unity/Editor/Mono/EditorApplication.cs:392)

(Filename: ./Library/PackageCache/com.ivanmurzak.unity.mcp@0c6bab715fe7/Editor/DependencyResolver/RecompileGate.cs Line: 85)

Start Indexing on Editor startup
[Indexing] Starting Initial Indexing for Assets
[40m[32minfo[39m[22m[49m: Microsoft.AspNetCore.Hosting.Diagnostics[1]
      Request starting HTTP/2 POST http://ilpp/UnityILPP.PostProcessing/Ping application/grpc -
[40m[32minfo[39m[22m[49m: Microsoft.AspNetCore.Routing.EndpointMiddleware[0]
      Executing endpoint 'gRPC - /UnityILPP.PostProcessing/Ping'
[40m[32minfo[39m[22m[49m: Microsoft.AspNetCore.Routing.EndpointMiddleware[1]
      Executed endpoint 'gRPC - /UnityILPP.PostProcessing/Ping'
[40m[32minfo[39m[22m[49m: Microsoft.AspNetCore.Hosting.Diagnostics[2]
      Request finished HTTP/2 POST http://ilpp/UnityILPP.PostProcessing/Ping application/grpc - - 200 - application/grpc 0.2713ms
Refreshing native plugins compatible for Editor in 0.87 ms, found 1 plugins.
Starting: /home/username01/Unity/Hub/Editor/6000.3.22f1/Editor/Data/Tools/BuildPipeline/bee_backend --ipc --defer-dag-verification --dagfile="Library/Bee/2400b0aE.dag" --continue-on-failure --profile="Library/Bee/backend1.traceevents" ScriptAssemblies
WorkingDir: /home/username01/projects/active/cmano-clone/cmano-clone/unity/ProjectAegis
[40m[32minfo[39m[22m[49m: Microsoft.AspNetCore.Hosting.Diagnostics[1]
      Request starting HTTP/2 POST http://ilpp/UnityILPP.PostProcessing/ConfigurePostProcessors application/grpc -
[40m[32minfo[39m[22m[49m: Microsoft.AspNetCore.Routing.EndpointMiddleware[0]
      Executing endpoint 'gRPC - /UnityILPP.PostProcessing/ConfigurePostProcessors'
[40m[32minfo[39m[22m[49m: Unity.ILPP.Runner.PostProcessingAssemblyLoadContext[0]
      Current configuration matches the requested one, skipping
[40m[32minfo[39m[22m[49m: Microsoft.AspNetCore.Routing.EndpointMiddleware[1]
      Executed endpoint 'gRPC - /UnityILPP.PostProcessing/ConfigurePostProcessors'
[40m[32minfo[39m[22m[49m: Microsoft.AspNetCore.Hosting.Diagnostics[2]
      Request finished HTTP/2 POST http://ilpp/UnityILPP.PostProcessing/ConfigurePostProcessors application/grpc - - 200 - application/grpc 2.9368ms
Starting: /home/username01/Unity/Hub/Editor/6000.3.22f1/Editor/Data/netcorerun/netcorerun "/home/username01/Unity/Hub/Editor/6000.3.22f1/Editor/Data/Tools/BuildPipeline/ScriptCompilationBuildProgram.exe" "Library/Bee/2400b0aE.dag.json" "Library/Bee/2400b0aE-inputdata.json" "Library/Bee/buildprogram0.traceevents"
WorkingDir: /home/username01/projects/active/cmano-clone/cmano-clone/unity/ProjectAegis
ExitCode: 4 Duration: 0s432ms
[723/967    0s] ILPP-Configuration Library/ilpp-configuration.nevergeneratedoutput
Rebuilding DAG because FileSignature timestamp changed: Library/Bee/2400b0aE-inputdata.json
*** Tundra requires additional run (0.22 seconds), 1 items updated, 967 evaluated
Created GICache directory at /home/username01/.cache/unity3d/GiCache. Took: 0.002s, timestamps: [30.847 - 30.849]
[Licensing::Client] Successfully resolved entitlement details
[Licensing::Client] Successfully resolved entitlement details
[Licensing::Client] Successfully resolved entitlement details
[Licensing::Client] Successfully resolved entitlement details
[Licensing::Client] Successfully resolved entitlement details
[Licensing::Client] Successfully resolved entitlement details
[INFO ] [relay] relay.startup port=9001 mcpClientPort=9002 editorPid=1371794
[INFO ] [relay] log === RELAY SERVER STARTED === (unity-ai-relay v1.0.12-build.96)
[INFO ] [relay] log Starting relay server...
[INFO ] [relay] log Command line arguments: ["bun","/$bunfs/root/relay_linux","--relay","--port","9001","--mcp-client-port","9002","--editor-pid","1371794","--shutdown-delay","180","--log-dir","/home/username01/projects/active/cmano-clone/cmano-clone/unity/ProjectAegis/Logs"]
[INFO ] [relay] log Parsed config: {"port":9001,"mcpClientPort":9002,"editorPid":"1371794","shutdownDelaySeconds":180}
[INFO ] [relay] log Initializing relay components...
[INFO ] [relay] log Creating RelayEditor...
[INFO ] [relay] log WebSocket server started
[INFO ] [relay] log Relay server initialization completed
[INFO ] [relay] log MCP Client initialized at port: 9002
[INFO ] [relay] log Unity MCP Relay server started | Port: 9002 | Endpoints: /mcp/start-server, /mcp/stop-server, /mcp/server-status, /mcp/call-tool
[INFO ] [relay] log Unity client connected with ID: editor-1371794-e6kiv7 (relay 1.0.12-build.96)
[INFO ] [relay] connection.established clientId=editor-1371794-e6kiv7 port=9001
[INFO ] [relay] log Loaded 2 credentials from keychain
[INFO ] [relay] log [shell-env] PATH augmented with shell environment (28 entries)
ExitCode: 0 Duration: 2s215ms
Starting: /home/username01/Unity/Hub/Editor/6000.3.22f1/Editor/Data/Tools/BuildPipeline/bee_backend --ipc --defer-dag-verification --dagfile="Library/Bee/2400b0aE.dag" --continue-on-failure --dagfilejson="Library/Bee/2400b0aE.dag.json" --profile="Library/Bee/backend2.traceevents" ScriptAssemblies
WorkingDir: /home/username01/projects/active/cmano-clone/cmano-clone/unity/ProjectAegis
[40m[32minfo[39m[22m[49m: Microsoft.AspNetCore.Hosting.Diagnostics[1]
      Request starting HTTP/2 POST http://ilpp/UnityILPP.PostProcessing/ConfigurePostProcessors application/grpc -
[40m[32minfo[39m[22m[49m: Microsoft.AspNetCore.Routing.EndpointMiddleware[0]
      Executing endpoint 'gRPC - /UnityILPP.PostProcessing/ConfigurePostProcessors'
[40m[32minfo[39m[22m[49m: Unity.ILPP.Runner.PostProcessingAssemblyLoadContext[0]
      ALC ILPP context 2 is unloading
[40m[1m[33mwarn[39m[22m[49m: Unity.ILPP.Runner.PostProcessingAssemblyLoadContext[0]
      Assembly system.runtime.interopservices.windowsruntime has duplicate hint path. Ignoring "/home/username01/Unity/Hub/Editor/6000.3.22f1/Editor/Data/UnityReferenceAssemblies/unity-4.8-api/Facades/System.Runtime.InteropServices.WindowsRuntime.dll" in favor of "/home/username01/Unity/Hub/Editor/6000.3.22f1/Editor/Data/NetStandard/Extensions/2.0.0/System.Runtime.InteropServices.WindowsRuntime.dll"
[40m[1m[33mwarn[39m[22m[49m: Unity.ILPP.Runner.PostProcessingAssemblyLoadContext[0]
      Assembly system.componentmodel.composition has duplicate hint path. Ignoring "/home/username01/Unity/Hub/Editor/6000.3.22f1/Editor/Data/UnityReferenceAssemblies/unity-4.8-api/System.ComponentModel.Composition.dll" in favor of "/home/username01/Unity/Hub/Editor/6000.3.22f1/Editor/Data/NetStandard/compat/2.1.0/shims/netfx/System.ComponentModel.Composition.dll"
[40m[32minfo[39m[22m[49m: Unity.ILPP.Runner.PostProcessingAssemblyLoadContext[0]
      Resolved Unity.Burst.Cecil, Version=0.11.6.0, Culture=neutral, PublicKeyToken=50cebf1cceb9d05e with Library/PackageCache/com.unity.burst@2f3d916873ea/Unity.Burst.CodeGen/Unity.Burst.Cecil.dll
[40m[32minfo[39m[22m[49m: Unity.ILPP.Runner.PostProcessingAssemblyLoadContext[0]
      Resolved Mono.Cecil, Version=0.11.5.0, Culture=neutral, PublicKeyToken=50cebf1cceb9d05e with Library/PackageCache/com.unity.nuget.mono-cecil@ecb9724e46ff/Mono.Cecil.dll
[40m[32minfo[39m[22m[49m: Microsoft.AspNetCore.Routing.EndpointMiddleware[1]
      Executed endpoint 'gRPC - /UnityILPP.PostProcessing/ConfigurePostProcessors'
[40m[32minfo[39m[22m[49m: Microsoft.AspNetCore.Hosting.Diagnostics[2]
      Request finished HTTP/2 POST http://ilpp/UnityILPP.PostProcessing/ConfigurePostProcessors application/grpc - - 200 - application/grpc 11.3365ms
[40m[32minfo[39m[22m[49m: Microsoft.AspNetCore.Hosting.Diagnostics[1]
      Request starting HTTP/2 POST http://ilpp/UnityILPP.PostProcessing/PostProcessAssembly application/grpc -
[40m[32minfo[39m[22m[49m: Microsoft.AspNetCore.Hosting.Diagnostics[1]
      Request starting HTTP/2 POST http://ilpp/UnityILPP.PostProcessing/PostProcessAssembly application/grpc -
[40m[32minfo[39m[22m[49m: Microsoft.AspNetCore.Routing.EndpointMiddleware[0]
      Executing endpoint 'gRPC - /UnityILPP.PostProcessing/PostProcessAssembly'
[40m[32minfo[39m[22m[49m: Microsoft.AspNetCore.Routing.EndpointMiddleware[0]
      Executing endpoint 'gRPC - /UnityILPP.PostProcessing/PostProcessAssembly'
[40m[32minfo[39m[22m[49m: Unity.ILPP.Runner.PostProcessingPipeline[0]
      Processing assembly Library/Bee/artifacts/2400b0aE.dag/Unity.InferenceEngine.MacBLAS.dll, with 134 defines and 286 references
[40m[32minfo[39m[22m[49m: Unity.ILPP.Runner.PostProcessingPipeline[0]
      Processing assembly Library/Bee/artifacts/2400b0aE.dag/Unity.InferenceEngine.iOSBLAS.dll, with 134 defines and 286 references
[40m[32minfo[39m[22m[49m: Unity.ILPP.Runner.PostProcessingPipeline[0]
      processors: Unity.Jobs.CodeGen.JobsILPostProcessor, zzzUnity.Burst.CodeGen.BurstILPostProcessor
[40m[32minfo[39m[22m[49m: Unity.ILPP.Runner.PostProcessingPipeline[0]
      processors: Unity.Jobs.CodeGen.JobsILPostProcessor, zzzUnity.Burst.CodeGen.BurstILPostProcessor
[40m[32minfo[39m[22m[49m: Microsoft.AspNetCore.Hosting.Diagnostics[1]
      Request starting HTTP/2 POST http://ilpp/UnityILPP.PostProcessing/PostProcessAssembly application/grpc -
[40m[32minfo[39m[22m[49m: Microsoft.AspNetCore.Routing.EndpointMiddleware[0]
      Executing endpoint 'gRPC - /UnityILPP.PostProcessing/PostProcessAssembly'
[40m[32minfo[39m[22m[49m: Unity.ILPP.Runner.PostProcessingPipeline[0]
      Processing assembly Library/Bee/artifacts/2400b0aE.dag/Unity.ScriptableBuildPipeline.dll, with 134 defines and 285 references
[40m[32minfo[39m[22m[49m: Unity.ILPP.Runner.PostProcessingPipeline[0]
      processors: Unity.Jobs.CodeGen.JobsILPostProcessor, zzzUnity.Burst.CodeGen.BurstILPostProcessor
[40m[32minfo[39m[22m[49m: Unity.ILPP.Runner.PostProcessingPipeline[0]
      running Unity.Jobs.CodeGen.JobsILPostProcessor
[40m[32minfo[39m[22m[49m: Unity.ILPP.Runner.PostProcessingPipeline[0]
      running Unity.Jobs.CodeGen.JobsILPostProcessor
[40m[32minfo[39m[22m[49m: Unity.ILPP.Runner.PostProcessingPipeline[0]
      running zzzUnity.Burst.CodeGen.BurstILPostProcessor
[40m[32minfo[39m[22m[49m: Unity.ILPP.Runner.PostProcessingPipeline[0]
      running zzzUnity.Burst.CodeGen.BurstILPostProcessor
[40m[32minfo[39m[22m[49m: Unity.ILPP.Runner.PostProcessingPipeline[0]
      running Unity.Jobs.CodeGen.JobsILPostProcessor
[40m[32minfo[39m[22m[49m: Unity.ILPP.Runner.PostProcessingPipeline[0]
      running zzzUnity.Burst.CodeGen.BurstILPostProcessor
[40m[32minfo[39m[22m[49m: Microsoft.AspNetCore.Hosting.Diagnostics[1]
      Request starting HTTP/2 POST http://ilpp/UnityILPP.PostProcessing/PostProcessAssembly application/grpc -
[40m[32minfo[39m[22m[49m: Microsoft.AspNetCore.Routing.EndpointMiddleware[0]
      Executing endpoint 'gRPC - /UnityILPP.PostProcessing/PostProcessAssembly'
[40m[32minfo[39m[22m[49m: Microsoft.AspNetCore.Hosting.Diagnostics[1]
      Request starting HTTP/2 POST http://ilpp/UnityILPP.PostProcessing/PostProcessAssembly application/grpc -
[40m[32minfo[39m[22m[49m: Microsoft.AspNetCore.Routing.EndpointMiddleware[0]
      Executing endpoint 'gRPC - /UnityILPP.PostProcessing/PostProcessAssembly'
[40m[32minfo[39m[22m[49m: Unity.ILPP.Runner.PostProcessingPipeline[0]
      Processing assembly Library/Bee/artifacts/2400b0aE.dag/Unity.AppUI.InternalAPIBridge.dll, with 134 defines and 282 references
[40m[32minfo[39m[22m[49m: Microsoft.AspNetCore.Hosting.Diagnostics[1]
      Request starting HTTP/2 POST http://ilpp/UnityILPP.PostProcessing/PostProcessAssembly application/grpc -
[40m[32minfo[39m[22m[49m: Unity.ILPP.Runner.PostProcessingPipeline[0]
      processors: Unity.Jobs.CodeGen.JobsILPostProcessor, zzzUnity.Burst.CodeGen.BurstILPostProcessor
[40m[32minfo[39m[22m[49m: Microsoft.AspNetCore.Routing.EndpointMiddleware[0]
      Executing endpoint 'gRPC - /UnityILPP.PostProcessing/PostProcessAssembly'
[40m[32minfo[39m[22m[49m: Microsoft.AspNetCore.Hosting.Diagnostics[1]
      Request starting HTTP/2 POST http://ilpp/UnityILPP.PostProcessing/PostProcessAssembly application/grpc -
[40m[32minfo[39m[22m[49m: Microsoft.AspNetCore.Routing.EndpointMiddleware[0]
      Executing endpoint 'gRPC - /UnityILPP.PostProcessing/PostProcessAssembly'
[40m[32minfo[39m[22m[49m: Microsoft.AspNetCore.Hosting.Diagnostics[1]
      Request starting HTTP/2 POST http://ilpp/UnityILPP.PostProcessing/PostProcessAssembly application/grpc -
[40m[32minfo[39m[22m[49m: Microsoft.AspNetCore.Hosting.Diagnostics[1]
      Request starting HTTP/2 POST http://ilpp/UnityILPP.PostProcessing/PostProcessAssembly application/grpc -
[40m[32minfo[39m[22m[49m: Microsoft.AspNetCore.Routing.EndpointMiddleware[0]
      Executing endpoint 'gRPC - /UnityILPP.PostProcessing/PostProcessAssembly'
[40m[32minfo[39m[22m[49m: Microsoft.AspNetCore.Routing.EndpointMiddleware[0]
      Executing endpoint 'gRPC - /UnityILPP.PostProcessing/PostProcessAssembly'
[40m[32minfo[39m[22m[49m: Unity.ILPP.Runner.PostProcessingPipeline[0]
      running Unity.Jobs.CodeGen.JobsILPostProcessor
[40m[32minfo[39m[22m[49m: Unity.ILPP.Runner.PostProcessingPipeline[0]
      running zzzUnity.Burst.CodeGen.BurstILPostProcessor
[40m[32minfo[39m[22m[49m: Unity.ILPP.Runner.PostProcessingPipeline[0]
      Processing assembly Library/Bee/artifacts/2400b0aE.dag/Unity.AI.MCP.Runtime.dll, with 134 defines and 285 references
[40m[32minfo[39m[22m[49m: Unity.ILPP.Runner.PostProcessingPipeline[0]
      processors: Unity.Jobs.CodeGen.JobsILPostProcessor, zzzUnity.Burst.CodeGen.BurstILPostProcessor
[40m[32minfo[39m[22m[49m: Unity.ILPP.Runner.PostProcessingPipeline[0]
      Processing assembly Library/Bee/artifacts/2400b0aE.dag/Unity.Profiling.Core.dll, with 134 defines and 285 references
[40m[32minfo[39m[22m[49m: Unity.ILPP.Runner.PostProcessingPipeline[0]
      processors: Unity.Jobs.CodeGen.JobsILPostProcessor, zzzUnity.Burst.CodeGen.BurstILPostProcessor
[40m[32minfo[39m[22m[49m: Microsoft.AspNetCore.Hosting.Diagnostics[1]
      Request starting HTTP/2 POST http://ilpp/UnityILPP.PostProcessing/PostProcessAssembly application/grpc -
[40m[32minfo[39m[22m[49m: Microsoft.AspNetCore.Routing.EndpointMiddleware[0]
      Executing endpoint 'gRPC - /UnityILPP.PostProcessing/PostProcessAssembly'
[40m[32minfo[39m[22m[49m: Microsoft.AspNetCore.Routing.EndpointMiddleware[1]
      Executed endpoint 'gRPC - /UnityILPP.PostProcessing/PostProcessAssembly'
[40m[32minfo[39m[22m[49m: Unity.ILPP.Runner.PostProcessingPipeline[0]
      Processing assembly Library/Bee/artifacts/2400b0aE.dag/Unity.InferenceEngine.Tokenization.dll, with 134 defines and 234 references
[40m[32minfo[39m[22m[49m: Unity.ILPP.Runner.PostProcessingPipeline[0]
      processors: Unity.Jobs.CodeGen.JobsILPostProcessor, zzzUnity.Burst.CodeGen.BurstILPostProcessor
[40m[32minfo[39m[22m[49m: Microsoft.AspNetCore.Routing.EndpointMiddleware[1]
      Executed endpoint 'gRPC - /UnityILPP.PostProcessing/PostProcessAssembly'
[40m[32minfo[39m[22m[49m: Microsoft.AspNetCore.Hosting.Diagnostics[2]
      Request finished HTTP/2 POST http://ilpp/UnityILPP.PostProcessing/PostProcessAssembly application/grpc - - 200 - application/grpc 14.2020ms
[40m[32minfo[39m[22m[49m: Unity.ILPP.Runner.PostProcessingPipeline[0]
      Processing assembly Library/Bee/artifacts/2400b0aE.dag/Unity.Mathematics.dll, with 134 defines and 285 references
[40m[32minfo[39m[22m[49m: Unity.ILPP.Runner.PostProcessingPipeline[0]
      processors: Unity.Jobs.CodeGen.JobsILPostProcessor, zzzUnity.Burst.CodeGen.BurstILPostProcessor
[40m[32minfo[39m[22m[49m: Microsoft.AspNetCore.Hosting.Diagnostics[2]
      Request finished HTTP/2 POST http://ilpp/UnityILPP.PostProcessing/PostProcessAssembly application/grpc - - 200 - application/grpc 2.7444ms
[40m[32minfo[39m[22m[49m: Unity.ILPP.Runner.PostProcessingPipeline[0]
      Processing assembly Library/Bee/artifacts/2400b0aE.dag/Unity.Addressables.dll, with 134 defines and 286 references
[40m[32minfo[39m[22m[49m: Unity.ILPP.Runner.PostProcessingPipeline[0]
      processors: Unity.Jobs.CodeGen.JobsILPostProcessor, zzzUnity.Burst.CodeGen.BurstILPostProcessor
[40m[32minfo[39m[22m[49m: Unity.ILPP.Runner.PostProcessingPipeline[0]
      running Unity.Jobs.CodeGen.JobsILPostProcessor
[40m[32minfo[39m[22m[49m: Microsoft.AspNetCore.Routing.EndpointMiddleware[1]
      Executed endpoint 'gRPC - /UnityILPP.PostProcessing/PostProcessAssembly'
[40m[32minfo[39m[22m[49m: Microsoft.AspNetCore.Hosting.Diagnostics[2]
      Request finished HTTP/2 POST http://ilpp/UnityILPP.PostProcessing/PostProcessAssembly application/grpc - - 200 - application/grpc 16.2086ms
[40m[32minfo[39m[22m[49m: Unity.ILPP.Runner.PostProcessingPipeline[0]
      running zzzUnity.Burst.CodeGen.BurstILPostProcessor
[40m[32minfo[39m[22m[49m: Unity.ILPP.Runner.PostProcessingPipeline[0]
      running Unity.Jobs.CodeGen.JobsILPostProcessor
[40m[32minfo[39m[22m[49m: Unity.ILPP.Runner.PostProcessingPipeline[0]
      running Unity.Jobs.CodeGen.JobsILPostProcessor
[40m[32minfo[39m[22m[49m: Microsoft.AspNetCore.Hosting.Diagnostics[1]
      Request starting HTTP/2 POST http://ilpp/UnityILPP.PostProcessing/PostProcessAssembly application/grpc -
[40m[32minfo[39m[22m[49m: Microsoft.AspNetCore.Routing.EndpointMiddleware[0]
      Executing endpoint 'gRPC - /UnityILPP.PostProcessing/PostProcessAssembly'
[40m[32minfo[39m[22m[49m: Unity.ILPP.Runner.PostProcessingPipeline[0]
      running zzzUnity.Burst.CodeGen.BurstILPostProcessor
[40m[32minfo[39m[22m[49m: Unity.ILPP.Runner.PostProcessingPipeline[0]
      running zzzUnity.Burst.CodeGen.BurstILPostProcessor
[40m[32minfo[39m[22m[49m: Unity.ILPP.Runner.PostProcessingPipeline[0]
      Processing assembly Library/Bee/artifacts/2400b0aE.dag/Unity.AI.Tracing.dll, with 134 defines and 234 references
[40m[32minfo[39m[22m[49m: Unity.ILPP.Runner.PostProcessingPipeline[0]
      Processing assembly Library/Bee/artifacts/2400b0aE.dag/Unity.AppUI.Undo.dll, with 134 defines and 282 references
[40m[32minfo[39m[22m[49m: Microsoft.AspNetCore.Routing.EndpointMiddleware[1]
      Executed endpoint 'gRPC - /UnityILPP.PostProcessing/PostProcessAssembly'
[40m[32minfo[39m[22m[49m: Microsoft.AspNetCore.Routing.EndpointMiddleware[1]
      Executed endpoint 'gRPC - /UnityILPP.PostProcessing/PostProcessAssembly'
[40m[32minfo[39m[22m[49m: Unity.ILPP.Runner.PostProcessingPipeline[0]
      processors: Unity.Jobs.CodeGen.JobsILPostProcessor, zzzUnity.Burst.CodeGen.BurstILPostProcessor
[40m[32minfo[39m[22m[49m: Unity.ILPP.Runner.PostProcessingPipeline[0]
      processors: Unity.Jobs.CodeGen.JobsILPostProcessor, zzzUnity.Burst.CodeGen.BurstILPostProcessor
[40m[32minfo[39m[22m[49m: Microsoft.AspNetCore.Hosting.Diagnostics[2]
      Request finished HTTP/2 POST http://ilpp/UnityILPP.PostProcessing/PostProcessAssembly application/grpc - - 200 - application/grpc 3.7678ms
[40m[32minfo[39m[22m[49m: Microsoft.AspNetCore.Routing.EndpointMiddleware[1]
      Executed endpoint 'gRPC - /UnityILPP.PostProcessing/PostProcessAssembly'
[40m[32minfo[39m[22m[49m: Microsoft.AspNetCore.Hosting.Diagnostics[2]
      Request finished HTTP/2 POST http://ilpp/UnityILPP.PostProcessing/PostProcessAssembly application/grpc - - 200 - application/grpc 4.2174ms
[40m[32minfo[39m[22m[49m: Microsoft.AspNetCore.Hosting.Diagnostics[1]
      Request starting HTTP/2 POST http://ilpp/UnityILPP.PostProcessing/PostProcessAssembly application/grpc -
[40m[32minfo[39m[22m[49m: Microsoft.AspNetCore.Routing.EndpointMiddleware[0]
      Executing endpoint 'gRPC - /UnityILPP.PostProcessing/PostProcessAssembly'
[40m[32minfo[39m[22m[49m: Microsoft.AspNetCore.Hosting.Diagnostics[1]
      Request starting HTTP/2 POST http://ilpp/UnityILPP.PostProcessing/PostProcessAssembly application/grpc -
[40m[32minfo[39m[22m[49m: Microsoft.AspNetCore.Routing.EndpointMiddleware[0]
      Executing endpoint 'gRPC - /UnityILPP.PostProcessing/PostProcessAssembly'
[40m[32minfo[39m[22m[49m: Microsoft.AspNetCore.Hosting.Diagnostics[2]
      Request finished HTTP/2 POST http://ilpp/UnityILPP.PostProcessing/PostProcessAssembly application/grpc - - 200 - application/grpc 4.4378ms
[40m[32minfo[39m[22m[49m: Unity.ILPP.Runner.PostProcessingPipeline[0]
      Processing assembly Library/Bee/artifacts/2400b0aE.dag/Unity.AI.Assistant.Runtime.dll, with 134 defines and 234 references
[40m[32minfo[39m[22m[49m: Unity.ILPP.Runner.PostProcessingPipeline[0]
      processors: Unity.Jobs.CodeGen.JobsILPostProcessor, zzzUnity.Burst.CodeGen.BurstILPostProcessor
[40m[32minfo[39m[22m[49m: Unity.ILPP.Runner.PostProcessingPipeline[0]
      running Unity.Jobs.CodeGen.JobsILPostProcessor
[40m[32minfo[39m[22m[49m: Unity.ILPP.Runner.PostProcessingPipeline[0]
      Processing assembly Library/Bee/artifacts/2400b0aE.dag/Extensions.Unity.PlayerPrefsEx.dll, with 134 defines and 285 references
[40m[32minfo[39m[22m[49m: Unity.ILPP.Runner.PostProcessingPipeline[0]
      processors: Unity.Jobs.CodeGen.JobsILPostProcessor, zzzUnity.Burst.CodeGen.BurstILPostProcessor
[40m[32minfo[39m[22m[49m: Microsoft.AspNetCore.Routing.EndpointMiddleware[1]
      Executed endpoint 'gRPC - /UnityILPP.PostProcessing/PostProcessAssembly'
[40m[32minfo[39m[22m[49m: Microsoft.AspNetCore.Hosting.Diagnostics[2]
      Request finished HTTP/2 POST http://ilpp/UnityILPP.PostProcessing/PostProcessAssembly application/grpc - - 200 - application/grpc 19.0893ms
[40m[32minfo[39m[22m[49m: Unity.ILPP.Runner.PostProcessingPipeline[0]
      running zzzUnity.Burst.CodeGen.BurstILPostProcessor
[40m[32minfo[39m[22m[49m: Unity.ILPP.Runner.PostProcessingPipeline[0]
      running Unity.Jobs.CodeGen.JobsILPostProcessor
[40m[32minfo[39m[22m[49m: Unity.ILPP.Runner.PostProcessingPipeline[0]
      running zzzUnity.Burst.CodeGen.BurstILPostProcessor
[40m[32minfo[39m[22m[49m: Unity.ILPP.Runner.PostProcessingPipeline[0]
      running Unity.Jobs.CodeGen.JobsILPostProcessor
[40m[32minfo[39m[22m[49m: Unity.ILPP.Runner.PostProcessingPipeline[0]
      running zzzUnity.Burst.CodeGen.BurstILPostProcessor
[40m[32minfo[39m[22m[49m: Microsoft.AspNetCore.Hosting.Diagnostics[1]
      Request starting HTTP/2 POST http://ilpp/UnityILPP.PostProcessing/PostProcessAssembly application/grpc -
[40m[32minfo[39m[22m[49m: Unity.ILPP.Runner.PostProcessingPipeline[0]
      running Unity.Jobs.CodeGen.JobsILPostProcessor
[40m[32minfo[39m[22m[49m: Microsoft.AspNetCore.Routing.EndpointMiddleware[0]
      Executing endpoint 'gRPC - /UnityILPP.PostProcessing/PostProcessAssembly'
[40m[32minfo[39m[22m[49m: Unity.ILPP.Runner.PostProcessingPipeline[0]
      running Unity.Jobs.CodeGen.JobsILPostProcessor
[40m[32minfo[39m[22m[49m: Microsoft.AspNetCore.Routing.EndpointMiddleware[1]
      Executed endpoint 'gRPC - /UnityILPP.PostProcessing/PostProcessAssembly'
[40m[32minfo[39m[22m[49m: Microsoft.AspNetCore.Hosting.Diagnostics[2]
      Request finished HTTP/2 POST http://ilpp/UnityILPP.PostProcessing/PostProcessAssembly application/grpc - - 200 - application/grpc 4.1159ms
[40m[32minfo[39m[22m[49m: Microsoft.AspNetCore.Routing.EndpointMiddleware[1]
      Executed endpoint 'gRPC - /UnityILPP.PostProcessing/PostProcessAssembly'
[40m[32minfo[39m[22m[49m: Microsoft.AspNetCore.Hosting.Diagnostics[2]
      Request finished HTTP/2 POST http://ilpp/UnityILPP.PostProcessing/PostProcessAssembly application/grpc - - 200 - application/grpc 2.5644ms
[40m[32minfo[39m[22m[49m: Unity.ILPP.Runner.PostProcessingPipeline[0]
      running zzzUnity.Burst.CodeGen.BurstILPostProcessor
[40m[32minfo[39m[22m[49m: Unity.ILPP.Runner.PostProcessingPipeline[0]
      Processing assembly Library/Bee/artifacts/2400b0aE.dag/Unity.Collections.dll, with 136 defines and 287 references
[40m[32minfo[39m[22m[49m: Unity.ILPP.Runner.PostProcessingPipeline[0]
      processors: Unity.Jobs.CodeGen.JobsILPostProcessor, zzzUnity.Burst.CodeGen.BurstILPostProcessor
[40m[32minfo[39m[22m[49m: Microsoft.AspNetCore.Hosting.Diagnostics[1]
      Request starting HTTP/2 POST http://ilpp/UnityILPP.PostProcessing/PostProcessAssembly application/grpc -
[40m[32minfo[39m[22m[49m: Microsoft.AspNetCore.Routing.EndpointMiddleware[0]
      Executing endpoint 'gRPC - /UnityILPP.PostProcessing/PostProcessAssembly'
[40m[32minfo[39m[22m[49m: Unity.ILPP.Runner.PostProcessingPipeline[0]
      Processing assembly Library/Bee/artifacts/2400b0aE.dag/Unity.AI.Animate.Motion.Runtime.dll, with 134 defines and 282 references
[40m[32minfo[39m[22m[49m: Unity.ILPP.Runner.PostProcessingPipeline[0]
      running Unity.Jobs.CodeGen.JobsILPostProcessor
[40m[32minfo[39m[22m[49m: Microsoft.AspNetCore.Routing.EndpointMiddleware[1]
      Executed endpoint 'gRPC - /UnityILPP.PostProcessing/PostProcessAssembly'
[40m[32minfo[39m[22m[49m: Unity.ILPP.Runner.PostProcessingPipeline[0]
      running Unity.Jobs.CodeGen.JobsILPostProcessor
[40m[32minfo[39m[22m[49m: Unity.ILPP.Runner.PostProcessingPipeline[0]
      processors: Unity.Jobs.CodeGen.JobsILPostProcessor, zzzUnity.Burst.CodeGen.BurstILPostProcessor
[40m[32minfo[39m[22m[49m: Microsoft.AspNetCore.Hosting.Diagnostics[2]
      Request finished HTTP/2 POST http://ilpp/UnityILPP.PostProcessing/PostProcessAssembly application/grpc - - 200 - application/grpc 9.8648ms
[40m[32minfo[39m[22m[49m: Unity.ILPP.Runner.PostProcessingPipeline[0]
      running zzzUnity.Burst.CodeGen.BurstILPostProcessor
[40m[32minfo[39m[22m[49m: Unity.ILPP.Runner.PostProcessingPipeline[0]
      running Unity.Jobs.CodeGen.JobsILPostProcessor
[40m[32minfo[39m[22m[49m: Unity.ILPP.Runner.PostProcessingPipeline[0]
      running zzzUnity.Burst.CodeGen.BurstILPostProcessor
[40m[32minfo[39m[22m[49m: Microsoft.AspNetCore.Routing.EndpointMiddleware[1]
      Executed endpoint 'gRPC - /UnityILPP.PostProcessing/PostProcessAssembly'
[40m[32minfo[39m[22m[49m: Microsoft.AspNetCore.Hosting.Diagnostics[2]
      Request finished HTTP/2 POST http://ilpp/UnityILPP.PostProcessing/PostProcessAssembly application/grpc - - 200 - application/grpc 9.4560ms
[40m[32minfo[39m[22m[49m: Microsoft.AspNetCore.Routing.EndpointMiddleware[1]
      Executed endpoint 'gRPC - /UnityILPP.PostProcessing/PostProcessAssembly'
[40m[32minfo[39m[22m[49m: Microsoft.AspNetCore.Hosting.Diagnostics[2]
      Request finished HTTP/2 POST http://ilpp/UnityILPP.PostProcessing/PostProcessAssembly application/grpc - - 200 - application/grpc 2.9668ms
[40m[32minfo[39m[22m[49m: Unity.ILPP.Runner.PostProcessingPipeline[0]
      running zzzUnity.Burst.CodeGen.BurstILPostProcessor
[40m[32minfo[39m[22m[49m: Microsoft.AspNetCore.Routing.EndpointMiddleware[1]
      Executed endpoint 'gRPC - /UnityILPP.PostProcessing/PostProcessAssembly'
[40m[32minfo[39m[22m[49m: Microsoft.AspNetCore.Hosting.Diagnostics[2]
      Request finished HTTP/2 POST http://ilpp/UnityILPP.PostProcessing/PostProcessAssembly application/grpc - - 200 - application/grpc 7.3047ms
[40m[32minfo[39m[22m[49m: Microsoft.AspNetCore.Hosting.Diagnostics[1]
      Request starting HTTP/2 POST http://ilpp/UnityILPP.PostProcessing/PostProcessAssembly application/grpc -
[40m[32minfo[39m[22m[49m: Microsoft.AspNetCore.Routing.EndpointMiddleware[0]
      Executing endpoint 'gRPC - /UnityILPP.PostProcessing/PostProcessAssembly'
[40m[32minfo[39m[22m[49m: Microsoft.AspNetCore.Hosting.Diagnostics[1]
      Request starting HTTP/2 POST http://ilpp/UnityILPP.PostProcessing/PostProcessAssembly application/grpc -
[40m[32minfo[39m[22m[49m: Microsoft.AspNetCore.Routing.EndpointMiddleware[0]
      Executing endpoint 'gRPC - /UnityILPP.PostProcessing/PostProcessAssembly'
[40m[32minfo[39m[22m[49m: Unity.ILPP.Runner.PostProcessingPipeline[0]
      Processing assembly Library/Bee/artifacts/2400b0aE.dag/Unity.ResourceManager.dll, with 135 defines and 286 references
[40m[32minfo[39m[22m[49m: Unity.ILPP.Runner.PostProcessingPipeline[0]
      processors: Unity.Jobs.CodeGen.JobsILPostProcessor, zzzUnity.Burst.CodeGen.BurstILPostProcessor
[40m[32minfo[39m[22m[49m: Microsoft.AspNetCore.Hosting.Diagnostics[1]
      Request starting HTTP/2 POST http://ilpp/UnityILPP.PostProcessing/PostProcessAssembly application/grpc -
[40m[32minfo[39m[22m[49m: Microsoft.AspNetCore.Routing.EndpointMiddleware[0]
      Executing endpoint 'gRPC - /UnityILPP.PostProcessing/PostProcessAssembly'
[40m[32minfo[39m[22m[49m: Unity.ILPP.Runner.PostProcessingPipeline[0]
      running Unity.Jobs.CodeGen.JobsILPostProcessor
[40m[32minfo[39m[22m[49m: Unity.ILPP.Runner.PostProcessingPipeline[0]
      Processing assembly Library/Bee/artifacts/2400b0aE.dag/Unity.AppUI.Navigation.dll, with 136 defines and 284 references
[40m[32minfo[39m[22m[49m: Unity.ILPP.Runner.PostProcessingPipeline[0]
      processors: Unity.Jobs.CodeGen.JobsILPostProcessor, zzzUnity.Burst.CodeGen.BurstILPostProcessor
[40m[32minfo[39m[22m[49m: Microsoft.AspNetCore.Routing.EndpointMiddleware[1]
      Executed endpoint 'gRPC - /UnityILPP.PostProcessing/PostProcessAssembly'
[40m[32minfo[39m[22m[49m: Microsoft.AspNetCore.Hosting.Diagnostics[2]
      Request finished HTTP/2 POST http://ilpp/UnityILPP.PostProcessing/PostProcessAssembly application/grpc - - 200 - application/grpc 14.8781ms
[40m[32minfo[39m[22m[49m: Unity.ILPP.Runner.PostProcessingAssemblyLoadContext[0]
      Resolved Unity.Collections, Version=0.0.0.0, Culture=neutral, PublicKeyToken=null with Library/Bee/artifacts/2400b0aE.dag/Unity.Collections.dll
[40m[32minfo[39m[22m[49m: Unity.ILPP.Runner.PostProcessingPipeline[0]
      Processing assembly Library/Bee/artifacts/2400b0aE.dag/Unity.Burst.dll, with 134 defines and 234 references
[40m[32minfo[39m[22m[49m: Unity.ILPP.Runner.PostProcessingPipeline[0]
      processors: Unity.Jobs.CodeGen.JobsILPostProcessor, zzzUnity.Burst.CodeGen.BurstILPostProcessor
[40m[32minfo[39m[22m[49m: Unity.ILPP.Runner.PostProcessingPipeline[0]
      running Unity.Jobs.CodeGen.JobsILPostProcessor
[40m[32minfo[39m[22m[49m: Microsoft.AspNetCore.Hosting.Diagnostics[1]
      Request starting HTTP/2 POST http://ilpp/UnityILPP.PostProcessing/PostProcessAssembly application/grpc -
[40m[32minfo[39m[22m[49m: Unity.ILPP.Runner.PostProcessingPipeline[0]
      running zzzUnity.Burst.CodeGen.BurstILPostProcessor
[40m[32minfo[39m[22m[49m: Microsoft.AspNetCore.Routing.EndpointMiddleware[0]
      Executing endpoint 'gRPC - /UnityILPP.PostProcessing/PostProcessAssembly'
[40m[32minfo[39m[22m[49m: Microsoft.AspNetCore.Hosting.Diagnostics[1]
      Request starting HTTP/2 POST http://ilpp/UnityILPP.PostProcessing/PostProcessAssembly application/grpc -
[40m[32minfo[39m[22m[49m: Microsoft.AspNetCore.Routing.EndpointMiddleware[0]
      Executing endpoint 'gRPC - /UnityILPP.PostProcessing/PostProcessAssembly'
[40m[32minfo[39m[22m[49m: Unity.ILPP.Runner.PostProcessingPipeline[0]
      Processing assembly Library/Bee/artifacts/2400b0aE.dag/Unity.AppUI.dll, with 140 defines and 284 references
[40m[32minfo[39m[22m[49m: Unity.ILPP.Runner.PostProcessingPipeline[0]
      processors: Unity.Jobs.CodeGen.JobsILPostProcessor, zzzUnity.Burst.CodeGen.BurstILPostProcessor
[40m[32minfo[39m[22m[49m: Unity.ILPP.Runner.PostProcessingPipeline[0]
      Processing assembly Library/Bee/artifacts/2400b0aE.dag/Unity.AppUI.Redux.dll, with 134 defines and 284 references
[40m[32minfo[39m[22m[49m: Unity.ILPP.Runner.PostProcessingPipeline[0]
      processors: Unity.Jobs.CodeGen.JobsILPostProcessor, zzzUnity.Burst.CodeGen.BurstILPostProcessor
[40m[32minfo[39m[22m[49m: Microsoft.AspNetCore.Routing.EndpointMiddleware[1]
      Executed endpoint 'gRPC - /UnityILPP.PostProcessing/PostProcessAssembly'
[40m[32minfo[39m[22m[49m: Microsoft.AspNetCore.Hosting.Diagnostics[2]
      Request finished HTTP/2 POST http://ilpp/UnityILPP.PostProcessing/PostProcessAssembly application/grpc - - 200 - application/grpc 7.2054ms
[40m[32minfo[39m[22m[49m: Unity.ILPP.Runner.PostProcessingPipeline[0]
      running Unity.Jobs.CodeGen.JobsILPostProcessor
[40m[32minfo[39m[22m[49m: Unity.ILPP.Runner.PostProcessingPipeline[0]
      running zzzUnity.Burst.CodeGen.BurstILPostProcessor
[40m[32minfo[39m[22m[49m: Unity.ILPP.Runner.PostProcessingPipeline[0]
      running zzzUnity.Burst.CodeGen.BurstILPostProcessor
[40m[32minfo[39m[22m[49m: Microsoft.AspNetCore.Routing.EndpointMiddleware[1]
      Executed endpoint 'gRPC - /UnityILPP.PostProcessing/PostProcessAssembly'
[40m[32minfo[39m[22m[49m: Microsoft.AspNetCore.Hosting.Diagnostics[2]
      Request finished HTTP/2 POST http://ilpp/UnityILPP.PostProcessing/PostProcessAssembly application/grpc - - 200 - application/grpc 2.4971ms
[40m[32minfo[39m[22m[49m: Unity.ILPP.Runner.PostProcessingPipeline[0]
      running Unity.Jobs.CodeGen.JobsILPostProcessor
[40m[32minfo[39m[22m[49m: Unity.ILPP.Runner.PostProcessingPipeline[0]
      running zzzUnity.Burst.CodeGen.BurstILPostProcessor
[40m[32minfo[39m[22m[49m: Microsoft.AspNetCore.Routing.EndpointMiddleware[1]
      Executed endpoint 'gRPC - /UnityILPP.PostProcessing/PostProcessAssembly'
[40m[32minfo[39m[22m[49m: Microsoft.AspNetCore.Hosting.Diagnostics[2]
      Request finished HTTP/2 POST http://ilpp/UnityILPP.PostProcessing/PostProcessAssembly application/grpc - - 200 - application/grpc 9.0396ms
[40m[32minfo[39m[22m[49m: Unity.ILPP.Runner.PostProcessingPipeline[0]
      running Unity.Jobs.CodeGen.JobsILPostProcessor
[40m[32minfo[39m[22m[49m: Unity.ILPP.Runner.PostProcessingPipeline[0]
      running zzzUnity.Burst.CodeGen.BurstILPostProcessor
[40m[32minfo[39m[22m[49m: Microsoft.AspNetCore.Hosting.Diagnostics[1]
      Request starting HTTP/2 POST http://ilpp/UnityILPP.PostProcessing/PostProcessAssembly application/grpc -
[40m[32minfo[39m[22m[49m: Microsoft.AspNetCore.Routing.EndpointMiddleware[0]
      Executing endpoint 'gRPC - /UnityILPP.PostProcessing/PostProcessAssembly'
[40m[32minfo[39m[22m[49m: Microsoft.AspNetCore.Routing.EndpointMiddleware[1]
      Executed endpoint 'gRPC - /UnityILPP.PostProcessing/PostProcessAssembly'
[40m[32minfo[39m[22m[49m: Unity.ILPP.Runner.PostProcessingPipeline[0]
      Processing assembly Library/Bee/artifacts/2400b0aE.dag/Unity.PerformanceTesting.dll, with 135 defines and 233 references
[40m[32minfo[39m[22m[49m: Unity.ILPP.Runner.PostProcessingPipeline[0]
      processors: Unity.Jobs.CodeGen.JobsILPostProcessor, zzzUnity.Burst.CodeGen.BurstILPostProcessor
[40m[32minfo[39m[22m[49m: Microsoft.AspNetCore.Hosting.Diagnostics[2]
      Request finished HTTP/2 POST http://ilpp/UnityILPP.PostProcessing/PostProcessAssembly application/grpc - - 200 - application/grpc 5.2075ms
[40m[32minfo[39m[22m[49m: Unity.ILPP.Runner.PostProcessingPipeline[0]
      running Unity.Jobs.CodeGen.JobsILPostProcessor
[40m[32minfo[39m[22m[49m: Unity.ILPP.Runner.PostProcessingPipeline[0]
      running zzzUnity.Burst.CodeGen.BurstILPostProcessor
[40m[32minfo[39m[22m[49m: Microsoft.AspNetCore.Routing.EndpointMiddleware[1]
      Executed endpoint 'gRPC - /UnityILPP.PostProcessing/PostProcessAssembly'
[40m[32minfo[39m[22m[49m: Microsoft.AspNetCore.Hosting.Diagnostics[2]
      Request finished HTTP/2 POST http://ilpp/UnityILPP.PostProcessing/PostProcessAssembly application/grpc - - 200 - application/grpc 3.0642ms
[40m[32minfo[39m[22m[49m: Microsoft.AspNetCore.Hosting.Diagnostics[1]
      Request starting HTTP/2 POST http://ilpp/UnityILPP.PostProcessing/PostProcessAssembly application/grpc -
[40m[32minfo[39m[22m[49m: Microsoft.AspNetCore.Routing.EndpointMiddleware[0]
      Executing endpoint 'gRPC - /UnityILPP.PostProcessing/PostProcessAssembly'
[40m[32minfo[39m[22m[49m: Unity.ILPP.Runner.PostProcessingPipeline[0]
      Processing assembly Library/Bee/artifacts/2400b0aE.dag/Unity.InferenceEngine.dll, with 134 defines and 288 references
[40m[32minfo[39m[22m[49m: Unity.ILPP.Runner.PostProcessingPipeline[0]
      processors: Unity.Jobs.CodeGen.JobsILPostProcessor, zzzUnity.Burst.CodeGen.BurstILPostProcessor
[40m[32minfo[39m[22m[49m: Unity.ILPP.Runner.PostProcessingPipeline[0]
      running Unity.Jobs.CodeGen.JobsILPostProcessor
[40m[32minfo[39m[22m[49m: Microsoft.AspNetCore.Hosting.Diagnostics[1]
      Request starting HTTP/2 POST http://ilpp/UnityILPP.PostProcessing/PostProcessAssembly application/grpc -
[40m[32minfo[39m[22m[49m: Microsoft.AspNetCore.Routing.EndpointMiddleware[0]
      Executing endpoint 'gRPC - /UnityILPP.PostProcessing/PostProcessAssembly'
[40m[32minfo[39m[22m[49m: Unity.ILPP.Runner.PostProcessingPipeline[0]
      Processing assembly Library/Bee/artifacts/2400b0aE.dag/com.IvanMurzak.Unity.MCP.TestFiles.dll, with 134 defines and 282 references
[40m[32minfo[39m[22m[49m: Unity.ILPP.Runner.PostProcessingPipeline[0]
      processors: Unity.Jobs.CodeGen.JobsILPostProcessor, zzzUnity.Burst.CodeGen.BurstILPostProcessor
[40m[32minfo[39m[22m[49m: Unity.ILPP.Runner.PostProcessingPipeline[0]
      running Unity.Jobs.CodeGen.JobsILPostProcessor
[40m[32minfo[39m[22m[49m: Unity.ILPP.Runner.PostProcessingPipeline[0]
      running zzzUnity.Burst.CodeGen.BurstILPostProcessor
[40m[32minfo[39m[22m[49m: Microsoft.AspNetCore.Routing.EndpointMiddleware[1]
      Executed endpoint 'gRPC - /UnityILPP.PostProcessing/PostProcessAssembly'
[40m[32minfo[39m[22m[49m: Microsoft.AspNetCore.Hosting.Diagnostics[2]
      Request finished HTTP/2 POST http://ilpp/UnityILPP.PostProcessing/PostProcessAssembly application/grpc - - 200 - application/grpc 2.2957ms
[40m[32minfo[39m[22m[49m: Microsoft.AspNetCore.Hosting.Diagnostics[1]
      Request starting HTTP/2 POST http://ilpp/UnityILPP.PostProcessing/PostProcessAssembly application/grpc -
[40m[32minfo[39m[22m[49m: Microsoft.AspNetCore.Routing.EndpointMiddleware[0]
      Executing endpoint 'gRPC - /UnityILPP.PostProcessing/PostProcessAssembly'
[40m[32minfo[39m[22m[49m: Unity.ILPP.Runner.PostProcessingPipeline[0]
      Processing assembly Library/Bee/artifacts/2400b0aE.dag/Unity.AppUI.MVVM.dll, with 135 defines and 284 references
[40m[32minfo[39m[22m[49m: Unity.ILPP.Runner.PostProcessingPipeline[0]
      processors: Unity.Jobs.CodeGen.JobsILPostProcessor, zzzUnity.Burst.CodeGen.BurstILPostProcessor
[40m[32minfo[39m[22m[49m: Unity.ILPP.Runner.PostProcessingPipeline[0]
      running Unity.Jobs.CodeGen.JobsILPostProcessor
[40m[32minfo[39m[22m[49m: Microsoft.AspNetCore.Hosting.Diagnostics[1]
      Request starting HTTP/2 POST http://ilpp/UnityILPP.PostProcessing/PostProcessAssembly application/grpc -
[40m[32minfo[39m[22m[49m: Microsoft.AspNetCore.Routing.EndpointMiddleware[0]
      Executing endpoint 'gRPC - /UnityILPP.PostProcessing/PostProcessAssembly'
[40m[32minfo[39m[22m[49m: Unity.ILPP.Runner.PostProcessingPipeline[0]
      running zzzUnity.Burst.CodeGen.BurstILPostProcessor
[40m[32minfo[39m[22m[49m: Unity.ILPP.Runner.PostProcessingPipeline[0]
      Processing assembly Library/Bee/artifacts/2400b0aE.dag/com.IvanMurzak.Unity.MCP.Runtime.dll, with 134 defines and 242 references
[40m[32minfo[39m[22m[49m: Unity.ILPP.Runner.PostProcessingPipeline[0]
      processors: Unity.Jobs.CodeGen.JobsILPostProcessor, zzzUnity.Burst.CodeGen.BurstILPostProcessor
[40m[32minfo[39m[22m[49m: Microsoft.AspNetCore.Routing.EndpointMiddleware[1]
      Executed endpoint 'gRPC - /UnityILPP.PostProcessing/PostProcessAssembly'
[40m[32minfo[39m[22m[49m: Microsoft.AspNetCore.Hosting.Diagnostics[2]
      Request finished HTTP/2 POST http://ilpp/UnityILPP.PostProcessing/PostProcessAssembly application/grpc - - 200 - application/grpc 2.5251ms
[40m[32minfo[39m[22m[49m: Unity.ILPP.Runner.PostProcessingPipeline[0]
      running Unity.Jobs.CodeGen.JobsILPostProcessor
[40m[32minfo[39m[22m[49m: Unity.ILPP.Runner.PostProcessingPipeline[0]
      running zzzUnity.Burst.CodeGen.BurstILPostProcessor
[40m[32minfo[39m[22m[49m: Microsoft.AspNetCore.Routing.EndpointMiddleware[1]
      Executed endpoint 'gRPC - /UnityILPP.PostProcessing/PostProcessAssembly'
[40m[32minfo[39m[22m[49m: Microsoft.AspNetCore.Hosting.Diagnostics[2]
      Request finished HTTP/2 POST http://ilpp/UnityILPP.PostProcessing/PostProcessAssembly application/grpc - - 200 - application/grpc 2.6107ms
[40m[32minfo[39m[22m[49m: Microsoft.AspNetCore.Hosting.Diagnostics[1]
      Request starting HTTP/2 POST http://ilpp/UnityILPP.PostProcessing/PostProcessAssembly application/grpc -
[40m[32minfo[39m[22m[49m: Microsoft.AspNetCore.Routing.EndpointMiddleware[0]
      Executing endpoint 'gRPC - /UnityILPP.PostProcessing/PostProcessAssembly'
[40m[32minfo[39m[22m[49m: Unity.ILPP.Runner.PostProcessingPipeline[0]
      Processing assembly Library/Bee/artifacts/2400b0aE.dag/Unity.AI.Image.dll, with 132 defines and 335 references
[40m[32minfo[39m[22m[49m: Unity.ILPP.Runner.PostProcessingPipeline[0]
      processors: Unity.Jobs.CodeGen.JobsILPostProcessor, zzzUnity.Burst.CodeGen.BurstILPostProcessor
[40m[32minfo[39m[22m[49m: Unity.ILPP.Runner.PostProcessingPipeline[0]
      running Unity.Jobs.CodeGen.JobsILPostProcessor
[40m[32minfo[39m[22m[49m: Unity.ILPP.Runner.PostProcessingPipeline[0]
      running zzzUnity.Burst.CodeGen.BurstILPostProcessor
[40m[32minfo[39m[22m[49m: Microsoft.AspNetCore.Routing.EndpointMiddleware[1]
      Executed endpoint 'gRPC - /UnityILPP.PostProcessing/PostProcessAssembly'
[40m[32minfo[39m[22m[49m: Microsoft.AspNetCore.Hosting.Diagnostics[2]
      Request finished HTTP/2 POST http://ilpp/UnityILPP.PostProcessing/PostProcessAssembly application/grpc - - 200 - application/grpc 6.8973ms
[40m[32minfo[39m[22m[49m: Microsoft.AspNetCore.Hosting.Diagnostics[1]
      Request starting HTTP/2 POST http://ilpp/UnityILPP.PostProcessing/PostProcessAssembly application/grpc -
[40m[32minfo[39m[22m[49m: Microsoft.AspNetCore.Routing.EndpointMiddleware[0]
      Executing endpoint 'gRPC - /UnityILPP.PostProcessing/PostProcessAssembly'
[40m[32minfo[39m[22m[49m: Unity.ILPP.Runner.PostProcessingPipeline[0]
      Processing assembly Library/Bee/artifacts/2400b0aE.dag/Unity.AI.Pbr.dll, with 132 defines and 334 references
[40m[32minfo[39m[22m[49m: Unity.ILPP.Runner.PostProcessingPipeline[0]
      processors: Unity.Jobs.CodeGen.JobsILPostProcessor, zzzUnity.Burst.CodeGen.BurstILPostProcessor
[40m[32minfo[39m[22m[49m: Unity.ILPP.Runner.PostProcessingPipeline[0]
      running Unity.Jobs.CodeGen.JobsILPostProcessor
[40m[32minfo[39m[22m[49m: Unity.ILPP.Runner.PostProcessingPipeline[0]
      running zzzUnity.Burst.CodeGen.BurstILPostProcessor
[40m[32minfo[39m[22m[49m: Microsoft.AspNetCore.Routing.EndpointMiddleware[1]
      Executed endpoint 'gRPC - /UnityILPP.PostProcessing/PostProcessAssembly'
[40m[32minfo[39m[22m[49m: Microsoft.AspNetCore.Hosting.Diagnostics[2]
      Request finished HTTP/2 POST http://ilpp/UnityILPP.PostProcessing/PostProcessAssembly application/grpc - - 200 - application/grpc 8.4500ms
[40m[32minfo[39m[22m[49m: Microsoft.AspNetCore.Hosting.Diagnostics[1]
      Request starting HTTP/2 POST http://ilpp/UnityILPP.PostProcessing/PostProcessAssembly application/grpc -
[40m[32minfo[39m[22m[49m: Microsoft.AspNetCore.Routing.EndpointMiddleware[0]
      Executing endpoint 'gRPC - /UnityILPP.PostProcessing/PostProcessAssembly'
[40m[32minfo[39m[22m[49m: Unity.ILPP.Runner.PostProcessingPipeline[0]
      Processing assembly Library/Bee/artifacts/2400b0aE.dag/Unity.AI.MCP.Editor.dll, with 132 defines and 279 references
[40m[32minfo[39m[22m[49m: Unity.ILPP.Runner.PostProcessingPipeline[0]
      processors: Unity.Jobs.CodeGen.JobsILPostProcessor, zzzUnity.Burst.CodeGen.BurstILPostProcessor
[40m[32minfo[39m[22m[49m: Unity.ILPP.Runner.PostProcessingPipeline[0]
      running Unity.Jobs.CodeGen.JobsILPostProcessor
[40m[32minfo[39m[22m[49m: Unity.ILPP.Runner.PostProcessingPipeline[0]
      running zzzUnity.Burst.CodeGen.BurstILPostProcessor
[40m[32minfo[39m[22m[49m: Microsoft.AspNetCore.Hosting.Diagnostics[1]
      Request starting HTTP/2 POST http://ilpp/UnityILPP.PostProcessing/PostProcessAssembly application/grpc -
[40m[32minfo[39m[22m[49m: Microsoft.AspNetCore.Routing.EndpointMiddleware[0]
      Executing endpoint 'gRPC - /UnityILPP.PostProcessing/PostProcessAssembly'
[40m[32minfo[39m[22m[49m: Microsoft.AspNetCore.Routing.EndpointMiddleware[1]
      Executed endpoint 'gRPC - /UnityILPP.PostProcessing/PostProcessAssembly'
[40m[32minfo[39m[22m[49m: Microsoft.AspNetCore.Hosting.Diagnostics[2]
      Request finished HTTP/2 POST http://ilpp/UnityILPP.PostProcessing/PostProcessAssembly application/grpc - - 200 - application/grpc 7.6829ms
[40m[32minfo[39m[22m[49m: Unity.ILPP.Runner.PostProcessingPipeline[0]
      Processing assembly Library/Bee/artifacts/2400b0aE.dag/Unity.Sysroot.Linux_x86_64.dll, with 132 defines and 319 references
[40m[32minfo[39m[22m[49m: Unity.ILPP.Runner.PostProcessingPipeline[0]
      processors: Unity.Jobs.CodeGen.JobsILPostProcessor, zzzUnity.Burst.CodeGen.BurstILPostProcessor
[40m[32minfo[39m[22m[49m: Unity.ILPP.Runner.PostProcessingPipeline[0]
      running Unity.Jobs.CodeGen.JobsILPostProcessor
[40m[32minfo[39m[22m[49m: Unity.ILPP.Runner.PostProcessingPipeline[0]
      running zzzUnity.Burst.CodeGen.BurstILPostProcessor
[40m[32minfo[39m[22m[49m: Microsoft.AspNetCore.Routing.EndpointMiddleware[1]
      Executed endpoint 'gRPC - /UnityILPP.PostProcessing/PostProcessAssembly'
[40m[32minfo[39m[22m[49m: Microsoft.AspNetCore.Hosting.Diagnostics[2]
      Request finished HTTP/2 POST http://ilpp/UnityILPP.PostProcessing/PostProcessAssembly application/grpc - - 200 - application/grpc 1.8162ms
[40m[32minfo[39m[22m[49m: Microsoft.AspNetCore.Hosting.Diagnostics[1]
      Request starting HTTP/2 POST http://ilpp/UnityILPP.PostProcessing/PostProcessAssembly application/grpc -
[40m[32minfo[39m[22m[49m: Microsoft.AspNetCore.Routing.EndpointMiddleware[0]
      Executing endpoint 'gRPC - /UnityILPP.PostProcessing/PostProcessAssembly'
[40m[32minfo[39m[22m[49m: Unity.ILPP.Runner.PostProcessingPipeline[0]
      Processing assembly Library/Bee/artifacts/2400b0aE.dag/Unity.AI.Toolkit.GenerationObjectPicker.dll, with 133 defines and 321 references
[40m[32minfo[39m[22m[49m: Unity.ILPP.Runner.PostProcessingPipeline[0]
      processors: Unity.Jobs.CodeGen.JobsILPostProcessor, zzzUnity.Burst.CodeGen.BurstILPostProcessor
[40m[32minfo[39m[22m[49m: Unity.ILPP.Runner.PostProcessingPipeline[0]
      running Unity.Jobs.CodeGen.JobsILPostProcessor
[40m[32minfo[39m[22m[49m: Unity.ILPP.Runner.PostProcessingPipeline[0]
      running zzzUnity.Burst.CodeGen.BurstILPostProcessor
[40m[32minfo[39m[22m[49m: Microsoft.AspNetCore.Hosting.Diagnostics[1]
      Request starting HTTP/2 POST http://ilpp/UnityILPP.PostProcessing/PostProcessAssembly application/grpc -
[40m[32minfo[39m[22m[49m: Microsoft.AspNetCore.Routing.EndpointMiddleware[0]
      Executing endpoint 'gRPC - /UnityILPP.PostProcessing/PostProcessAssembly'
[40m[32minfo[39m[22m[49m: Unity.ILPP.Runner.PostProcessingPipeline[0]
      Processing assembly Library/Bee/artifacts/2400b0aE.dag/Unity.AI.Assistant.Integrations.Profiler.Editor.dll, with 132 defines and 323 references
[40m[32minfo[39m[22m[49m: Unity.ILPP.Runner.PostProcessingPipeline[0]
      processors: Unity.Jobs.CodeGen.JobsILPostProcessor, zzzUnity.Burst.CodeGen.BurstILPostProcessor
[40m[32minfo[39m[22m[49m: Microsoft.AspNetCore.Hosting.Diagnostics[1]
      Request starting HTTP/2 POST http://ilpp/UnityILPP.PostProcessing/PostProcessAssembly application/grpc -
[40m[32minfo[39m[22m[49m: Microsoft.AspNetCore.Routing.EndpointMiddleware[0]
      Executing endpoint 'gRPC - /UnityILPP.PostProcessing/PostProcessAssembly'
[40m[32minfo[39m[22m[49m: Unity.ILPP.Runner.PostProcessingPipeline[0]
      running Unity.Jobs.CodeGen.JobsILPostProcessor
[40m[32minfo[39m[22m[49m: Unity.ILPP.Runner.PostProcessingPipeline[0]
      running zzzUnity.Burst.CodeGen.BurstILPostProcessor
[40m[32minfo[39m[22m[49m: Unity.ILPP.Runner.PostProcessingPipeline[0]
      Processing assembly Library/Bee/artifacts/2400b0aE.dag/Unity.AI.Generators.Redux.dll, with 132 defines and 321 references
[40m[32minfo[39m[22m[49m: Unity.ILPP.Runner.PostProcessingPipeline[0]
      processors: Unity.Jobs.CodeGen.JobsILPostProcessor, zzzUnity.Burst.CodeGen.BurstILPostProcessor
[40m[32minfo[39m[22m[49m: Microsoft.AspNetCore.Routing.EndpointMiddleware[1]
      Executed endpoint 'gRPC - /UnityILPP.PostProcessing/PostProcessAssembly'
[40m[32minfo[39m[22m[49m: Microsoft.AspNetCore.Hosting.Diagnostics[2]
      Request finished HTTP/2 POST http://ilpp/UnityILPP.PostProcessing/PostProcessAssembly application/grpc - - 200 - application/grpc 2.5297ms
[40m[32minfo[39m[22m[49m: Unity.ILPP.Runner.PostProcessingPipeline[0]
      running Unity.Jobs.CodeGen.JobsILPostProcessor
[40m[32minfo[39m[22m[49m: Unity.ILPP.Runner.PostProcessingPipeline[0]
      running zzzUnity.Burst.CodeGen.BurstILPostProcessor
[40m[32minfo[39m[22m[49m: Microsoft.AspNetCore.Routing.EndpointMiddleware[1]
      Executed endpoint 'gRPC - /UnityILPP.PostProcessing/PostProcessAssembly'
[40m[32minfo[39m[22m[49m: Microsoft.AspNetCore.Hosting.Diagnostics[2]
      Request finished HTTP/2 POST http://ilpp/UnityILPP.PostProcessing/PostProcessAssembly application/grpc - - 200 - application/grpc 7.4854ms
[40m[32minfo[39m[22m[49m: Microsoft.AspNetCore.Routing.EndpointMiddleware[1]
      Executed endpoint 'gRPC - /UnityILPP.PostProcessing/PostProcessAssembly'
[40m[32minfo[39m[22m[49m: Microsoft.AspNetCore.Hosting.Diagnostics[2]
      Request finished HTTP/2 POST http://ilpp/UnityILPP.PostProcessing/PostProcessAssembly application/grpc - - 200 - application/grpc 3.0876ms
[40m[32minfo[39m[22m[49m: Microsoft.AspNetCore.Hosting.Diagnostics[1]
      Request starting HTTP/2 POST http://ilpp/UnityILPP.PostProcessing/PostProcessAssembly application/grpc -
[40m[32minfo[39m[22m[49m: Microsoft.AspNetCore.Routing.EndpointMiddleware[0]
      Executing endpoint 'gRPC - /UnityILPP.PostProcessing/PostProcessAssembly'
[40m[32minfo[39m[22m[49m: Unity.ILPP.Runner.PostProcessingPipeline[0]
      Processing assembly Library/Bee/artifacts/2400b0aE.dag/Unity.SysrootPackage.Editor.dll, with 132 defines and 318 references
[40m[32minfo[39m[22m[49m: Unity.ILPP.Runner.PostProcessingPipeline[0]
      processors: Unity.Jobs.CodeGen.JobsILPostProcessor, zzzUnity.Burst.CodeGen.BurstILPostProcessor
[40m[32minfo[39m[22m[49m: Unity.ILPP.Runner.PostProcessingPipeline[0]
      running Unity.Jobs.CodeGen.JobsILPostProcessor
[40m[32minfo[39m[22m[49m: Unity.ILPP.Runner.PostProcessingPipeline[0]
      running zzzUnity.Burst.CodeGen.BurstILPostProcessor
[40m[32minfo[39m[22m[49m: Microsoft.AspNetCore.Routing.EndpointMiddleware[1]
      Executed endpoint 'gRPC - /UnityILPP.PostProcessing/PostProcessAssembly'
[40m[32minfo[39m[22m[49m: Microsoft.AspNetCore.Hosting.Diagnostics[1]
      Request starting HTTP/2 POST http://ilpp/UnityILPP.PostProcessing/PostProcessAssembly application/grpc -
[40m[32minfo[39m[22m[49m: Microsoft.AspNetCore.Hosting.Diagnostics[2]
      Request finished HTTP/2 POST http://ilpp/UnityILPP.PostProcessing/PostProcessAssembly application/grpc - - 200 - application/grpc 3.0324ms
[40m[32minfo[39m[22m[49m: Microsoft.AspNetCore.Routing.EndpointMiddleware[0]
      Executing endpoint 'gRPC - /UnityILPP.PostProcessing/PostProcessAssembly'
[40m[32minfo[39m[22m[49m: Unity.ILPP.Runner.PostProcessingPipeline[0]
      Processing assembly Library/Bee/artifacts/2400b0aE.dag/Unity.AI.Assistant.UI.Editor.dll, with 132 defines and 282 references
[40m[32minfo[39m[22m[49m: Unity.ILPP.Runner.PostProcessingPipeline[0]
      processors: Unity.Jobs.CodeGen.JobsILPostProcessor, zzzUnity.Burst.CodeGen.BurstILPostProcessor
[40m[32minfo[39m[22m[49m: Microsoft.AspNetCore.Hosting.Diagnostics[1]
      Request starting HTTP/2 POST http://ilpp/UnityILPP.PostProcessing/PostProcessAssembly application/grpc -
[40m[32minfo[39m[22m[49m: Microsoft.AspNetCore.Routing.EndpointMiddleware[0]
      Executing endpoint 'gRPC - /UnityILPP.PostProcessing/PostProcessAssembly'
[40m[32minfo[39m[22m[49m: Unity.ILPP.Runner.PostProcessingPipeline[0]
      Processing assembly Library/Bee/artifacts/2400b0aE.dag/Unity.AI.Mesh.dll, with 132 defines and 332 references
[40m[32minfo[39m[22m[49m: Unity.ILPP.Runner.PostProcessingPipeline[0]
      processors: Unity.Jobs.CodeGen.JobsILPostProcessor, zzzUnity.Burst.CodeGen.BurstILPostProcessor
[40m[32minfo[39m[22m[49m: Unity.ILPP.Runner.PostProcessingPipeline[0]
      running Unity.Jobs.CodeGen.JobsILPostProcessor
[40m[32minfo[39m[22m[49m: Unity.ILPP.Runner.PostProcessingPipeline[0]
      running zzzUnity.Burst.CodeGen.BurstILPostProcessor
[40m[32minfo[39m[22m[49m: Unity.ILPP.Runner.PostProcessingPipeline[0]
      running Unity.Jobs.CodeGen.JobsILPostProcessor
[40m[32minfo[39m[22m[49m: Unity.ILPP.Runner.PostProcessingPipeline[0]
      running zzzUnity.Burst.CodeGen.BurstILPostProcessor
[40m[32minfo[39m[22m[49m: Microsoft.AspNetCore.Routing.EndpointMiddleware[1]
      Executed endpoint 'gRPC - /UnityILPP.PostProcessing/PostProcessAssembly'
[40m[32minfo[39m[22m[49m: Microsoft.AspNetCore.Hosting.Diagnostics[2]
      Request finished HTTP/2 POST http://ilpp/UnityILPP.PostProcessing/PostProcessAssembly application/grpc - - 200 - application/grpc 4.8602ms
[40m[32minfo[39m[22m[49m: Microsoft.AspNetCore.Routing.EndpointMiddleware[1]
      Executed endpoint 'gRPC - /UnityILPP.PostProcessing/PostProcessAssembly'
[40m[32minfo[39m[22m[49m: Microsoft.AspNetCore.Hosting.Diagnostics[2]
      Request finished HTTP/2 POST http://ilpp/UnityILPP.PostProcessing/PostProcessAssembly application/grpc - - 200 - application/grpc 6.4365ms
[40m[32minfo[39m[22m[49m: Microsoft.AspNetCore.Hosting.Diagnostics[1]
      Request starting HTTP/2 POST http://ilpp/UnityILPP.PostProcessing/PostProcessAssembly application/grpc -
[40m[32minfo[39m[22m[49m: Microsoft.AspNetCore.Routing.EndpointMiddleware[0]
      Executing endpoint 'gRPC - /UnityILPP.PostProcessing/PostProcessAssembly'
[40m[32minfo[39m[22m[49m: Unity.ILPP.Runner.PostProcessingPipeline[0]
      Processing assembly Library/Bee/artifacts/2400b0aE.dag/Unity.AI.Generators.UI.AIDropdownIntegrations.dll, with 132 defines and 321 references
[40m[32minfo[39m[22m[49m: Unity.ILPP.Runner.PostProcessingPipeline[0]
      processors: Unity.Jobs.CodeGen.JobsILPostProcessor, zzzUnity.Burst.CodeGen.BurstILPostProcessor
[40m[32minfo[39m[22m[49m: Microsoft.AspNetCore.Hosting.Diagnostics[1]
      Request starting HTTP/2 POST http://ilpp/UnityILPP.PostProcessing/PostProcessAssembly application/grpc -
[40m[32minfo[39m[22m[49m: Microsoft.AspNetCore.Routing.EndpointMiddleware[0]
      Executing endpoint 'gRPC - /UnityILPP.PostProcessing/PostProcessAssembly'
[40m[32minfo[39m[22m[49m: Unity.ILPP.Runner.PostProcessingPipeline[0]
      running Unity.Jobs.CodeGen.JobsILPostProcessor
[40m[32minfo[39m[22m[49m: Unity.ILPP.Runner.PostProcessingPipeline[0]
      running zzzUnity.Burst.CodeGen.BurstILPostProcessor
[40m[32minfo[39m[22m[49m: Unity.ILPP.Runner.PostProcessingPipeline[0]
      Processing assembly Library/Bee/artifacts/2400b0aE.dag/Unity.InferenceEngine.Editor.Visualizer.dll, with 132 defines and 325 references
[40m[32minfo[39m[22m[49m: Unity.ILPP.Runner.PostProcessingPipeline[0]
      processors: Unity.Jobs.CodeGen.JobsILPostProcessor, zzzUnity.Burst.CodeGen.BurstILPostProcessor
[40m[32minfo[39m[22m[49m: Unity.ILPP.Runner.PostProcessingPipeline[0]
      running Unity.Jobs.CodeGen.JobsILPostProcessor
[40m[32minfo[39m[22m[49m: Microsoft.AspNetCore.Routing.EndpointMiddleware[1]
      Executed endpoint 'gRPC - /UnityILPP.PostProcessing/PostProcessAssembly'
[40m[32minfo[39m[22m[49m: Microsoft.AspNetCore.Hosting.Diagnostics[2]
      Request finished HTTP/2 POST http://ilpp/UnityILPP.PostProcessing/PostProcessAssembly application/grpc - - 200 - application/grpc 2.4520ms
[40m[32minfo[39m[22m[49m: Microsoft.AspNetCore.Hosting.Diagnostics[1]
      Request starting HTTP/2 POST http://ilpp/UnityILPP.PostProcessing/PostProcessAssembly application/grpc -
[40m[32minfo[39m[22m[49m: Microsoft.AspNetCore.Routing.EndpointMiddleware[0]
      Executing endpoint 'gRPC - /UnityILPP.PostProcessing/PostProcessAssembly'
[40m[32minfo[39m[22m[49m: Unity.ILPP.Runner.PostProcessingPipeline[0]
      Processing assembly Library/Bee/artifacts/2400b0aE.dag/Unity.AI.Generators.Tools.dll, with 132 defines and 331 references
[40m[32minfo[39m[22m[49m: Unity.ILPP.Runner.PostProcessingPipeline[0]
      processors: Unity.Jobs.CodeGen.JobsILPostProcessor, zzzUnity.Burst.CodeGen.BurstILPostProcessor
[40m[32minfo[39m[22m[49m: Unity.ILPP.Runner.PostProcessingPipeline[0]
      running Unity.Jobs.CodeGen.JobsILPostProcessor
[40m[32minfo[39m[22m[49m: Unity.ILPP.Runner.PostProcessingPipeline[0]
      running zzzUnity.Burst.CodeGen.BurstILPostProcessor
[40m[32minfo[39m[22m[49m: Microsoft.AspNetCore.Routing.EndpointMiddleware[1]
      Executed endpoint 'gRPC - /UnityILPP.PostProcessing/PostProcessAssembly'
[40m[32minfo[39m[22m[49m: Microsoft.AspNetCore.Hosting.Diagnostics[2]
      Request finished HTTP/2 POST http://ilpp/UnityILPP.PostProcessing/PostProcessAssembly application/grpc - - 200 - application/grpc 2.9160ms
[40m[32minfo[39m[22m[49m: Microsoft.AspNetCore.Hosting.Diagnostics[1]
      Request starting HTTP/2 POST http://ilpp/UnityILPP.PostProcessing/PostProcessAssembly application/grpc -
[40m[32minfo[39m[22m[49m: Microsoft.AspNetCore.Routing.EndpointMiddleware[0]
      Executing endpoint 'gRPC - /UnityILPP.PostProcessing/PostProcessAssembly'
[40m[32minfo[39m[22m[49m: Unity.ILPP.Runner.PostProcessingPipeline[0]
      Processing assembly Library/Bee/artifacts/2400b0aE.dag/Unity.AI.Assistant.API.Editor.dll, with 132 defines and 322 references
[40m[32minfo[39m[22m[49m: Unity.ILPP.Runner.PostProcessingPipeline[0]
      processors: Unity.Jobs.CodeGen.JobsILPostProcessor, zzzUnity.Burst.CodeGen.BurstILPostProcessor
[40m[32minfo[39m[22m[49m: Unity.ILPP.Runner.PostProcessingPipeline[0]
      running Unity.Jobs.CodeGen.JobsILPostProcessor
[40m[32minfo[39m[22m[49m: Unity.ILPP.Runner.PostProcessingPipeline[0]
      running zzzUnity.Burst.CodeGen.BurstILPostProcessor
[40m[32minfo[39m[22m[49m: Microsoft.AspNetCore.Routing.EndpointMiddleware[1]
      Executed endpoint 'gRPC - /UnityILPP.PostProcessing/PostProcessAssembly'
[40m[32minfo[39m[22m[49m: Microsoft.AspNetCore.Hosting.Diagnostics[2]
      Request finished HTTP/2 POST http://ilpp/UnityILPP.PostProcessing/PostProcessAssembly application/grpc - - 200 - application/grpc 1.9463ms
[40m[32minfo[39m[22m[49m: Microsoft.AspNetCore.Hosting.Diagnostics[1]
      Request starting HTTP/2 POST http://ilpp/UnityILPP.PostProcessing/PostProcessAssembly application/grpc -
[40m[32minfo[39m[22m[49m: Microsoft.AspNetCore.Routing.EndpointMiddleware[0]
      Executing endpoint 'gRPC - /UnityILPP.PostProcessing/PostProcessAssembly'
[40m[32minfo[39m[22m[49m: Unity.ILPP.Runner.PostProcessingPipeline[0]
      Processing assembly Library/Bee/artifacts/2400b0aE.dag/Unity.AI.Assistant.Tools.Editor.dll, with 132 defines and 281 references
[40m[32minfo[39m[22m[49m: Unity.ILPP.Runner.PostProcessingPipeline[0]
      processors: Unity.Jobs.CodeGen.JobsILPostProcessor, zzzUnity.Burst.CodeGen.BurstILPostProcessor
[40m[32minfo[39m[22m[49m: Unity.ILPP.Runner.PostProcessingPipeline[0]
      running Unity.Jobs.CodeGen.JobsILPostProcessor
[40m[32minfo[39m[22m[49m: Unity.ILPP.Runner.PostProcessingPipeline[0]
      running zzzUnity.Burst.CodeGen.BurstILPostProcessor
[40m[32minfo[39m[22m[49m: Microsoft.AspNetCore.Routing.EndpointMiddleware[1]
      Executed endpoint 'gRPC - /UnityILPP.PostProcessing/PostProcessAssembly'
[40m[32minfo[39m[22m[49m: Microsoft.AspNetCore.Hosting.Diagnostics[2]
      Request finished HTTP/2 POST http://ilpp/UnityILPP.PostProcessing/PostProcessAssembly application/grpc - - 200 - application/grpc 2.8620ms
[40m[32minfo[39m[22m[49m: Microsoft.AspNetCore.Hosting.Diagnostics[1]
      Request starting HTTP/2 POST http://ilpp/UnityILPP.PostProcessing/PostProcessAssembly application/grpc -
[40m[32minfo[39m[22m[49m: Microsoft.AspNetCore.Hosting.Diagnostics[1]
      Request starting HTTP/2 POST http://ilpp/UnityILPP.PostProcessing/PostProcessAssembly application/grpc -
[40m[32minfo[39m[22m[49m: Microsoft.AspNetCore.Routing.EndpointMiddleware[0]
      Executing endpoint 'gRPC - /UnityILPP.PostProcessing/PostProcessAssembly'
[40m[32minfo[39m[22m[49m: Microsoft.AspNetCore.Routing.EndpointMiddleware[0]
      Executing endpoint 'gRPC - /UnityILPP.PostProcessing/PostProcessAssembly'
[40m[32minfo[39m[22m[49m: Microsoft.AspNetCore.Hosting.Diagnostics[1]
      Request starting HTTP/2 POST http://ilpp/UnityILPP.PostProcessing/PostProcessAssembly application/grpc -
[40m[32minfo[39m[22m[49m: Microsoft.AspNetCore.Hosting.Diagnostics[1]
      Request starting HTTP/2 POST http://ilpp/UnityILPP.PostProcessing/PostProcessAssembly application/grpc -
[40m[32minfo[39m[22m[49m: Microsoft.AspNetCore.Routing.EndpointMiddleware[0]
      Executing endpoint 'gRPC - /UnityILPP.PostProcessing/PostProcessAssembly'
[40m[32minfo[39m[22m[49m: Microsoft.AspNetCore.Routing.EndpointMiddleware[0]
      Executing endpoint 'gRPC - /UnityILPP.PostProcessing/PostProcessAssembly'
[40m[32minfo[39m[22m[49m: Unity.ILPP.Runner.PostProcessingPipeline[0]
      Processing assembly Library/Bee/artifacts/2400b0aE.dag/Unity.AI.Sound.dll, with 132 defines and 334 references
[40m[32minfo[39m[22m[49m: Unity.ILPP.Runner.PostProcessingPipeline[0]
      Processing assembly Library/Bee/artifacts/2400b0aE.dag/Unity.ScriptableBuildPipeline.Editor.dll, with 135 defines and 319 references
[40m[32minfo[39m[22m[49m: Unity.ILPP.Runner.PostProcessingPipeline[0]
      processors: Unity.Jobs.CodeGen.JobsILPostProcessor, zzzUnity.Burst.CodeGen.BurstILPostProcessor
[40m[32minfo[39m[22m[49m: Unity.ILPP.Runner.PostProcessingPipeline[0]
      processors: Unity.Jobs.CodeGen.JobsILPostProcessor, zzzUnity.Burst.CodeGen.BurstILPostProcessor
[40m[32minfo[39m[22m[49m: Unity.ILPP.Runner.PostProcessingPipeline[0]
      Processing assembly Library/Bee/artifacts/2400b0aE.dag/Unity.AI.Generators.Contexts.dll, with 132 defines and 318 references
[40m[32minfo[39m[22m[49m: Unity.ILPP.Runner.PostProcessingPipeline[0]
      Processing assembly Library/Bee/artifacts/2400b0aE.dag/Unity.AutoGroupGenerator.Editor.dll, with 132 defines and 320 references
[40m[32minfo[39m[22m[49m: Unity.ILPP.Runner.PostProcessingPipeline[0]
      processors: Unity.Jobs.CodeGen.JobsILPostProcessor, zzzUnity.Burst.CodeGen.BurstILPostProcessor
[40m[32minfo[39m[22m[49m: Unity.ILPP.Runner.PostProcessingPipeline[0]
      processors: Unity.Jobs.CodeGen.JobsILPostProcessor, zzzUnity.Burst.CodeGen.BurstILPostProcessor
[40m[32minfo[39m[22m[49m: Unity.ILPP.Runner.PostProcessingPipeline[0]
      running Unity.Jobs.CodeGen.JobsILPostProcessor
[40m[32minfo[39m[22m[49m: Unity.ILPP.Runner.PostProcessingPipeline[0]
      running Unity.Jobs.CodeGen.JobsILPostProcessor
[40m[32minfo[39m[22m[49m: Unity.ILPP.Runner.PostProcessingPipeline[0]
      running zzzUnity.Burst.CodeGen.BurstILPostProcessor
[40m[32minfo[39m[22m[49m: Unity.ILPP.Runner.PostProcessingPipeline[0]
      running zzzUnity.Burst.CodeGen.BurstILPostProcessor
[40m[32minfo[39m[22m[49m: Unity.ILPP.Runner.PostProcessingPipeline[0]
      running Unity.Jobs.CodeGen.JobsILPostProcessor
[40m[32minfo[39m[22m[49m: Unity.ILPP.Runner.PostProcessingPipeline[0]
      running zzzUnity.Burst.CodeGen.BurstILPostProcessor
[40m[32minfo[39m[22m[49m: Microsoft.AspNetCore.Routing.EndpointMiddleware[1]
      Executed endpoint 'gRPC - /UnityILPP.PostProcessing/PostProcessAssembly'
[40m[32minfo[39m[22m[49m: Microsoft.AspNetCore.Hosting.Diagnostics[2]
      Request finished HTTP/2 POST http://ilpp/UnityILPP.PostProcessing/PostProcessAssembly application/grpc - - 200 - application/grpc 1.3630ms
[40m[32minfo[39m[22m[49m: Microsoft.AspNetCore.Routing.EndpointMiddleware[1]
      Executed endpoint 'gRPC - /UnityILPP.PostProcessing/PostProcessAssembly'
[40m[32minfo[39m[22m[49m: Microsoft.AspNetCore.Hosting.Diagnostics[2]
      Request finished HTTP/2 POST http://ilpp/UnityILPP.PostProcessing/PostProcessAssembly application/grpc - - 200 - application/grpc 3.3848ms
[40m[32minfo[39m[22m[49m: Microsoft.AspNetCore.Routing.EndpointMiddleware[1]
      Executed endpoint 'gRPC - /UnityILPP.PostProcessing/PostProcessAssembly'
[40m[32minfo[39m[22m[49m: Microsoft.AspNetCore.Hosting.Diagnostics[2]
      Request finished HTTP/2 POST http://ilpp/UnityILPP.PostProcessing/PostProcessAssembly application/grpc - - 200 - application/grpc 3.3599ms
[40m[32minfo[39m[22m[49m: Microsoft.AspNetCore.Hosting.Diagnostics[1]
      Request starting HTTP/2 POST http://ilpp/UnityILPP.PostProcessing/PostProcessAssembly application/grpc -
[40m[32minfo[39m[22m[49m: Microsoft.AspNetCore.Routing.EndpointMiddleware[0]
      Executing endpoint 'gRPC - /UnityILPP.PostProcessing/PostProcessAssembly'
[40m[32minfo[39m[22m[49m: Microsoft.AspNetCore.Hosting.Diagnostics[1]
      Request starting HTTP/2 POST http://ilpp/UnityILPP.PostProcessing/PostProcessAssembly application/grpc -
[40m[32minfo[39m[22m[49m: Microsoft.AspNetCore.Routing.EndpointMiddleware[0]
      Executing endpoint 'gRPC - /UnityILPP.PostProcessing/PostProcessAssembly'
[40m[32minfo[39m[22m[49m: Microsoft.AspNetCore.Hosting.Diagnostics[1]
      Request starting HTTP/2 POST http://ilpp/UnityILPP.PostProcessing/PostProcessAssembly application/grpc -
[40m[32minfo[39m[22m[49m: Microsoft.AspNetCore.Routing.EndpointMiddleware[0]
      Executing endpoint 'gRPC - /UnityILPP.PostProcessing/PostProcessAssembly'
[40m[32minfo[39m[22m[49m: Microsoft.AspNetCore.Hosting.Diagnostics[1]
      Request starting HTTP/2 POST http://ilpp/UnityILPP.PostProcessing/PostProcessAssembly application/grpc -
[40m[32minfo[39m[22m[49m: Unity.ILPP.Runner.PostProcessingPipeline[0]
      Processing assembly Library/Bee/artifacts/2400b0aE.dag/Unity.AI.Toolkit.Compliance.dll, with 132 defines and 318 references
[40m[32minfo[39m[22m[49m: Microsoft.AspNetCore.Routing.EndpointMiddleware[0]
      Executing endpoint 'gRPC - /UnityILPP.PostProcessing/PostProcessAssembly'
[40m[32minfo[39m[22m[49m: Unity.ILPP.Runner.PostProcessingPipeline[0]
      processors: Unity.Jobs.CodeGen.JobsILPostProcessor, zzzUnity.Burst.CodeGen.BurstILPostProcessor
[40m[32minfo[39m[22m[49m: Microsoft.AspNetCore.Hosting.Diagnostics[1]
      Request starting HTTP/2 POST http://ilpp/UnityILPP.PostProcessing/PostProcessAssembly application/grpc -
[40m[32minfo[39m[22m[49m: Unity.ILPP.Runner.PostProcessingPipeline[0]
      Processing assembly Library/Bee/artifacts/2400b0aE.dag/Unity.AI.Generators.Asset.dll, with 132 defines and 323 references
[40m[32minfo[39m[22m[49m: Unity.ILPP.Runner.PostProcessingPipeline[0]
      processors: Unity.Jobs.CodeGen.JobsILPostProcessor, zzzUnity.Burst.CodeGen.BurstILPostProcessor
[40m[32minfo[39m[22m[49m: Microsoft.AspNetCore.Routing.EndpointMiddleware[0]
      Executing endpoint 'gRPC - /UnityILPP.PostProcessing/PostProcessAssembly'
[40m[32minfo[39m[22m[49m: Unity.ILPP.Runner.PostProcessingPipeline[0]
      Processing assembly Library/Bee/artifacts/2400b0aE.dag/Unity.AI.Assistant.Editor.dll, with 132 defines and 279 references
[40m[32minfo[39m[22m[49m: Unity.ILPP.Runner.PostProcessingPipeline[0]
      processors: Unity.Jobs.CodeGen.JobsILPostProcessor, zzzUnity.Burst.CodeGen.BurstILPostProcessor
[40m[32minfo[39m[22m[49m: Unity.ILPP.Runner.PostProcessingPipeline[0]
      running Unity.Jobs.CodeGen.JobsILPostProcessor
[40m[32minfo[39m[22m[49m: Unity.ILPP.Runner.PostProcessingPipeline[0]
      running zzzUnity.Burst.CodeGen.BurstILPostProcessor
[40m[32minfo[39m[22m[49m: Unity.ILPP.Runner.PostProcessingPipeline[0]
      Processing assembly Library/Bee/artifacts/2400b0aE.dag/com.IvanMurzak.Unity.MCP.Editor.dll, with 132 defines and 281 references
[40m[32minfo[39m[22m[49m: Unity.ILPP.Runner.PostProcessingPipeline[0]
      processors: Unity.Jobs.CodeGen.JobsILPostProcessor, zzzUnity.Burst.CodeGen.BurstILPostProcessor
[40m[32minfo[39m[22m[49m: Unity.ILPP.Runner.PostProcessingPipeline[0]
      running Unity.Jobs.CodeGen.JobsILPostProcessor
[40m[32minfo[39m[22m[49m: Unity.ILPP.Runner.PostProcessingPipeline[0]
      running zzzUnity.Burst.CodeGen.BurstILPostProcessor
[40m[32minfo[39m[22m[49m: Microsoft.AspNetCore.Routing.EndpointMiddleware[1]
      Executed endpoint 'gRPC - /UnityILPP.PostProcessing/PostProcessAssembly'
[40m[32minfo[39m[22m[49m: Microsoft.AspNetCore.Hosting.Diagnostics[2]
      Request finished HTTP/2 POST http://ilpp/UnityILPP.PostProcessing/PostProcessAssembly application/grpc - - 200 - application/grpc 1.2619ms
[40m[32minfo[39m[22m[49m: Microsoft.AspNetCore.Routing.EndpointMiddleware[1]
      Executed endpoint 'gRPC - /UnityILPP.PostProcessing/PostProcessAssembly'
[40m[32minfo[39m[22m[49m: Microsoft.AspNetCore.Hosting.Diagnostics[2]
      Request finished HTTP/2 POST http://ilpp/UnityILPP.PostProcessing/PostProcessAssembly application/grpc - - 200 - application/grpc 3.1868ms
[40m[32minfo[39m[22m[49m: Microsoft.AspNetCore.Hosting.Diagnostics[1]
      Request starting HTTP/2 POST http://ilpp/UnityILPP.PostProcessing/PostProcessAssembly application/grpc -
[40m[32minfo[39m[22m[49m: Microsoft.AspNetCore.Hosting.Diagnostics[1]
      Request starting HTTP/2 POST http://ilpp/UnityILPP.PostProcessing/PostProcessAssembly application/grpc -
[40m[32minfo[39m[22m[49m: Microsoft.AspNetCore.Hosting.Diagnostics[1]
      Request starting HTTP/2 POST http://ilpp/UnityILPP.PostProcessing/PostProcessAssembly application/grpc -
[40m[32minfo[39m[22m[49m: Microsoft.AspNetCore.Routing.EndpointMiddleware[0]
      Executing endpoint 'gRPC - /UnityILPP.PostProcessing/PostProcessAssembly'
[40m[32minfo[39m[22m[49m: Microsoft.AspNetCore.Routing.EndpointMiddleware[0]
      Executing endpoint 'gRPC - /UnityILPP.PostProcessing/PostProcessAssembly'
[40m[32minfo[39m[22m[49m: Microsoft.AspNetCore.Routing.EndpointMiddleware[0]
      Executing endpoint 'gRPC - /UnityILPP.PostProcessing/PostProcessAssembly'
[40m[32minfo[39m[22m[49m: Unity.ILPP.Runner.PostProcessingPipeline[0]
      Processing assembly Library/Bee/artifacts/2400b0aE.dag/Unity.AppUI.Navigation.Editor.dll, with 132 defines and 322 references
[40m[32minfo[39m[22m[49m: Unity.ILPP.Runner.PostProcessingPipeline[0]
      processors: Unity.Jobs.CodeGen.JobsILPostProcessor, zzzUnity.Burst.CodeGen.BurstILPostProcessor
[40m[32minfo[39m[22m[49m: Unity.ILPP.Runner.PostProcessingPipeline[0]
      Processing assembly Library/Bee/artifacts/2400b0aE.dag/Unity.AppUI.Redux.Editor.dll, with 135 defines and 270 references
[40m[32minfo[39m[22m[49m: Unity.ILPP.Runner.PostProcessingPipeline[0]
      Processing assembly Library/Bee/artifacts/2400b0aE.dag/Unity.Toolchain.Linux-x86_64-Linux.dll, with 132 defines and 319 references
[40m[32minfo[39m[22m[49m: Unity.ILPP.Runner.PostProcessingPipeline[0]
      processors: Unity.Jobs.CodeGen.JobsILPostProcessor, zzzUnity.Burst.CodeGen.BurstILPostProcessor
[40m[32minfo[39m[22m[49m: Unity.ILPP.Runner.PostProcessingPipeline[0]
      processors: Unity.Jobs.CodeGen.JobsILPostProcessor, zzzUnity.Burst.CodeGen.BurstILPostProcessor
[40m[32minfo[39m[22m[49m: Unity.ILPP.Runner.PostProcessingPipeline[0]
      running Unity.Jobs.CodeGen.JobsILPostProcessor
[40m[32minfo[39m[22m[49m: Unity.ILPP.Runner.PostProcessingPipeline[0]
      running Unity.Jobs.CodeGen.JobsILPostProcessor
[40m[32minfo[39m[22m[49m: Unity.ILPP.Runner.PostProcessingPipeline[0]
      running zzzUnity.Burst.CodeGen.BurstILPostProcessor
[40m[32minfo[39m[22m[49m: Unity.ILPP.Runner.PostProcessingPipeline[0]
      running zzzUnity.Burst.CodeGen.BurstILPostProcessor
[40m[32minfo[39m[22m[49m: Unity.ILPP.Runner.PostProcessingPipeline[0]
      running Unity.Jobs.CodeGen.JobsILPostProcessor
[40m[32minfo[39m[22m[49m: Unity.ILPP.Runner.PostProcessingPipeline[0]
      running zzzUnity.Burst.CodeGen.BurstILPostProcessor
[40m[32minfo[39m[22m[49m: Microsoft.AspNetCore.Routing.EndpointMiddleware[1]
      Executed endpoint 'gRPC - /UnityILPP.PostProcessing/PostProcessAssembly'
[40m[32minfo[39m[22m[49m: Unity.ILPP.Runner.PostProcessingPipeline[0]
      running Unity.Jobs.CodeGen.JobsILPostProcessor
[40m[32minfo[39m[22m[49m: Microsoft.AspNetCore.Routing.EndpointMiddleware[1]
      Executed endpoint 'gRPC - /UnityILPP.PostProcessing/PostProcessAssembly'
[40m[32minfo[39m[22m[49m: Microsoft.AspNetCore.Hosting.Diagnostics[2]
      Request finished HTTP/2 POST http://ilpp/UnityILPP.PostProcessing/PostProcessAssembly application/grpc - - 200 - application/grpc 4.0103ms
[40m[32minfo[39m[22m[49m: Unity.ILPP.Runner.PostProcessingPipeline[0]
      running zzzUnity.Burst.CodeGen.BurstILPostProcessor
[40m[32minfo[39m[22m[49m: Microsoft.AspNetCore.Routing.EndpointMiddleware[1]
      Executed endpoint 'gRPC - /UnityILPP.PostProcessing/PostProcessAssembly'
[40m[32minfo[39m[22m[49m: Microsoft.AspNetCore.Hosting.Diagnostics[2]
      Request finished HTTP/2 POST http://ilpp/UnityILPP.PostProcessing/PostProcessAssembly application/grpc - - 200 - application/grpc 4.2360ms
[40m[32minfo[39m[22m[49m: Microsoft.AspNetCore.Hosting.Diagnostics[1]
      Request starting HTTP/2 POST http://ilpp/UnityILPP.PostProcessing/PostProcessAssembly application/grpc -
[40m[32minfo[39m[22m[49m: Microsoft.AspNetCore.Hosting.Diagnostics[1]
      Request starting HTTP/2 POST http://ilpp/UnityILPP.PostProcessing/PostProcessAssembly application/grpc -
[40m[32minfo[39m[22m[49m: Microsoft.AspNetCore.Routing.EndpointMiddleware[0]
      Executing endpoint 'gRPC - /UnityILPP.PostProcessing/PostProcessAssembly'
[40m[32minfo[39m[22m[49m: Microsoft.AspNetCore.Routing.EndpointMiddleware[0]
      Executing endpoint 'gRPC - /UnityILPP.PostProcessing/PostProcessAssembly'
[40m[32minfo[39m[22m[49m: Unity.ILPP.Runner.PostProcessingPipeline[0]
      Processing assembly Library/Bee/artifacts/2400b0aE.dag/Unity.Collections.Editor.dll, with 133 defines and 319 references
[40m[32minfo[39m[22m[49m: Unity.ILPP.Runner.PostProcessingPipeline[0]
      Processing assembly Library/Bee/artifacts/2400b0aE.dag/Unity.AI.Assistant.AssetGenerators.Editor.dll, with 132 defines and 276 references
[40m[32minfo[39m[22m[49m: Unity.ILPP.Runner.PostProcessingPipeline[0]
      processors: Unity.Jobs.CodeGen.JobsILPostProcessor, zzzUnity.Burst.CodeGen.BurstILPostProcessor
[40m[32minfo[39m[22m[49m: Unity.ILPP.Runner.PostProcessingPipeline[0]
      processors: Unity.Jobs.CodeGen.JobsILPostProcessor, zzzUnity.Burst.CodeGen.BurstILPostProcessor
[40m[32minfo[39m[22m[49m: Unity.ILPP.Runner.PostProcessingPipeline[0]
      running Unity.Jobs.CodeGen.JobsILPostProcessor
[40m[32minfo[39m[22m[49m: Microsoft.AspNetCore.Hosting.Diagnostics[1]
      Request starting HTTP/2 POST http://ilpp/UnityILPP.PostProcessing/PostProcessAssembly application/grpc -
[40m[32minfo[39m[22m[49m: Microsoft.AspNetCore.Routing.EndpointMiddleware[0]
      Executing endpoint 'gRPC - /UnityILPP.PostProcessing/PostProcessAssembly'
[40m[32minfo[39m[22m[49m: Unity.ILPP.Runner.PostProcessingPipeline[0]
      Processing assembly Library/Bee/artifacts/2400b0aE.dag/Unity.AI.Toolkit.Async.dll, with 132 defines and 318 references
[40m[32minfo[39m[22m[49m: Unity.ILPP.Runner.PostProcessingPipeline[0]
      processors: Unity.Jobs.CodeGen.JobsILPostProcessor, zzzUnity.Burst.CodeGen.BurstILPostProcessor
[40m[32minfo[39m[22m[49m: Unity.ILPP.Runner.PostProcessingPipeline[0]
      running Unity.Jobs.CodeGen.JobsILPostProcessor
[40m[32minfo[39m[22m[49m: Unity.ILPP.Runner.PostProcessingPipeline[0]
      running zzzUnity.Burst.CodeGen.BurstILPostProcessor
[40m[32minfo[39m[22m[49m: Microsoft.AspNetCore.Routing.EndpointMiddleware[1]
      Executed endpoint 'gRPC - /UnityILPP.PostProcessing/PostProcessAssembly'
[40m[32minfo[39m[22m[49m: Microsoft.AspNetCore.Hosting.Diagnostics[2]
      Request finished HTTP/2 POST http://ilpp/UnityILPP.PostProcessing/PostProcessAssembly application/grpc - - 200 - application/grpc 6.1357ms
[40m[32minfo[39m[22m[49m: Unity.ILPP.Runner.PostProcessingPipeline[0]
      running Unity.Jobs.CodeGen.JobsILPostProcessor
[40m[32minfo[39m[22m[49m: Unity.ILPP.Runner.PostProcessingPipeline[0]
      running zzzUnity.Burst.CodeGen.BurstILPostProcessor
[40m[32minfo[39m[22m[49m: Unity.ILPP.Runner.PostProcessingPipeline[0]
      running Unity.Jobs.CodeGen.JobsILPostProcessor
[40m[32minfo[39m[22m[49m: Unity.ILPP.Runner.PostProcessingPipeline[0]
      running zzzUnity.Burst.CodeGen.BurstILPostProcessor
[40m[32minfo[39m[22m[49m: Microsoft.AspNetCore.Routing.EndpointMiddleware[1]
      Executed endpoint 'gRPC - /UnityILPP.PostProcessing/PostProcessAssembly'
[40m[32minfo[39m[22m[49m: Microsoft.AspNetCore.Routing.EndpointMiddleware[1]
      Executed endpoint 'gRPC - /UnityILPP.PostProcessing/PostProcessAssembly'
[40m[32minfo[39m[22m[49m: Microsoft.AspNetCore.Hosting.Diagnostics[2]
      Request finished HTTP/2 POST http://ilpp/UnityILPP.PostProcessing/PostProcessAssembly application/grpc - - 200 - application/grpc 8.7386ms
[40m[32minfo[39m[22m[49m: Microsoft.AspNetCore.Hosting.Diagnostics[2]
      Request finished HTTP/2 POST http://ilpp/UnityILPP.PostProcessing/PostProcessAssembly application/grpc - - 200 - application/grpc 10.5098ms
[40m[32minfo[39m[22m[49m: Microsoft.AspNetCore.Routing.EndpointMiddleware[1]
      Executed endpoint 'gRPC - /UnityILPP.PostProcessing/PostProcessAssembly'
[40m[32minfo[39m[22m[49m: Microsoft.AspNetCore.Hosting.Diagnostics[2]
      Request finished HTTP/2 POST http://ilpp/UnityILPP.PostProcessing/PostProcessAssembly application/grpc - - 200 - application/grpc 14.5374ms
[40m[32minfo[39m[22m[49m: Microsoft.AspNetCore.Hosting.Diagnostics[1]
      Request starting HTTP/2 POST http://ilpp/UnityILPP.PostProcessing/PostProcessAssembly application/grpc -
[40m[32minfo[39m[22m[49m: Microsoft.AspNetCore.Routing.EndpointMiddleware[0]
      Executing endpoint 'gRPC - /UnityILPP.PostProcessing/PostProcessAssembly'
[40m[32minfo[39m[22m[49m: Unity.ILPP.Runner.PostProcessingPipeline[0]
      Processing assembly Library/Bee/artifacts/2400b0aE.dag/Unity.AI.Assistant.Annotations.Editor.dll, with 132 defines and 318 references
[40m[32minfo[39m[22m[49m: Unity.ILPP.Runner.PostProcessingPipeline[0]
      processors: Unity.Jobs.CodeGen.JobsILPostProcessor, zzzUnity.Burst.CodeGen.BurstILPostProcessor
[40m[32minfo[39m[22m[49m: Unity.ILPP.Runner.PostProcessingPipeline[0]
      running Unity.Jobs.CodeGen.JobsILPostProcessor
[40m[32minfo[39m[22m[49m: Unity.ILPP.Runner.PostProcessingPipeline[0]
      running Unity.Jobs.CodeGen.JobsILPostProcessor
[40m[32minfo[39m[22m[49m: Unity.ILPP.Runner.PostProcessingPipeline[0]
      running zzzUnity.Burst.CodeGen.BurstILPostProcessor
[40m[32minfo[39m[22m[49m: Unity.ILPP.Runner.PostProcessingPipeline[0]
      running zzzUnity.Burst.CodeGen.BurstILPostProcessor
[40m[32minfo[39m[22m[49m: Microsoft.AspNetCore.Hosting.Diagnostics[2]
      Request finished HTTP/2 POST http://ilpp/UnityILPP.PostProcessing/PostProcessAssembly application/grpc - - 200 - application/grpc 10.6820ms
[40m[32minfo[39m[22m[49m: Microsoft.AspNetCore.Routing.EndpointMiddleware[1]
      Executed endpoint 'gRPC - /UnityILPP.PostProcessing/PostProcessAssembly'
[40m[32minfo[39m[22m[49m: Microsoft.AspNetCore.Hosting.Diagnostics[2]
      Request finished HTTP/2 POST http://ilpp/UnityILPP.PostProcessing/PostProcessAssembly application/grpc - - 200 - application/grpc 12.7239ms
[40m[32minfo[39m[22m[49m: Microsoft.AspNetCore.Routing.EndpointMiddleware[1]
      Executed endpoint 'gRPC - /UnityILPP.PostProcessing/PostProcessAssembly'
[40m[32minfo[39m[22m[49m: Microsoft.AspNetCore.Hosting.Diagnostics[2]
      Request finished HTTP/2 POST http://ilpp/UnityILPP.PostProcessing/PostProcessAssembly application/grpc - - 200 - application/grpc 16.9114ms
[40m[32minfo[39m[22m[49m: Unity.ILPP.Runner.PostProcessingPipeline[0]
      Processing assembly Library/Bee/artifacts/2400b0aE.dag/com.IvanMurzak.Unity.MCP.DependencyResolver.dll, with 132 defines and 266 references
[40m[32minfo[39m[22m[49m: Unity.ILPP.Runner.PostProcessingPipeline[0]
      processors: Unity.Jobs.CodeGen.JobsILPostProcessor, zzzUnity.Burst.CodeGen.BurstILPostProcessor
[40m[32minfo[39m[22m[49m: Microsoft.AspNetCore.Hosting.Diagnostics[1]
      Request starting HTTP/2 POST http://ilpp/UnityILPP.PostProcessing/PostProcessAssembly application/grpc -
[40m[32minfo[39m[22m[49m: Microsoft.AspNetCore.Routing.EndpointMiddleware[0]
      Executing endpoint 'gRPC - /UnityILPP.PostProcessing/PostProcessAssembly'
[40m[32minfo[39m[22m[49m: Unity.ILPP.Runner.PostProcessingPipeline[0]
      Processing assembly Library/Bee/artifacts/2400b0aE.dag/HFDownloader.dll, with 132 defines and 267 references
[40m[32minfo[39m[22m[49m: Unity.ILPP.Runner.PostProcessingPipeline[0]
      processors: Unity.Jobs.CodeGen.JobsILPostProcessor, zzzUnity.Burst.CodeGen.BurstILPostProcessor
[40m[32minfo[39m[22m[49m: Unity.ILPP.Runner.PostProcessingPipeline[0]
      running Unity.Jobs.CodeGen.JobsILPostProcessor
[40m[32minfo[39m[22m[49m: Microsoft.AspNetCore.Hosting.Diagnostics[1]
      Request starting HTTP/2 POST http://ilpp/UnityILPP.PostProcessing/PostProcessAssembly application/grpc -
[40m[32minfo[39m[22m[49m: Unity.ILPP.Runner.PostProcessingPipeline[0]
      running zzzUnity.Burst.CodeGen.BurstILPostProcessor
[40m[32minfo[39m[22m[49m: Microsoft.AspNetCore.Routing.EndpointMiddleware[0]
      Executing endpoint 'gRPC - /UnityILPP.PostProcessing/PostProcessAssembly'
[40m[32minfo[39m[22m[49m: Unity.ILPP.Runner.PostProcessingPipeline[0]
      Processing assembly Library/Bee/artifacts/2400b0aE.dag/Unity.AI.Generators.UI.dll, with 132 defines and 278 references
[40m[32minfo[39m[22m[49m: Unity.ILPP.Runner.PostProcessingPipeline[0]
      processors: Unity.Jobs.CodeGen.JobsILPostProcessor, zzzUnity.Burst.CodeGen.BurstILPostProcessor
[40m[32minfo[39m[22m[49m: Unity.ILPP.Runner.PostProcessingPipeline[0]
      running Unity.Jobs.CodeGen.JobsILPostProcessor
[40m[32minfo[39m[22m[49m: Unity.ILPP.Runner.PostProcessingPipeline[0]
      running zzzUnity.Burst.CodeGen.BurstILPostProcessor
[40m[32minfo[39m[22m[49m: Unity.ILPP.Runner.PostProcessingPipeline[0]
      running Unity.Jobs.CodeGen.JobsILPostProcessor
[40m[32minfo[39m[22m[49m: Unity.ILPP.Runner.PostProcessingPipeline[0]
      running zzzUnity.Burst.CodeGen.BurstILPostProcessor
[40m[32minfo[39m[22m[49m: Microsoft.AspNetCore.Routing.EndpointMiddleware[1]
      Executed endpoint 'gRPC - /UnityILPP.PostProcessing/PostProcessAssembly'
[40m[32minfo[39m[22m[49m: Microsoft.AspNetCore.Hosting.Diagnostics[2]
      Request finished HTTP/2 POST http://ilpp/UnityILPP.PostProcessing/PostProcessAssembly application/grpc - - 200 - application/grpc 18.7430ms
[40m[32minfo[39m[22m[49m: Microsoft.AspNetCore.Routing.EndpointMiddleware[1]
      Executed endpoint 'gRPC - /UnityILPP.PostProcessing/PostProcessAssembly'
[40m[32minfo[39m[22m[49m: Microsoft.AspNetCore.Hosting.Diagnostics[2]
      Request finished HTTP/2 POST http://ilpp/UnityILPP.PostProcessing/PostProcessAssembly application/grpc - - 200 - application/grpc 20.3651ms
[40m[32minfo[39m[22m[49m: Microsoft.AspNetCore.Routing.EndpointMiddleware[1]
      Executed endpoint 'gRPC - /UnityILPP.PostProcessing/PostProcessAssembly'
[40m[32minfo[39m[22m[49m: Microsoft.AspNetCore.Hosting.Diagnostics[2]
      Request finished HTTP/2 POST http://ilpp/UnityILPP.PostProcessing/PostProcessAssembly application/grpc - - 200 - application/grpc 26.3725ms
[40m[32minfo[39m[22m[49m: Microsoft.AspNetCore.Hosting.Diagnostics[1]
      Request starting HTTP/2 POST http://ilpp/UnityILPP.PostProcessing/PostProcessAssembly application/grpc -
[40m[32minfo[39m[22m[49m: Microsoft.AspNetCore.Routing.EndpointMiddleware[0]
      Executing endpoint 'gRPC - /UnityILPP.PostProcessing/PostProcessAssembly'
[40m[32minfo[39m[22m[49m: Unity.ILPP.Runner.PostProcessingPipeline[0]
      Processing assembly Library/Bee/artifacts/2400b0aE.dag/Unity.AI.Generators.Sdk.dll, with 132 defines and 322 references
[40m[32minfo[39m[22m[49m: Unity.ILPP.Runner.PostProcessingPipeline[0]
      processors: Unity.Jobs.CodeGen.JobsILPostProcessor, zzzUnity.Burst.CodeGen.BurstILPostProcessor
[40m[32minfo[39m[22m[49m: Unity.ILPP.Runner.PostProcessingPipeline[0]
      running Unity.Jobs.CodeGen.JobsILPostProcessor
[40m[32minfo[39m[22m[49m: Unity.ILPP.Runner.PostProcessingPipeline[0]
      running zzzUnity.Burst.CodeGen.BurstILPostProcessor
[40m[32minfo[39m[22m[49m: Microsoft.AspNetCore.Routing.EndpointMiddleware[1]
      Executed endpoint 'gRPC - /UnityILPP.PostProcessing/PostProcessAssembly'
[40m[32minfo[39m[22m[49m: Microsoft.AspNetCore.Hosting.Diagnostics[2]
      Request finished HTTP/2 POST http://ilpp/UnityILPP.PostProcessing/PostProcessAssembly application/grpc - - 200 - application/grpc 5.8236ms
[40m[32minfo[39m[22m[49m: Microsoft.AspNetCore.Hosting.Diagnostics[1]
      Request starting HTTP/2 POST http://ilpp/UnityILPP.PostProcessing/PostProcessAssembly application/grpc -
[40m[32minfo[39m[22m[49m: Microsoft.AspNetCore.Routing.EndpointMiddleware[0]
      Executing endpoint 'gRPC - /UnityILPP.PostProcessing/PostProcessAssembly'
[40m[32minfo[39m[22m[49m: Unity.ILPP.Runner.PostProcessingPipeline[0]
      Processing assembly Library/Bee/artifacts/2400b0aE.dag/Unity.AI.Toolkit.Utility.dll, with 132 defines and 318 references
[40m[32minfo[39m[22m[49m: Unity.ILPP.Runner.PostProcessingPipeline[0]
      processors: Unity.Jobs.CodeGen.JobsILPostProcessor, zzzUnity.Burst.CodeGen.BurstILPostProcessor
[40m[32minfo[39m[22m[49m: Unity.ILPP.Runner.PostProcessingPipeline[0]
      running Unity.Jobs.CodeGen.JobsILPostProcessor
[40m[32minfo[39m[22m[49m: Unity.ILPP.Runner.PostProcessingPipeline[0]
      running zzzUnity.Burst.CodeGen.BurstILPostProcessor
[40m[32minfo[39m[22m[49m: Microsoft.AspNetCore.Routing.EndpointMiddleware[1]
      Executed endpoint 'gRPC - /UnityILPP.PostProcessing/PostProcessAssembly'
[40m[32minfo[39m[22m[49m: Microsoft.AspNetCore.Hosting.Diagnostics[2]
      Request finished HTTP/2 POST http://ilpp/UnityILPP.PostProcessing/PostProcessAssembly application/grpc - - 200 - application/grpc 1.8150ms
[40m[32minfo[39m[22m[49m: Microsoft.AspNetCore.Hosting.Diagnostics[1]
      Request starting HTTP/2 POST http://ilpp/UnityILPP.PostProcessing/PostProcessAssembly application/grpc -
[40m[32minfo[39m[22m[49m: Microsoft.AspNetCore.Routing.EndpointMiddleware[0]
      Executing endpoint 'gRPC - /UnityILPP.PostProcessing/PostProcessAssembly'
[40m[32minfo[39m[22m[49m: Unity.ILPP.Runner.PostProcessingPipeline[0]
      Processing assembly Library/Bee/artifacts/2400b0aE.dag/Unity.Mathematics.Editor.dll, with 132 defines and 319 references
[40m[32minfo[39m[22m[49m: Unity.ILPP.Runner.PostProcessingPipeline[0]
      processors: Unity.Jobs.CodeGen.JobsILPostProcessor, zzzUnity.Burst.CodeGen.BurstILPostProcessor
[40m[32minfo[39m[22m[49m: Unity.ILPP.Runner.PostProcessingPipeline[0]
      running Unity.Jobs.CodeGen.JobsILPostProcessor
[40m[32minfo[39m[22m[49m: Unity.ILPP.Runner.PostProcessingPipeline[0]
      running zzzUnity.Burst.CodeGen.BurstILPostProcessor
[40m[32minfo[39m[22m[49m: Microsoft.AspNetCore.Routing.EndpointMiddleware[1]
      Executed endpoint 'gRPC - /UnityILPP.PostProcessing/PostProcessAssembly'
[40m[32minfo[39m[22m[49m: Microsoft.AspNetCore.Hosting.Diagnostics[2]
      Request finished HTTP/2 POST http://ilpp/UnityILPP.PostProcessing/PostProcessAssembly application/grpc - - 200 - application/grpc 2.8767ms
[40m[32minfo[39m[22m[49m: Microsoft.AspNetCore.Hosting.Diagnostics[1]
      Request starting HTTP/2 POST http://ilpp/UnityILPP.PostProcessing/PostProcessAssembly application/grpc -
[40m[32minfo[39m[22m[49m: Microsoft.AspNetCore.Routing.EndpointMiddleware[0]
      Executing endpoint 'gRPC - /UnityILPP.PostProcessing/PostProcessAssembly'
[40m[32minfo[39m[22m[49m: Unity.ILPP.Runner.PostProcessingPipeline[0]
      Processing assembly Library/Bee/artifacts/2400b0aE.dag/Unity.AI.Pbr.Srp.dll, with 132 defines and 319 references
[40m[32minfo[39m[22m[49m: Unity.ILPP.Runner.PostProcessingPipeline[0]
      processors: Unity.Jobs.CodeGen.JobsILPostProcessor, zzzUnity.Burst.CodeGen.BurstILPostProcessor
[40m[32minfo[39m[22m[49m: Unity.ILPP.Runner.PostProcessingPipeline[0]
      running Unity.Jobs.CodeGen.JobsILPostProcessor
[40m[32minfo[39m[22m[49m: Unity.ILPP.Runner.PostProcessingPipeline[0]
      running zzzUnity.Burst.CodeGen.BurstILPostProcessor
[40m[32minfo[39m[22m[49m: Microsoft.AspNetCore.Routing.EndpointMiddleware[1]
      Executed endpoint 'gRPC - /UnityILPP.PostProcessing/PostProcessAssembly'
[40m[32minfo[39m[22m[49m: Microsoft.AspNetCore.Hosting.Diagnostics[2]
      Request finished HTTP/2 POST http://ilpp/UnityILPP.PostProcessing/PostProcessAssembly application/grpc - - 200 - application/grpc 2.1496ms
[40m[32minfo[39m[22m[49m: Microsoft.AspNetCore.Hosting.Diagnostics[1]
      Request starting HTTP/2 POST http://ilpp/UnityILPP.PostProcessing/PostProcessAssembly application/grpc -
[40m[32minfo[39m[22m[49m: Microsoft.AspNetCore.Routing.EndpointMiddleware[0]
      Executing endpoint 'gRPC - /UnityILPP.PostProcessing/PostProcessAssembly'
[40m[32minfo[39m[22m[49m: Unity.ILPP.Runner.PostProcessingPipeline[0]
      Processing assembly Library/Bee/artifacts/2400b0aE.dag/Unity.2D.Sprite.Editor.dll, with 132 defines and 318 references
[40m[32minfo[39m[22m[49m: Unity.ILPP.Runner.PostProcessingPipeline[0]
      processors: Unity.Jobs.CodeGen.JobsILPostProcessor, zzzUnity.Burst.CodeGen.BurstILPostProcessor
[40m[32minfo[39m[22m[49m: Unity.ILPP.Runner.PostProcessingPipeline[0]
      running Unity.Jobs.CodeGen.JobsILPostProcessor
[40m[32minfo[39m[22m[49m: Unity.ILPP.Runner.PostProcessingPipeline[0]
      running zzzUnity.Burst.CodeGen.BurstILPostProcessor
[40m[32minfo[39m[22m[49m: Microsoft.AspNetCore.Routing.EndpointMiddleware[1]
      Executed endpoint 'gRPC - /UnityILPP.PostProcessing/PostProcessAssembly'
[40m[32minfo[39m[22m[49m: Microsoft.AspNetCore.Hosting.Diagnostics[2]
      Request finished HTTP/2 POST http://ilpp/UnityILPP.PostProcessing/PostProcessAssembly application/grpc - - 200 - application/grpc 5.4980ms
[40m[32minfo[39m[22m[49m: Microsoft.AspNetCore.Hosting.Diagnostics[1]
      Request starting HTTP/2 POST http://ilpp/UnityILPP.PostProcessing/PostProcessAssembly application/grpc -
[40m[32minfo[39m[22m[49m: Microsoft.AspNetCore.Routing.EndpointMiddleware[0]
      Executing endpoint 'gRPC - /UnityILPP.PostProcessing/PostProcessAssembly'
[40m[32minfo[39m[22m[49m: Unity.ILPP.Runner.PostProcessingPipeline[0]
      Processing assembly Library/Bee/artifacts/2400b0aE.dag/Unity.AI.Generators.IO.Srp.dll, with 132 defines and 318 references
[40m[32minfo[39m[22m[49m: Unity.ILPP.Runner.PostProcessingPipeline[0]
      processors: Unity.Jobs.CodeGen.JobsILPostProcessor, zzzUnity.Burst.CodeGen.BurstILPostProcessor
[40m[32minfo[39m[22m[49m: Unity.ILPP.Runner.PostProcessingPipeline[0]
      running Unity.Jobs.CodeGen.JobsILPostProcessor
[40m[32minfo[39m[22m[49m: Unity.ILPP.Runner.PostProcessingPipeline[0]
      running zzzUnity.Burst.CodeGen.BurstILPostProcessor
[40m[32minfo[39m[22m[49m: Microsoft.AspNetCore.Routing.EndpointMiddleware[1]
      Executed endpoint 'gRPC - /UnityILPP.PostProcessing/PostProcessAssembly'
[40m[32minfo[39m[22m[49m: Microsoft.AspNetCore.Hosting.Diagnostics[2]
      Request finished HTTP/2 POST http://ilpp/UnityILPP.PostProcessing/PostProcessAssembly application/grpc - - 200 - application/grpc 3.2134ms
[40m[32minfo[39m[22m[49m: Microsoft.AspNetCore.Hosting.Diagnostics[1]
      Request starting HTTP/2 POST http://ilpp/UnityILPP.PostProcessing/PostProcessAssembly application/grpc -
[40m[32minfo[39m[22m[49m: Microsoft.AspNetCore.Routing.EndpointMiddleware[0]
      Executing endpoint 'gRPC - /UnityILPP.PostProcessing/PostProcessAssembly'
[40m[32minfo[39m[22m[49m: Unity.ILPP.Runner.PostProcessingPipeline[0]
      Processing assembly Library/Bee/artifacts/2400b0aE.dag/Unity.Addressables.DocExampleCode.Editor.Tests.dll, with 134 defines and 270 references
[40m[32minfo[39m[22m[49m: Unity.ILPP.Runner.PostProcessingPipeline[0]
      processors: Unity.Jobs.CodeGen.JobsILPostProcessor, zzzUnity.Burst.CodeGen.BurstILPostProcessor
[40m[32minfo[39m[22m[49m: Unity.ILPP.Runner.PostProcessingPipeline[0]
      running Unity.Jobs.CodeGen.JobsILPostProcessor
[40m[32minfo[39m[22m[49m: Unity.ILPP.Runner.PostProcessingPipeline[0]
      running zzzUnity.Burst.CodeGen.BurstILPostProcessor
[40m[32minfo[39m[22m[49m: Microsoft.AspNetCore.Hosting.Diagnostics[1]
      Request starting HTTP/2 POST http://ilpp/UnityILPP.PostProcessing/PostProcessAssembly application/grpc -
[40m[32minfo[39m[22m[49m: Microsoft.AspNetCore.Routing.EndpointMiddleware[0]
      Executing endpoint 'gRPC - /UnityILPP.PostProcessing/PostProcessAssembly'
[40m[32minfo[39m[22m[49m: Microsoft.AspNetCore.Routing.EndpointMiddleware[1]
      Executed endpoint 'gRPC - /UnityILPP.PostProcessing/PostProcessAssembly'
[40m[32minfo[39m[22m[49m: Microsoft.AspNetCore.Hosting.Diagnostics[1]
      Request starting HTTP/2 POST http://ilpp/UnityILPP.PostProcessing/PostProcessAssembly application/grpc -
[40m[32minfo[39m[22m[49m: Microsoft.AspNetCore.Routing.EndpointMiddleware[0]
      Executing endpoint 'gRPC - /UnityILPP.PostProcessing/PostProcessAssembly'
[40m[32minfo[39m[22m[49m: Microsoft.AspNetCore.Hosting.Diagnostics[2]
      Request finished HTTP/2 POST http://ilpp/UnityILPP.PostProcessing/PostProcessAssembly application/grpc - - 200 - application/grpc 4.4903ms
[40m[32minfo[39m[22m[49m: Unity.ILPP.Runner.PostProcessingPipeline[0]
      Processing assembly Library/Bee/artifacts/2400b0aE.dag/Unity.AI.Toolkit.GenerationContextMenu.dll, with 132 defines and 319 references
[40m[32minfo[39m[22m[49m: Unity.ILPP.Runner.PostProcessingPipeline[0]
      processors: Unity.Jobs.CodeGen.JobsILPostProcessor, zzzUnity.Burst.CodeGen.BurstILPostProcessor
[40m[32minfo[39m[22m[49m: Unity.ILPP.Runner.PostProcessingPipeline[0]
      Processing assembly Library/Bee/artifacts/2400b0aE.dag/Unity.AI.Search.Editor.dll, with 133 defines and 275 references
[40m[32minfo[39m[22m[49m: Unity.ILPP.Runner.PostProcessingPipeline[0]
      processors: Unity.Jobs.CodeGen.JobsILPostProcessor, zzzUnity.Burst.CodeGen.BurstILPostProcessor
[40m[32minfo[39m[22m[49m: Unity.ILPP.Runner.PostProcessingPipeline[0]
      running Unity.Jobs.CodeGen.JobsILPostProcessor
[40m[32minfo[39m[22m[49m: Unity.ILPP.Runner.PostProcessingPipeline[0]
      running zzzUnity.Burst.CodeGen.BurstILPostProcessor
[40m[32minfo[39m[22m[49m: Unity.ILPP.Runner.PostProcessingPipeline[0]
      running Unity.Jobs.CodeGen.JobsILPostProcessor
[40m[32minfo[39m[22m[49m: Unity.ILPP.Runner.PostProcessingPipeline[0]
      running zzzUnity.Burst.CodeGen.BurstILPostProcessor
[40m[32minfo[39m[22m[49m: Microsoft.AspNetCore.Routing.EndpointMiddleware[1]
      Executed endpoint 'gRPC - /UnityILPP.PostProcessing/PostProcessAssembly'
[40m[32minfo[39m[22m[49m: Microsoft.AspNetCore.Hosting.Diagnostics[2]
      Request finished HTTP/2 POST http://ilpp/UnityILPP.PostProcessing/PostProcessAssembly application/grpc - - 200 - application/grpc 4.5663ms
[40m[32minfo[39m[22m[49m: Microsoft.AspNetCore.Routing.EndpointMiddleware[1]
      Executed endpoint 'gRPC - /UnityILPP.PostProcessing/PostProcessAssembly'
[40m[32minfo[39m[22m[49m: Microsoft.AspNetCore.Hosting.Diagnostics[2]
      Request finished HTTP/2 POST http://ilpp/UnityILPP.PostProcessing/PostProcessAssembly application/grpc - - 200 - application/grpc 5.8139ms
[40m[32minfo[39m[22m[49m: Microsoft.AspNetCore.Hosting.Diagnostics[1]
      Request starting HTTP/2 POST http://ilpp/UnityILPP.PostProcessing/PostProcessAssembly application/grpc -
[40m[32minfo[39m[22m[49m: Microsoft.AspNetCore.Routing.EndpointMiddleware[0]
      Executing endpoint 'gRPC - /UnityILPP.PostProcessing/PostProcessAssembly'
[40m[32minfo[39m[22m[49m: Unity.ILPP.Runner.PostProcessingPipeline[0]
      Processing assembly Library/Bee/artifacts/2400b0aE.dag/Unity.AppUI.Editor.dll, with 134 defines and 321 references
[40m[32minfo[39m[22m[49m: Unity.ILPP.Runner.PostProcessingPipeline[0]
      processors: Unity.Jobs.CodeGen.JobsILPostProcessor, zzzUnity.Burst.CodeGen.BurstILPostProcessor
[40m[32minfo[39m[22m[49m: Unity.ILPP.Runner.PostProcessingPipeline[0]
      running Unity.Jobs.CodeGen.JobsILPostProcessor
[40m[32minfo[39m[22m[49m: Unity.ILPP.Runner.PostProcessingPipeline[0]
      running zzzUnity.Burst.CodeGen.BurstILPostProcessor
[40m[32minfo[39m[22m[49m: Microsoft.AspNetCore.Routing.EndpointMiddleware[1]
      Executed endpoint 'gRPC - /UnityILPP.PostProcessing/PostProcessAssembly'
[40m[32minfo[39m[22m[49m: Microsoft.AspNetCore.Hosting.Diagnostics[2]
      Request finished HTTP/2 POST http://ilpp/UnityILPP.PostProcessing/PostProcessAssembly application/grpc - - 200 - application/grpc 2.7135ms
[40m[32minfo[39m[22m[49m: Microsoft.AspNetCore.Hosting.Diagnostics[1]
      Request starting HTTP/2 POST http://ilpp/UnityILPP.PostProcessing/PostProcessAssembly application/grpc -
[40m[32minfo[39m[22m[49m: Microsoft.AspNetCore.Routing.EndpointMiddleware[0]
      Executing endpoint 'gRPC - /UnityILPP.PostProcessing/PostProcessAssembly'
[40m[32minfo[39m[22m[49m: Unity.ILPP.Runner.PostProcessingPipeline[0]
      Processing assembly Library/Bee/artifacts/2400b0aE.dag/Unity.InferenceEngine.Microsoft.Msagl.dll, with 132 defines and 318 references
[40m[32minfo[39m[22m[49m: Unity.ILPP.Runner.PostProcessingPipeline[0]
      processors: Unity.Jobs.CodeGen.JobsILPostProcessor, zzzUnity.Burst.CodeGen.BurstILPostProcessor
[40m[32minfo[39m[22m[49m: Unity.ILPP.Runner.PostProcessingPipeline[0]
      running Unity.Jobs.CodeGen.JobsILPostProcessor
[40m[32minfo[39m[22m[49m: Unity.ILPP.Runner.PostProcessingPipeline[0]
      running zzzUnity.Burst.CodeGen.BurstILPostProcessor
[40m[32minfo[39m[22m[49m: Microsoft.AspNetCore.Hosting.Diagnostics[1]
      Request starting HTTP/2 POST http://ilpp/UnityILPP.PostProcessing/PostProcessAssembly application/grpc -
[40m[32minfo[39m[22m[49m: Microsoft.AspNetCore.Routing.EndpointMiddleware[0]
      Executing endpoint 'gRPC - /UnityILPP.PostProcessing/PostProcessAssembly'
[40m[32minfo[39m[22m[49m: Unity.ILPP.Runner.PostProcessingPipeline[0]
      Processing assembly Library/Bee/artifacts/2400b0aE.dag/Unity.AI.Assistant.Bridge.Editor.dll, with 132 defines and 318 references
[40m[32minfo[39m[22m[49m: Unity.ILPP.Runner.PostProcessingPipeline[0]
      processors: Unity.Jobs.CodeGen.JobsILPostProcessor, zzzUnity.Burst.CodeGen.BurstILPostProcessor
[40m[32minfo[39m[22m[49m: Unity.ILPP.Runner.PostProcessingPipeline[0]
      running Unity.Jobs.CodeGen.JobsILPostProcessor
[40m[32minfo[39m[22m[49m: Microsoft.AspNetCore.Routing.EndpointMiddleware[1]
      Executed endpoint 'gRPC - /UnityILPP.PostProcessing/PostProcessAssembly'
[40m[32minfo[39m[22m[49m: Microsoft.AspNetCore.Hosting.Diagnostics[2]
      Request finished HTTP/2 POST http://ilpp/UnityILPP.PostProcessing/PostProcessAssembly application/grpc - - 200 - application/grpc 16.8206ms
[40m[32minfo[39m[22m[49m: Unity.ILPP.Runner.PostProcessingPipeline[0]
      running zzzUnity.Burst.CodeGen.BurstILPostProcessor
[40m[32minfo[39m[22m[49m: Microsoft.AspNetCore.Routing.EndpointMiddleware[1]
      Executed endpoint 'gRPC - /UnityILPP.PostProcessing/PostProcessAssembly'
[40m[32minfo[39m[22m[49m: Microsoft.AspNetCore.Hosting.Diagnostics[2]
      Request finished HTTP/2 POST http://ilpp/UnityILPP.PostProcessing/PostProcessAssembly application/grpc - - 200 - application/grpc 2.6800ms
[40m[32minfo[39m[22m[49m: Microsoft.AspNetCore.Hosting.Diagnostics[1]
      Request starting HTTP/2 POST http://ilpp/UnityILPP.PostProcessing/PostProcessAssembly application/grpc -
[40m[32minfo[39m[22m[49m: Microsoft.AspNetCore.Routing.EndpointMiddleware[0]
      Executing endpoint 'gRPC - /UnityILPP.PostProcessing/PostProcessAssembly'
[40m[32minfo[39m[22m[49m: Unity.ILPP.Runner.PostProcessingPipeline[0]
      Processing assembly Library/Bee/artifacts/2400b0aE.dag/Unity.AI.Toolkit.Accounts.dll, with 132 defines and 320 references
[40m[32minfo[39m[22m[49m: Unity.ILPP.Runner.PostProcessingPipeline[0]
      processors: Unity.Jobs.CodeGen.JobsILPostProcessor, zzzUnity.Burst.CodeGen.BurstILPostProcessor
[40m[32minfo[39m[22m[49m: Unity.ILPP.Runner.PostProcessingPipeline[0]
      running Unity.Jobs.CodeGen.JobsILPostProcessor
[40m[32minfo[39m[22m[49m: Unity.ILPP.Runner.PostProcessingPipeline[0]
      running zzzUnity.Burst.CodeGen.BurstILPostProcessor
[40m[32minfo[39m[22m[49m: Microsoft.AspNetCore.Routing.EndpointMiddleware[1]
      Executed endpoint 'gRPC - /UnityILPP.PostProcessing/PostProcessAssembly'
[40m[32minfo[39m[22m[49m: Microsoft.AspNetCore.Hosting.Diagnostics[2]
      Request finished HTTP/2 POST http://ilpp/UnityILPP.PostProcessing/PostProcessAssembly application/grpc - - 200 - application/grpc 5.7708ms
[40m[32minfo[39m[22m[49m: Microsoft.AspNetCore.Hosting.Diagnostics[1]
      Request starting HTTP/2 POST http://ilpp/UnityILPP.PostProcessing/PostProcessAssembly application/grpc -
[40m[32minfo[39m[22m[49m: Microsoft.AspNetCore.Hosting.Diagnostics[1]
      Request starting HTTP/2 POST http://ilpp/UnityILPP.PostProcessing/PostProcessAssembly application/grpc -
[40m[32minfo[39m[22m[49m: Microsoft.AspNetCore.Routing.EndpointMiddleware[0]
      Executing endpoint 'gRPC - /UnityILPP.PostProcessing/PostProcessAssembly'
[40m[32minfo[39m[22m[49m: Microsoft.AspNetCore.Routing.EndpointMiddleware[0]
      Executing endpoint 'gRPC - /UnityILPP.PostProcessing/PostProcessAssembly'
[40m[32minfo[39m[22m[49m: Unity.ILPP.Runner.PostProcessingPipeline[0]
      Processing assembly Library/Bee/artifacts/2400b0aE.dag/Unity.AI.Toolkit.Asset.dll, with 132 defines and 319 references
[40m[32minfo[39m[22m[49m: Unity.ILPP.Runner.PostProcessingPipeline[0]
      processors: Unity.Jobs.CodeGen.JobsILPostProcessor, zzzUnity.Burst.CodeGen.BurstILPostProcessor
[40m[32minfo[39m[22m[49m: Unity.ILPP.Runner.PostProcessingPipeline[0]
      Processing assembly Library/Bee/artifacts/2400b0aE.dag/Unity.Addressables.Editor.dll, with 133 defines and 322 references
[40m[32minfo[39m[22m[49m: Unity.ILPP.Runner.PostProcessingPipeline[0]
      processors: Unity.Jobs.CodeGen.JobsILPostProcessor, zzzUnity.Burst.CodeGen.BurstILPostProcessor
[40m[32minfo[39m[22m[49m: Unity.ILPP.Runner.PostProcessingPipeline[0]
      running Unity.Jobs.CodeGen.JobsILPostProcessor
[40m[32minfo[39m[22m[49m: Unity.ILPP.Runner.PostProcessingPipeline[0]
      running zzzUnity.Burst.CodeGen.BurstILPostProcessor
[40m[32minfo[39m[22m[49m: Microsoft.AspNetCore.Routing.EndpointMiddleware[1]
      Executed endpoint 'gRPC - /UnityILPP.PostProcessing/PostProcessAssembly'
[40m[32minfo[39m[22m[49m: Microsoft.AspNetCore.Hosting.Diagnostics[2]
      Request finished HTTP/2 POST http://ilpp/UnityILPP.PostProcessing/PostProcessAssembly application/grpc - - 200 - application/grpc 4.7471ms
[40m[32minfo[39m[22m[49m: Unity.ILPP.Runner.PostProcessingPipeline[0]
      running Unity.Jobs.CodeGen.JobsILPostProcessor
[40m[32minfo[39m[22m[49m: Unity.ILPP.Runner.PostProcessingPipeline[0]
      running zzzUnity.Burst.CodeGen.BurstILPostProcessor
[40m[32minfo[39m[22m[49m: Microsoft.AspNetCore.Hosting.Diagnostics[1]
      Request starting HTTP/2 POST http://ilpp/UnityILPP.PostProcessing/PostProcessAssembly application/grpc -
[40m[32minfo[39m[22m[49m: Microsoft.AspNetCore.Routing.EndpointMiddleware[0]
      Executing endpoint 'gRPC - /UnityILPP.PostProcessing/PostProcessAssembly'
[40m[32minfo[39m[22m[49m: Unity.ILPP.Runner.PostProcessingPipeline[0]
      Processing assembly Library/Bee/artifacts/2400b0aE.dag/Unity.AI.Assistant.Agent.Dynamic.Extension.Editor.dll, with 132 defines and 318 references
[40m[32minfo[39m[22m[49m: Unity.ILPP.Runner.PostProcessingPipeline[0]
      processors: Unity.Jobs.CodeGen.JobsILPostProcessor, zzzUnity.Burst.CodeGen.BurstILPostProcessor
[40m[32minfo[39m[22m[49m: Unity.ILPP.Runner.PostProcessingPipeline[0]
      running Unity.Jobs.CodeGen.JobsILPostProcessor
[40m[32minfo[39m[22m[49m: Unity.ILPP.Runner.PostProcessingPipeline[0]
      running zzzUnity.Burst.CodeGen.BurstILPostProcessor
[40m[32minfo[39m[22m[49m: Microsoft.AspNetCore.Routing.EndpointMiddleware[1]
      Executed endpoint 'gRPC - /UnityILPP.PostProcessing/PostProcessAssembly'
[40m[32minfo[39m[22m[49m: Microsoft.AspNetCore.Hosting.Diagnostics[2]
      Request finished HTTP/2 POST http://ilpp/UnityILPP.PostProcessing/PostProcessAssembly application/grpc - - 200 - application/grpc 2.4102ms
[40m[32minfo[39m[22m[49m: Microsoft.AspNetCore.Routing.EndpointMiddleware[1]
      Executed endpoint 'gRPC - /UnityILPP.PostProcessing/PostProcessAssembly'
[40m[32minfo[39m[22m[49m: Microsoft.AspNetCore.Hosting.Diagnostics[2]
      Request finished HTTP/2 POST http://ilpp/UnityILPP.PostProcessing/PostProcessAssembly application/grpc - - 200 - application/grpc 21.2584ms
[40m[32minfo[39m[22m[49m: Microsoft.AspNetCore.Hosting.Diagnostics[1]
      Request starting HTTP/2 POST http://ilpp/UnityILPP.PostProcessing/PostProcessAssembly application/grpc -
[40m[32minfo[39m[22m[49m: Microsoft.AspNetCore.Routing.EndpointMiddleware[0]
      Executing endpoint 'gRPC - /UnityILPP.PostProcessing/PostProcessAssembly'
[40m[32minfo[39m[22m[49m: Unity.ILPP.Runner.PostProcessingPipeline[0]
      Processing assembly Library/Bee/artifacts/2400b0aE.dag/Unity.AI.ModelSelector.dll, with 132 defines and 327 references
[40m[32minfo[39m[22m[49m: Unity.ILPP.Runner.PostProcessingPipeline[0]
      processors: Unity.Jobs.CodeGen.JobsILPostProcessor, zzzUnity.Burst.CodeGen.BurstILPostProcessor
[40m[32minfo[39m[22m[49m: Unity.ILPP.Runner.PostProcessingPipeline[0]
      running Unity.Jobs.CodeGen.JobsILPostProcessor
[40m[32minfo[39m[22m[49m: Unity.ILPP.Runner.PostProcessingPipeline[0]
      running zzzUnity.Burst.CodeGen.BurstILPostProcessor
[40m[32minfo[39m[22m[49m: Microsoft.AspNetCore.Routing.EndpointMiddleware[1]
      Executed endpoint 'gRPC - /UnityILPP.PostProcessing/PostProcessAssembly'
[40m[32minfo[39m[22m[49m: Microsoft.AspNetCore.Hosting.Diagnostics[2]
      Request finished HTTP/2 POST http://ilpp/UnityILPP.PostProcessing/PostProcessAssembly application/grpc - - 200 - application/grpc 9.4551ms
[40m[32minfo[39m[22m[49m: Microsoft.AspNetCore.Hosting.Diagnostics[1]
      Request starting HTTP/2 POST http://ilpp/UnityILPP.PostProcessing/PostProcessAssembly application/grpc -
[40m[32minfo[39m[22m[49m: Microsoft.AspNetCore.Routing.EndpointMiddleware[0]
      Executing endpoint 'gRPC - /UnityILPP.PostProcessing/PostProcessAssembly'
[40m[32minfo[39m[22m[49m: Unity.ILPP.Runner.PostProcessingPipeline[0]
      Processing assembly Library/Bee/artifacts/2400b0aE.dag/Unity.InferenceEngine.Editor.dll, with 132 defines and 273 references
[40m[32minfo[39m[22m[49m: Unity.ILPP.Runner.PostProcessingPipeline[0]
      processors: Unity.Jobs.CodeGen.JobsILPostProcessor, zzzUnity.Burst.CodeGen.BurstILPostProcessor
[40m[32minfo[39m[22m[49m: Unity.ILPP.Runner.PostProcessingPipeline[0]
      running Unity.Jobs.CodeGen.JobsILPostProcessor
[40m[32minfo[39m[22m[49m: Microsoft.AspNetCore.Hosting.Diagnostics[1]
      Request starting HTTP/2 POST http://ilpp/UnityILPP.PostProcessing/PostProcessAssembly application/grpc -
[40m[32minfo[39m[22m[49m: Microsoft.AspNetCore.Routing.EndpointMiddleware[0]
      Executing endpoint 'gRPC - /UnityILPP.PostProcessing/PostProcessAssembly'
[40m[32minfo[39m[22m[49m: Unity.ILPP.Runner.PostProcessingPipeline[0]
      Processing assembly Library/Bee/artifacts/2400b0aE.dag/Unity.PerformanceTesting.Editor.dll, with 133 defines and 267 references
[40m[32minfo[39m[22m[49m: Unity.ILPP.Runner.PostProcessingPipeline[0]
      processors: Unity.Jobs.CodeGen.JobsILPostProcessor, zzzUnity.Burst.CodeGen.BurstILPostProcessor
[40m[32minfo[39m[22m[49m: Unity.ILPP.Runner.PostProcessingPipeline[0]
      running Unity.Jobs.CodeGen.JobsILPostProcessor
[40m[32minfo[39m[22m[49m: Unity.ILPP.Runner.PostProcessingPipeline[0]
      running zzzUnity.Burst.CodeGen.BurstILPostProcessor
[40m[32minfo[39m[22m[49m: Microsoft.AspNetCore.Routing.EndpointMiddleware[1]
      Executed endpoint 'gRPC - /UnityILPP.PostProcessing/PostProcessAssembly'
[40m[32minfo[39m[22m[49m: Microsoft.AspNetCore.Hosting.Diagnostics[2]
      Request finished HTTP/2 POST http://ilpp/UnityILPP.PostProcessing/PostProcessAssembly application/grpc - - 200 - application/grpc 1.1460ms
[40m[32minfo[39m[22m[49m: Unity.ILPP.Runner.PostProcessingAssemblyLoadContext[0]
      Resolved UnityEditor.CoreModule, Version=0.0.0.0, Culture=neutral, PublicKeyToken=null with /home/username01/Unity/Hub/Editor/6000.3.22f1/Editor/Data/Managed/UnityEngine/UnityEditor.CoreModule.dll
[40m[32minfo[39m[22m[49m: Microsoft.AspNetCore.Hosting.Diagnostics[1]
      Request starting HTTP/2 POST http://ilpp/UnityILPP.PostProcessing/PostProcessAssembly application/grpc -
[40m[32minfo[39m[22m[49m: Microsoft.AspNetCore.Routing.EndpointMiddleware[0]
      Executing endpoint 'gRPC - /UnityILPP.PostProcessing/PostProcessAssembly'
[40m[32minfo[39m[22m[49m: Unity.ILPP.Runner.PostProcessingPipeline[0]
      Processing assembly Library/Bee/artifacts/2400b0aE.dag/Unity.AI.Generators.IO.dll, with 132 defines and 323 references
[40m[32minfo[39m[22m[49m: Unity.ILPP.Runner.PostProcessingPipeline[0]
      processors: Unity.Jobs.CodeGen.JobsILPostProcessor, zzzUnity.Burst.CodeGen.BurstILPostProcessor
[40m[32minfo[39m[22m[49m: Unity.ILPP.Runner.PostProcessingPipeline[0]
      running Unity.Jobs.CodeGen.JobsILPostProcessor
[40m[32minfo[39m[22m[49m: Unity.ILPP.Runner.PostProcessingPipeline[0]
      running zzzUnity.Burst.CodeGen.BurstILPostProcessor
[40m[32minfo[39m[22m[49m: Microsoft.AspNetCore.Routing.EndpointMiddleware[1]
      Executed endpoint 'gRPC - /UnityILPP.PostProcessing/PostProcessAssembly'
[40m[32minfo[39m[22m[49m: Microsoft.AspNetCore.Hosting.Diagnostics[2]
      Request finished HTTP/2 POST http://ilpp/UnityILPP.PostProcessing/PostProcessAssembly application/grpc - - 200 - application/grpc 0.8968ms
[40m[32minfo[39m[22m[49m: Unity.ILPP.Runner.PostProcessingAssemblyLoadContext[0]
      Resolved UnityEngine.CoreModule, Version=0.0.0.0, Culture=neutral, PublicKeyToken=null with /home/username01/Unity/Hub/Editor/6000.3.22f1/Editor/Data/Managed/UnityEngine/UnityEngine.CoreModule.dll
[40m[32minfo[39m[22m[49m: Microsoft.AspNetCore.Hosting.Diagnostics[1]
      Request starting HTTP/2 POST http://ilpp/UnityILPP.PostProcessing/PostProcessAssembly application/grpc -
[40m[32minfo[39m[22m[49m: Microsoft.AspNetCore.Routing.EndpointMiddleware[0]
      Executing endpoint 'gRPC - /UnityILPP.PostProcessing/PostProcessAssembly'
[40m[32minfo[39m[22m[49m: Unity.ILPP.Runner.PostProcessingPipeline[0]
      Processing assembly Library/Bee/artifacts/2400b0aE.dag/Unity.Burst.Editor.dll, with 132 defines and 319 references
[40m[32minfo[39m[22m[49m: Unity.ILPP.Runner.PostProcessingPipeline[0]
      processors: Unity.Jobs.CodeGen.JobsILPostProcessor, zzzUnity.Burst.CodeGen.BurstILPostProcessor
[40m[32minfo[39m[22m[49m: Unity.ILPP.Runner.PostProcessingPipeline[0]
      running Unity.Jobs.CodeGen.JobsILPostProcessor
[40m[32minfo[39m[22m[49m: Unity.ILPP.Runner.PostProcessingPipeline[0]
      running zzzUnity.Burst.CodeGen.BurstILPostProcessor
[40m[32minfo[39m[22m[49m: Unity.ILPP.Runner.PostProcessingAssemblyLoadContext[0]
      Resolved Unity.Burst.Cecil.Rocks, Version=0.11.6.0, Culture=neutral, PublicKeyToken=50cebf1cceb9d05e with Library/PackageCache/com.unity.burst@2f3d916873ea/Unity.Burst.CodeGen/Unity.Burst.Cecil.Rocks.dll
[40m[32minfo[39m[22m[49m: Microsoft.AspNetCore.Hosting.Diagnostics[1]
      Request starting HTTP/2 POST http://ilpp/UnityILPP.PostProcessing/PostProcessAssembly application/grpc -
[40m[32minfo[39m[22m[49m: Microsoft.AspNetCore.Routing.EndpointMiddleware[0]
      Executing endpoint 'gRPC - /UnityILPP.PostProcessing/PostProcessAssembly'
[40m[32minfo[39m[22m[49m: Unity.ILPP.Runner.PostProcessingPipeline[0]
      Processing assembly Library/Bee/artifacts/2400b0aE.dag/Unity.InferenceEngine.ONNX.Editor.dll, with 132 defines and 267 references
[40m[32minfo[39m[22m[49m: Unity.ILPP.Runner.PostProcessingPipeline[0]
      processors: Unity.Jobs.CodeGen.JobsILPostProcessor, zzzUnity.Burst.CodeGen.BurstILPostProcessor
[40m[32minfo[39m[22m[49m: Unity.ILPP.Runner.PostProcessingPipeline[0]
      running Unity.Jobs.CodeGen.JobsILPostProcessor
[40m[32minfo[39m[22m[49m: Unity.ILPP.Runner.PostProcessingPipeline[0]
      running zzzUnity.Burst.CodeGen.BurstILPostProcessor
[40m[32minfo[39m[22m[49m: Microsoft.AspNetCore.Routing.EndpointMiddleware[1]
      Executed endpoint 'gRPC - /UnityILPP.PostProcessing/PostProcessAssembly'
[40m[32minfo[39m[22m[49m: Microsoft.AspNetCore.Hosting.Diagnostics[1]
      Request starting HTTP/2 POST http://ilpp/UnityILPP.PostProcessing/PostProcessAssembly application/grpc -
[40m[32minfo[39m[22m[49m: Microsoft.AspNetCore.Routing.EndpointMiddleware[0]
      Executing endpoint 'gRPC - /UnityILPP.PostProcessing/PostProcessAssembly'
[40m[32minfo[39m[22m[49m: Unity.ILPP.Runner.PostProcessingPipeline[0]
      Processing assembly Library/Bee/artifacts/2400b0aE.dag/Unity.AI.Animate.dll, with 132 defines and 335 references
[40m[32minfo[39m[22m[49m: Unity.ILPP.Runner.PostProcessingPipeline[0]
      processors: Unity.Jobs.CodeGen.JobsILPostProcessor, zzzUnity.Burst.CodeGen.BurstILPostProcessor
[40m[32minfo[39m[22m[49m: Microsoft.AspNetCore.Hosting.Diagnostics[2]
      Request finished HTTP/2 POST http://ilpp/UnityILPP.PostProcessing/PostProcessAssembly application/grpc - - 200 - application/grpc 1.7348ms
[40m[32minfo[39m[22m[49m: Unity.ILPP.Runner.PostProcessingPipeline[0]
      running Unity.Jobs.CodeGen.JobsILPostProcessor
[40m[32minfo[39m[22m[49m: Unity.ILPP.Runner.PostProcessingPipeline[0]
      running zzzUnity.Burst.CodeGen.BurstILPostProcessor
[40m[32minfo[39m[22m[49m: Microsoft.AspNetCore.Routing.EndpointMiddleware[1]
      Executed endpoint 'gRPC - /UnityILPP.PostProcessing/PostProcessAssembly'
[40m[32minfo[39m[22m[49m: Microsoft.AspNetCore.Hosting.Diagnostics[2]
      Request finished HTTP/2 POST http://ilpp/UnityILPP.PostProcessing/PostProcessAssembly application/grpc - - 200 - application/grpc 1.6029ms
[40m[32minfo[39m[22m[49m: Unity.ILPP.Runner.PostProcessingAssemblyLoadContext[0]
      Resolved Mono.Cecil.Rocks, Version=0.11.5.0, Culture=neutral, PublicKeyToken=50cebf1cceb9d05e with Library/PackageCache/com.unity.nuget.mono-cecil@ecb9724e46ff/Mono.Cecil.Rocks.dll
[40m[32minfo[39m[22m[49m: Unity.ILPP.Runner.PostProcessingPipeline[0]
      running zzzUnity.Burst.CodeGen.BurstILPostProcessor
[40m[32minfo[39m[22m[49m: Microsoft.AspNetCore.Routing.EndpointMiddleware[1]
      Executed endpoint 'gRPC - /UnityILPP.PostProcessing/PostProcessAssembly'
[40m[32minfo[39m[22m[49m: Microsoft.AspNetCore.Hosting.Diagnostics[2]
      Request finished HTTP/2 POST http://ilpp/UnityILPP.PostProcessing/PostProcessAssembly application/grpc - - 200 - application/grpc 494.5521ms
[40m[32minfo[39m[22m[49m: Microsoft.AspNetCore.Hosting.Diagnostics[1]
      Request starting HTTP/2 POST http://ilpp/UnityILPP.PostProcessing/PostProcessAssembly application/grpc -
[40m[32minfo[39m[22m[49m: Microsoft.AspNetCore.Routing.EndpointMiddleware[0]
      Executing endpoint 'gRPC - /UnityILPP.PostProcessing/PostProcessAssembly'
[40m[32minfo[39m[22m[49m: Unity.ILPP.Runner.PostProcessingPipeline[0]
      Processing assembly Library/Bee/artifacts/2400b0aE.dag/ProjectAegis.Unity.Runtime.dll, with 134 defines and 285 references
[40m[32minfo[39m[22m[49m: Unity.ILPP.Runner.PostProcessingPipeline[0]
      processors: Unity.Jobs.CodeGen.JobsILPostProcessor, zzzUnity.Burst.CodeGen.BurstILPostProcessor
[40m[32minfo[39m[22m[49m: Unity.ILPP.Runner.PostProcessingPipeline[0]
      running Unity.Jobs.CodeGen.JobsILPostProcessor
[40m[32minfo[39m[22m[49m: Unity.ILPP.Runner.PostProcessingPipeline[0]
      running zzzUnity.Burst.CodeGen.BurstILPostProcessor
[40m[32minfo[39m[22m[49m: Microsoft.AspNetCore.Routing.EndpointMiddleware[1]
      Executed endpoint 'gRPC - /UnityILPP.PostProcessing/PostProcessAssembly'
[40m[32minfo[39m[22m[49m: Microsoft.AspNetCore.Hosting.Diagnostics[2]
      Request finished HTTP/2 POST http://ilpp/UnityILPP.PostProcessing/PostProcessAssembly application/grpc - - 200 - application/grpc 81.2823ms
[40m[32minfo[39m[22m[49m: Unity.ILPP.Runner.PostProcessingPipeline[0]
      running zzzUnity.Burst.CodeGen.BurstILPostProcessor
[40m[32minfo[39m[22m[49m: Unity.ILPP.Runner.PostProcessingPipeline[0]
      running zzzUnity.Burst.CodeGen.BurstILPostProcessor
[40m[32minfo[39m[22m[49m: Microsoft.AspNetCore.Routing.EndpointMiddleware[1]
      Executed endpoint 'gRPC - /UnityILPP.PostProcessing/PostProcessAssembly'
[40m[32minfo[39m[22m[49m: Microsoft.AspNetCore.Hosting.Diagnostics[2]
      Request finished HTTP/2 POST http://ilpp/UnityILPP.PostProcessing/PostProcessAssembly application/grpc - - 200 - application/grpc 363.1844ms
[40m[32minfo[39m[22m[49m: Microsoft.AspNetCore.Hosting.Diagnostics[1]
      Request starting HTTP/2 POST http://ilpp/UnityILPP.PostProcessing/PostProcessAssembly application/grpc -
[40m[32minfo[39m[22m[49m: Microsoft.AspNetCore.Routing.EndpointMiddleware[0]
      Executing endpoint 'gRPC - /UnityILPP.PostProcessing/PostProcessAssembly'
[40m[32minfo[39m[22m[49m: Unity.ILPP.Runner.PostProcessingPipeline[0]
      Processing assembly Library/Bee/artifacts/2400b0aE.dag/ProjectAegis.Unity.Editor.dll, with 132 defines and 321 references
[40m[32minfo[39m[22m[49m: Unity.ILPP.Runner.PostProcessingPipeline[0]
      processors: Unity.Jobs.CodeGen.JobsILPostProcessor, zzzUnity.Burst.CodeGen.BurstILPostProcessor
[40m[32minfo[39m[22m[49m: Unity.ILPP.Runner.PostProcessingPipeline[0]
      running Unity.Jobs.CodeGen.JobsILPostProcessor
[40m[32minfo[39m[22m[49m: Unity.ILPP.Runner.PostProcessingPipeline[0]
      running zzzUnity.Burst.CodeGen.BurstILPostProcessor
[40m[32minfo[39m[22m[49m: Microsoft.AspNetCore.Routing.EndpointMiddleware[1]
      Executed endpoint 'gRPC - /UnityILPP.PostProcessing/PostProcessAssembly'
[40m[32minfo[39m[22m[49m: Microsoft.AspNetCore.Hosting.Diagnostics[2]
      Request finished HTTP/2 POST http://ilpp/UnityILPP.PostProcessing/PostProcessAssembly application/grpc - - 200 - application/grpc 1.2021ms
[40m[32minfo[39m[22m[49m: Microsoft.AspNetCore.Hosting.Diagnostics[1]
      Request starting HTTP/2 POST http://ilpp/UnityILPP.PostProcessing/PostProcessAssembly application/grpc -
[40m[32minfo[39m[22m[49m: Microsoft.AspNetCore.Routing.EndpointMiddleware[0]
      Executing endpoint 'gRPC - /UnityILPP.PostProcessing/PostProcessAssembly'
[40m[32minfo[39m[22m[49m: Unity.ILPP.Runner.PostProcessingPipeline[0]
      Processing assembly Library/Bee/artifacts/2400b0aE.dag/ProjectAegis.Unity.Tests.dll, with 134 defines and 236 references
[40m[32minfo[39m[22m[49m: Unity.ILPP.Runner.PostProcessingPipeline[0]
      processors: Unity.Jobs.CodeGen.JobsILPostProcessor, zzzUnity.Burst.CodeGen.BurstILPostProcessor
[40m[32minfo[39m[22m[49m: Unity.ILPP.Runner.PostProcessingPipeline[0]
      running Unity.Jobs.CodeGen.JobsILPostProcessor
[40m[32minfo[39m[22m[49m: Unity.ILPP.Runner.PostProcessingPipeline[0]
      running zzzUnity.Burst.CodeGen.BurstILPostProcessor
[40m[32minfo[39m[22m[49m: Microsoft.AspNetCore.Routing.EndpointMiddleware[1]
      Executed endpoint 'gRPC - /UnityILPP.PostProcessing/PostProcessAssembly'
[40m[32minfo[39m[22m[49m: Microsoft.AspNetCore.Hosting.Diagnostics[2]
      Request finished HTTP/2 POST http://ilpp/UnityILPP.PostProcessing/PostProcessAssembly application/grpc - - 200 - application/grpc 0.8428ms
[40m[32minfo[39m[22m[49m: Microsoft.AspNetCore.Routing.EndpointMiddleware[1]
      Executed endpoint 'gRPC - /UnityILPP.PostProcessing/PostProcessAssembly'
[40m[32minfo[39m[22m[49m: Microsoft.AspNetCore.Hosting.Diagnostics[2]
      Request finished HTTP/2 POST http://ilpp/UnityILPP.PostProcessing/PostProcessAssembly application/grpc - - 200 - application/grpc 1310.1056ms
[40m[32minfo[39m[22m[49m: Microsoft.AspNetCore.Routing.EndpointMiddleware[1]
      Executed endpoint 'gRPC - /UnityILPP.PostProcessing/PostProcessAssembly'
[40m[32minfo[39m[22m[49m: Microsoft.AspNetCore.Hosting.Diagnostics[2]
      Request finished HTTP/2 POST http://ilpp/UnityILPP.PostProcessing/PostProcessAssembly application/grpc - - 200 - application/grpc 347.7203ms
[40m[32minfo[39m[22m[49m: Unity.ILPP.Runner.PostProcessingPipeline[0]
      running zzzUnity.Burst.CodeGen.BurstILPostProcessor
[40m[32minfo[39m[22m[49m: Unity.ILPP.Runner.PostProcessingPipeline[0]
      running zzzUnity.Burst.CodeGen.BurstILPostProcessor
[40m[32minfo[39m[22m[49m: Microsoft.AspNetCore.Routing.EndpointMiddleware[1]
      Executed endpoint 'gRPC - /UnityILPP.PostProcessing/PostProcessAssembly'
[40m[32minfo[39m[22m[49m: Microsoft.AspNetCore.Hosting.Diagnostics[2]
      Request finished HTTP/2 POST http://ilpp/UnityILPP.PostProcessing/PostProcessAssembly application/grpc - - 200 - application/grpc 1908.0598ms
[40m[32minfo[39m[22m[49m: Microsoft.AspNetCore.Routing.EndpointMiddleware[1]
      Executed endpoint 'gRPC - /UnityILPP.PostProcessing/PostProcessAssembly'
[40m[32minfo[39m[22m[49m: Microsoft.AspNetCore.Hosting.Diagnostics[2]
      Request finished HTTP/2 POST http://ilpp/UnityILPP.PostProcessing/PostProcessAssembly application/grpc - - 200 - application/grpc 2165.4207ms
[40m[32minfo[39m[22m[49m: Microsoft.AspNetCore.Routing.EndpointMiddleware[1]
      Executed endpoint 'gRPC - /UnityILPP.PostProcessing/PostProcessAssembly'
[40m[32minfo[39m[22m[49m: Microsoft.AspNetCore.Hosting.Diagnostics[2]
      Request finished HTTP/2 POST http://ilpp/UnityILPP.PostProcessing/PostProcessAssembly application/grpc - - 200 - application/grpc 2202.0461ms
ExitCode: 0 Duration: 3s157ms
Finished compiling graph: 997 nodes, 18448 flattened edges (15416 ToBuild, 176 ToUse), maximum node priority 794
[192/994    0s] WriteText Library/Bee/artifacts/2400b0aE.dag/UnityEngine.TestRunner.rsp
[201/994    0s] WriteText Library/Bee/artifacts/2400b0aE.dag/Unity.Burst.rsp
[226/994    0s] WriteText Library/Bee/artifacts/2400b0aE.dag/Unity.Mathematics.rsp
[237/994    0s] WriteText Library/Bee/artifacts/2400b0aE.dag/Unity.AI.Toolkit.Async.rsp
[241/994    0s] WriteText Library/Bee/artifacts/2400b0aE.dag/Unity.AI.Toolkit.Compliance.rsp
[242/994    0s] WriteText Library/Bee/artifacts/2400b0aE.dag/UnityEditor.TestRunner.rsp
[244/994    0s] WriteText Library/Bee/artifacts/2400b0aE.dag/Unity.AI.Generators.Contexts.rsp
[245/994    0s] WriteText Library/Bee/artifacts/2400b0aE.dag/Unity.AI.Toolkit.Utility.rsp
[257/994    0s] WriteText Library/Bee/artifacts/2400b0aE.dag/Unity.AI.Assistant.Runtime.rsp
[263/994    0s] WriteText Library/Bee/artifacts/2400b0aE.dag/Unity.2D.Sprite.Editor.rsp
[264/994    0s] WriteText Library/Bee/artifacts/2400b0aE.dag/Unity.AI.Toolkit.Accounts.rsp
[266/994    0s] WriteText Library/Bee/artifacts/2400b0aE.dag/Unity.Burst.CodeGen.rsp
[268/994    0s] WriteText Library/Bee/artifacts/2400b0aE.dag/Unity.AI.Assistant.Bridge.Editor.rsp
[269/994    0s] WriteText Library/Bee/artifacts/2400b0aE.dag/Unity.Collections.rsp
[286/994    0s] WriteText Library/Bee/artifacts/2400b0aE.dag/Unity.Collections.CodeGen.rsp
[293/994    0s] WriteText Library/Bee/artifacts/2400b0aE.dag/Unity.AI.Tracing.rsp
[294/994    0s] WriteText Library/Bee/artifacts/2400b0aE.dag/Unity.ResourceManager.rsp
[295/994    0s] WriteText Library/Bee/artifacts/2400b0aE.dag/Unity.AppUI.InternalAPIBridge.rsp
[296/994    0s] WriteText Library/Bee/artifacts/2400b0aE.dag/Unity.AI.Generators.Asset.rsp
[297/994    0s] WriteText Library/Bee/artifacts/2400b0aE.dag/Unity.AI.Assistant.Agent.Dynamic.Extension.Editor.rsp
[298/994    0s] WriteText Library/Bee/artifacts/2400b0aE.dag/Unity.AI.Toolkit.Asset.rsp
[299/994    0s] WriteText Library/Bee/artifacts/2400b0aE.dag/Unity.Profiling.Core.rsp
[303/994    0s] WriteText Library/Bee/artifacts/2400b0aE.dag/Unity.AI.Assistant.Editor.rsp
[305/994    0s] WriteText Library/Bee/artifacts/2400b0aE.dag/Unity.AI.Generators.Sdk.rsp
[306/994    0s] WriteText Library/Bee/artifacts/2400b0aE.dag/Unity.AI.Toolkit.GenerationContextMenu.rsp
[308/994    0s] WriteText Library/Bee/artifacts/2400b0aE.dag/Unity.AI.Generators.Redux.rsp
[309/994    0s] WriteText Library/Bee/artifacts/2400b0aE.dag/Unity.AI.Generators.UI.rsp
[310/994    0s] WriteText Library/Bee/artifacts/2400b0aE.dag/Unity.InferenceEngine.rsp
[311/994    0s] WriteText Library/Bee/artifacts/2400b0aE.dag/Unity.AI.Generators.IO.Srp.rsp
[313/994    0s] WriteText Library/Bee/artifacts/2400b0aE.dag/Unity.ScriptableBuildPipeline.rsp
[314/994    0s] WriteText Library/Bee/artifacts/2400b0aE.dag/Unity.AppUI.rsp
[327/994    0s] WriteText Library/Bee/artifacts/2400b0aE.dag/Unity.AI.Generators.IO.rsp
[328/994    0s] WriteText Library/Bee/artifacts/2400b0aE.dag/Unity.AI.Generators.UI.AIDropdownIntegrations.rsp
[330/994    0s] WriteText Library/Bee/artifacts/2400b0aE.dag/Unity.AI.Search.Editor.rsp
[338/994    0s] WriteText Library/Bee/artifacts/2400b0aE.dag/HFDownloader.rsp
[347/994    0s] WriteText Library/Bee/artifacts/2400b0aE.dag/Unity.AI.Assistant.Tools.Editor.rsp
[360/994    0s] WriteText Library/Bee/artifacts/2400b0aE.dag/Unity.AI.Pbr.rsp
[378/994    0s] WriteText Library/Bee/artifacts/2400b0aE.dag/Unity.AI.Animate.Motion.Runtime.rsp
[380/994    0s] WriteText Library/Bee/artifacts/2400b0aE.dag/Unity.AI.Toolkit.GenerationObjectPicker.rsp
[383/994    0s] WriteText Library/Bee/artifacts/2400b0aE.dag/Unity.AI.Assistant.Annotations.Editor.rsp
[384/994    0s] WriteText Library/Bee/artifacts/2400b0aE.dag/Unity.AI.ModelSelector.rsp
[385/994    0s] WriteText Library/Bee/artifacts/2400b0aE.dag/Unity.Addressables.rsp
[386/994    0s] WriteText Library/Bee/artifacts/2400b0aE.dag/Unity.ScriptableBuildPipeline.Editor.rsp
[388/994    0s] WriteText Library/Bee/artifacts/2400b0aE.dag/Unity.AI.Animate.rsp
[389/994    0s] WriteText Library/Bee/artifacts/2400b0aE.dag/Unity.AI.Mesh.rsp
[390/994    0s] WriteText Library/Bee/artifacts/2400b0aE.dag/Unity.AI.Pbr.Srp.rsp
[391/994    0s] WriteText Library/Bee/artifacts/2400b0aE.dag/Unity.AI.Image.rsp
[397/994    0s] WriteText Library/Bee/artifacts/2400b0aE.dag/Unity.AppUI.Redux.rsp
[398/994    0s] WriteText Library/Bee/artifacts/2400b0aE.dag/Unity.AI.Sound.rsp
[400/994    0s] WriteText Library/Bee/artifacts/2400b0aE.dag/Unity.InferenceEngine.Microsoft.Msagl.rsp
[401/994    0s] WriteText Library/Bee/artifacts/2400b0aE.dag/com.IvanMurzak.Unity.MCP.Runtime.rsp
[402/994    0s] WriteText Library/Bee/artifacts/2400b0aE.dag/com.IvanMurzak.Unity.MCP.TestFiles.dll.mvfrm.rsp
[427/994    0s] WriteText Library/Bee/artifacts/2400b0aE.dag/com.IvanMurzak.Unity.MCP.Editor.dll.mvfrm.rsp
[430/994    0s] WriteText Library/Bee/artifacts/2400b0aE.dag/Unity.SysrootPackage.Editor.rsp
[431/994    0s] WriteText Library/Bee/artifacts/2400b0aE.dag/Unity.AI.Generators.Tools.rsp
[432/994    0s] WriteText Library/Bee/artifacts/2400b0aE.dag/com.IvanMurzak.Unity.MCP.TestFiles.UnityAdditionalFile.txt
[445/994    0s] WriteText Library/Bee/artifacts/2400b0aE.dag/com.IvanMurzak.Unity.MCP.TestFiles.rsp2
[452/994    0s] WriteText Library/Bee/artifacts/2400b0aE.dag/Unity.AI.Assistant.AssetGenerators.Editor.rsp
[455/994    0s] Csc Library/Bee/artifacts/2400b0aE.dag/Unity.Profiling.Core.dll (+2 others) [CacheHit 705c55ad3b1e956a44007cc665662a2000000000000000000000000000000005]
[456/994    0s] WriteText Library/Bee/artifacts/2400b0aE.dag/Unity.InferenceEngine.iOSBLAS.rsp
[459/994    0s] Csc Library/Bee/artifacts/2400b0aE.dag/UnityEngine.TestRunner.dll (+2 others) [CacheHit c44b2793284e47f49c2aab73c7a7267200000000000000000000000000000005]
[460/994    0s] WriteText Library/Bee/artifacts/2400b0aE.dag/com.IvanMurzak.Unity.MCP.Runtime.dll.mvfrm.rsp
[461/994    0s] WriteText Library/Bee/artifacts/2400b0aE.dag/Unity.InferenceEngine.Tokenization.rsp
[462/994    0s] WriteText Library/Bee/artifacts/2400b0aE.dag/Extensions.Unity.PlayerPrefsEx.rsp
[463/994    0s] WriteText Library/Bee/artifacts/2400b0aE.dag/Unity.AppUI.Navigation.rsp
[465/994    0s] WriteText Library/Bee/artifacts/2400b0aE.dag/com.IvanMurzak.Unity.MCP.Editor.UnityAdditionalFile.txt
[469/994    0s] WriteText Library/Bee/artifacts/2400b0aE.dag/Unity.InferenceEngine.MacBLAS.rsp
[471/994    0s] WriteText Library/Bee/artifacts/2400b0aE.dag/Unity.Addressables.Editor.rsp
[480/994    0s] WriteText Library/Bee/artifacts/2400b0aE.dag/Unity.PerformanceTesting.rsp
[480/994    0s] Csc Library/Bee/artifacts/2400b0aE.dag/Unity.Burst.dll (+2 others) [CacheHit de14a31fc87104eeb8926152a523268100000000000000000000000000000005]
[481/994    0s] WriteText Library/Bee/artifacts/2400b0aE.dag/Unity.AI.Assistant.UI.Editor.rsp
[482/994    0s] WriteText Library/Bee/artifacts/2400b0aE.dag/Unity.InferenceEngine.Editor.Visualizer.rsp
[482/994    0s] Csc Library/Bee/artifacts/2400b0aE.dag/Unity.ScriptableBuildPipeline.dll (+2 others) [CacheHit 91888d84ff1548464d210586bcf6af1d00000000000000000000000000000005]
[483/994    0s] WriteText Library/Bee/artifacts/2400b0aE.dag/Unity.Addressables.DocExampleCode.Editor.Tests.rsp
[484/994   1788551859s] Csc Library/Bee/artifacts/2400b0aE.dag/Unity.ScriptableBuildPipeline.dll (+2 others)
[487/994    0s] WriteText Library/Bee/artifacts/2400b0aE.dag/com.IvanMurzak.Unity.MCP.DependencyResolver.rsp
[488/994    0s] WriteText Library/Bee/artifacts/2400b0aE.dag/Unity.AppUI.Editor.rsp
[489/994   1788551859s] Csc Library/Bee/artifacts/2400b0aE.dag/Unity.Profiling.Core.dll (+2 others)
[490/994    0s] Csc Library/Bee/artifacts/2400b0aE.dag/Unity.AI.Tracing.dll (+2 others) [CacheHit e1a1f1465cc58b48d3cabbe2ceec1ffa00000000000000000000000000000005]
[493/994    0s] WriteText Library/Bee/artifacts/2400b0aE.dag/Unity.PerformanceTesting.Editor.rsp
[494/994   1788551859s] Csc Library/Bee/artifacts/2400b0aE.dag/Unity.Burst.dll (+2 others)
[496/994    0s] WriteText Library/Bee/artifacts/2400b0aE.dag/Unity.Sysroot.Linux_x86_64.rsp
[492/994    0s] Csc Library/Bee/artifacts/2400b0aE.dag/Unity.AppUI.InternalAPIBridge.dll (+2 others) [CacheHit 98f1dcacc151f59b297d59055ca9e9b100000000000000000000000000000005]
[497/994   1788551859s] Csc Library/Bee/artifacts/2400b0aE.dag/Unity.AI.Tracing.dll (+2 others)
[501/994    0s] WriteText Library/Bee/artifacts/2400b0aE.dag/Unity.AI.MCP.Editor.rsp
[502/994    0s] WriteText Library/Bee/artifacts/2400b0aE.dag/Unity.AI.Assistant.API.Editor.rsp
[504/994    0s] WriteText Library/Bee/artifacts/2400b0aE.dag/ProjectAegis.Unity.Editor.rsp
[505/994    0s] WriteText Library/Bee/artifacts/2400b0aE.dag/ProjectAegis.Unity.Tests.rsp
[506/994    0s] WriteText Library/Bee/artifacts/2400b0aE.dag/com.IvanMurzak.Unity.MCP.Editor.rsp
[507/994   1788551859s] Csc Library/Bee/artifacts/2400b0aE.dag/UnityEngine.TestRunner.dll (+2 others)
[509/994    0s] WriteText Library/Bee/artifacts/2400b0aE.dag/com.IvanMurzak.Unity.MCP.Runtime.UnityAdditionalFile.txt
[510/994    0s] WriteText Library/Bee/artifacts/2400b0aE.dag/com.IvanMurzak.Unity.MCP.TestFiles.rsp
[511/994    0s] WriteText Library/Bee/artifacts/2400b0aE.dag/Unity.AppUI.Redux.Editor.rsp
[512/994    0s] WriteText Library/Bee/artifacts/2400b0aE.dag/ProjectAegis.Unity.Runtime.rsp
[513/994    0s] WriteText Library/Bee/artifacts/2400b0aE.dag/com.IvanMurzak.Unity.MCP.Runtime.rsp2
[514/994    0s] WriteText Library/Bee/artifacts/2400b0aE.dag/Unity.AppUI.MVVM.rsp
[515/994    0s] WriteText Library/Bee/artifacts/2400b0aE.dag/Unity.AppUI.Undo.rsp
[510/994    0s] Csc Library/Bee/artifacts/2400b0aE.dag/Unity.AI.Animate.Motion.Runtime.dll (+2 others) [CacheHit 12ee7486d715d90c3ee5aea1291b1d1d00000000000000000000000000000005]
[516/994    0s] WriteText Library/Bee/artifacts/2400b0aE.dag/Unity.Mathematics.Editor.rsp
[518/994    0s] WriteText Library/Bee/artifacts/2400b0aE.dag/Unity.InferenceEngine.ONNX.Editor.rsp
[513/994    0s] Csc Library/Bee/artifacts/2400b0aE.dag/Extensions.Unity.PlayerPrefsEx.dll (+2 others) [CacheHit c3c9c1d092762f8e654492706b7d5b2200000000000000000000000000000005]
[519/994    0s] WriteText Library/Bee/artifacts/2400b0aE.dag/com.IvanMurzak.Unity.MCP.Editor.rsp2
[520/994    0s] WriteText Library/Bee/artifacts/2400b0aE.dag/Unity.AI.MCP.Runtime.rsp
[521/994   1788551859s] Csc Library/Bee/artifacts/2400b0aE.dag/Unity.AppUI.InternalAPIBridge.dll (+2 others)
[523/994    0s] WriteText Library/Bee/artifacts/2400b0aE.dag/Unity.AutoGroupGenerator.Editor.rsp
[524/994   1788551859s] Csc Library/Bee/artifacts/2400b0aE.dag/Unity.AI.Animate.Motion.Runtime.dll (+2 others)
[526/994   1788551859s] Csc Library/Bee/artifacts/2400b0aE.dag/Extensions.Unity.PlayerPrefsEx.dll (+2 others)
[528/994    0s] WriteText Library/Bee/artifacts/2400b0aE.dag/Unity.AI.Assistant.Integrations.Profiler.Editor.rsp
[530/994    0s] WriteText Library/Bee/artifacts/2400b0aE.dag/Unity.AppUI.Navigation.Editor.rsp
[533/994    0s] WriteText Library/Bee/artifacts/2400b0aE.dag/Unity.Collections.Editor.rsp
[534/994    0s] CopyFiles Library/ScriptAssemblies/UnityEngine.TestRunner.dll
[535/994    0s] WriteText Library/Bee/artifacts/2400b0aE.dag/Unity.Burst.Editor.rsp
[536/994    0s] WriteText Library/Bee/artifacts/2400b0aE.dag/Unity.InferenceEngine.Editor.rsp
[537/994    0s] WriteText Library/Bee/artifacts/2400b0aE.dag/Unity.Toolchain.Linux-x86_64-Linux.rsp
[538/994    0s] CopyFiles Library/ScriptAssemblies/UnityEngine.TestRunner.pdb
[533/994    0s] Csc Library/Bee/artifacts/2400b0aE.dag/Unity.Mathematics.dll (+2 others) [CacheHit 9178c15c39e20cb961a7481f5570437600000000000000000000000000000005]
[542/994   1788551859s] Csc Library/Bee/artifacts/2400b0aE.dag/Unity.Mathematics.dll (+2 others)
[536/994    0s] Csc Library/Bee/artifacts/2400b0aE.dag/Unity.AI.MCP.Runtime.dll (+2 others) [CacheHit 6f56508c39c42361486e4319f062051400000000000000000000000000000005]
[546/994   1788551859s] Csc Library/Bee/artifacts/2400b0aE.dag/Unity.AI.MCP.Runtime.dll (+2 others)
[538/994    0s] Csc Library/Bee/artifacts/2400b0aE.dag/Unity.ResourceManager.dll (+2 others) [CacheHit 31b494b825fa092bbd5abd06f801007200000000000000000000000000000005]
[549/994   1788551859s] Csc Library/Bee/artifacts/2400b0aE.dag/Unity.ResourceManager.dll (+2 others)
[539/994    0s] Csc Library/Bee/artifacts/2400b0aE.dag/Unity.AppUI.Undo.dll (+2 others) [CacheHit 5836553a6c87ec3a7517db0e1c5c5fdd00000000000000000000000000000005]
[551/994   1788551859s] Csc Library/Bee/artifacts/2400b0aE.dag/Unity.AppUI.Undo.dll (+2 others)
[543/994    0s] Csc Library/Bee/artifacts/2400b0aE.dag/Unity.PerformanceTesting.dll (+2 others) [CacheHit c80150456365ef87dcfcd0b008b079e000000000000000000000000000000005]
[556/994   1788551859s] Csc Library/Bee/artifacts/2400b0aE.dag/Unity.PerformanceTesting.dll (+2 others)
[545/994    0s] Csc Library/Bee/artifacts/2400b0aE.dag/Unity.InferenceEngine.Tokenization.dll (+2 others) [CacheHit 53eff7c45b07cb57dfd892875810732e00000000000000000000000000000005]
[545/994    0s] Csc Library/Bee/artifacts/2400b0aE.dag/Unity.Addressables.dll (+2 others) [CacheHit a37bb12bff4283f0e5e318d9a0a5794f00000000000000000000000000000005]
[559/994   1788551859s] Csc Library/Bee/artifacts/2400b0aE.dag/Unity.InferenceEngine.Tokenization.dll (+2 others)
[561/994   1788551859s] Csc Library/Bee/artifacts/2400b0aE.dag/Unity.Addressables.dll (+2 others)
[548/994    0s] Csc Library/Bee/artifacts/2400b0aE.dag/Unity.Burst.CodeGen.dll (+2 others) [CacheHit 4181b9c8c37955927244ae1fdb3f41e000000000000000000000000000000005]
[564/994   1788551859s] Csc Library/Bee/artifacts/2400b0aE.dag/Unity.Burst.CodeGen.dll (+2 others)
[566/994    0s] CopyFiles Library/ScriptAssemblies/Unity.Burst.CodeGen.pdb
[567/994    0s] CopyFiles Library/ScriptAssemblies/Unity.Burst.CodeGen.dll
[551/994    0s] Csc Library/Bee/artifacts/2400b0aE.dag/Unity.Collections.dll (+2 others) [CacheHit 563716c757870160f84643b1316656f200000000000000000000000000000005]
[568/994   1788551859s] Csc Library/Bee/artifacts/2400b0aE.dag/Unity.Collections.dll (+2 others)
[555/994    0s] Csc Library/Bee/artifacts/2400b0aE.dag/Unity.Collections.CodeGen.dll (+2 others) [CacheHit 01657e9b157e2807a3e54cf42bc358d700000000000000000000000000000005]
[573/994   1788551859s] Csc Library/Bee/artifacts/2400b0aE.dag/Unity.Collections.CodeGen.dll (+2 others)
[556/994    0s] Csc Library/Bee/artifacts/2400b0aE.dag/Unity.AI.Assistant.Runtime.dll (+2 others) [CacheHit 47c20d91bbb4945889f178e7b727b57900000000000000000000000000000005]
[575/994   1788551859s] Csc Library/Bee/artifacts/2400b0aE.dag/Unity.AI.Assistant.Runtime.dll (+2 others)
[578/994    0s] CopyFiles Library/ScriptAssemblies/Unity.Collections.CodeGen.dll
[579/994    0s] CopyFiles Library/ScriptAssemblies/Unity.Collections.CodeGen.pdb
[560/994    0s] Csc Library/Bee/artifacts/2400b0aE.dag/UnityEditor.TestRunner.dll (+2 others) [CacheHit 43e74e1034af450036e638371033f1ff00000000000000000000000000000005]
[580/994   1788551859s] Csc Library/Bee/artifacts/2400b0aE.dag/UnityEditor.TestRunner.dll (+2 others)
[599/994    0s] CopyFiles Library/ScriptAssemblies/UnityEditor.TestRunner.dll
[600/994    0s] CopyFiles Library/ScriptAssemblies/UnityEditor.TestRunner.pdb
[582/994    0s] Csc Library/Bee/artifacts/2400b0aE.dag/Unity.AppUI.dll (+2 others) [CacheHit 0b3588cc39edf1bda6f29910b87409d700000000000000000000000000000005]
[603/994   1788551859s] Csc Library/Bee/artifacts/2400b0aE.dag/Unity.AppUI.dll (+2 others)
[583/994    0s] Csc Library/Bee/artifacts/2400b0aE.dag/Unity.InferenceEngine.dll (+2 others) [CacheHit a595bddf5dedd6c68c27b41af107244e00000000000000000000000000000005]
[588/994    0s] Csc Library/Bee/artifacts/2400b0aE.dag/Unity.ScriptableBuildPipeline.Editor.dll (+2 others) [CacheHit b3bedda668ac959d1c8fbc3c2cd24e0100000000000000000000000000000005]
[610/994   1788551859s] Csc Library/Bee/artifacts/2400b0aE.dag/Unity.ScriptableBuildPipeline.Editor.dll (+2 others)
[589/994    0s] Csc Library/Bee/artifacts/2400b0aE.dag/Unity.AI.Generators.IO.Srp.dll (+2 others) [CacheHit 44ea1a5a29942f1b1cbe0751c2d0e3a300000000000000000000000000000005]
[612/994   1788551859s] Csc Library/Bee/artifacts/2400b0aE.dag/Unity.AI.Generators.IO.Srp.dll (+2 others)
[594/994    0s] Csc Library/Bee/artifacts/2400b0aE.dag/Unity.AI.Assistant.Annotations.Editor.dll (+2 others) [CacheHit 8e5bfa196344bed2ca7ce7918a1a30b600000000000000000000000000000005]
[618/994   1788551859s] Csc Library/Bee/artifacts/2400b0aE.dag/Unity.AI.Assistant.Annotations.Editor.dll (+2 others)
[596/994    0s] Csc Library/Bee/artifacts/2400b0aE.dag/Unity.AI.Toolkit.Utility.dll (+2 others) [CacheHit 87b68ad1d215e80eb4357dc60208d41f00000000000000000000000000000005]
[621/994   1788551859s] Csc Library/Bee/artifacts/2400b0aE.dag/Unity.AI.Toolkit.Utility.dll (+2 others)
[598/994    0s] Csc Library/Bee/artifacts/2400b0aE.dag/Unity.AI.Toolkit.Async.dll (+2 others) [CacheHit b3e3686ea7d04a98ffed2ae2c9607be500000000000000000000000000000005]
[624/994   1788551859s] Csc Library/Bee/artifacts/2400b0aE.dag/Unity.InferenceEngine.dll (+2 others)
[628/994   1788551859s] Csc Library/Bee/artifacts/2400b0aE.dag/Unity.AI.Toolkit.Async.dll (+2 others)
[604/994    0s] Csc Library/Bee/artifacts/2400b0aE.dag/Unity.AppUI.MVVM.dll (+2 others) [CacheHit e6e6b53bdaba9f7b9eb0b3cfccd2687100000000000000000000000000000005]
[604/994    0s] Csc Library/Bee/artifacts/2400b0aE.dag/Unity.AI.Assistant.Agent.Dynamic.Extension.Editor.dll (+2 others) [CacheHit bedcca2147321f118d9c0feb1850f17900000000000000000000000000000005]
[632/994   1788551859s] Csc Library/Bee/artifacts/2400b0aE.dag/Unity.AppUI.MVVM.dll (+2 others)
[635/994   1788551859s] Csc Library/Bee/artifacts/2400b0aE.dag/Unity.AI.Assistant.Agent.Dynamic.Extension.Editor.dll (+2 others)
[609/994    0s] Csc Library/Bee/artifacts/2400b0aE.dag/Unity.AI.Toolkit.Compliance.dll (+2 others) [CacheHit 1bab5a6e82d3703acf0588a23af1662800000000000000000000000000000005]
[639/994   1788551859s] Csc Library/Bee/artifacts/2400b0aE.dag/Unity.AI.Toolkit.Compliance.dll (+2 others)
[610/994    0s] Csc Library/Bee/artifacts/2400b0aE.dag/Unity.PerformanceTesting.Editor.dll (+2 others) [CacheHit 5ba953cc7e070b0dec759621ea0badec00000000000000000000000000000005]
[641/994   1788551859s] Csc Library/Bee/artifacts/2400b0aE.dag/Unity.PerformanceTesting.Editor.dll (+2 others)
[612/994    0s] Csc Library/Bee/artifacts/2400b0aE.dag/com.IvanMurzak.Unity.MCP.DependencyResolver.dll (+2 others) [CacheHit 35e9691568c09543b59b0aa5af7420b800000000000000000000000000000005]
[612/994    0s] Csc Library/Bee/artifacts/2400b0aE.dag/Unity.SysrootPackage.Editor.dll (+2 others) [CacheHit f9f9f5e991a07bf1b4c38f0796b3b00e00000000000000000000000000000005]
[612/994    0s] Csc Library/Bee/artifacts/2400b0aE.dag/Unity.AI.Generators.Contexts.dll (+2 others) [CacheHit 3469368974437cb335592d372c050b4500000000000000000000000000000005]
[612/994    0s] Csc Library/Bee/artifacts/2400b0aE.dag/Unity.AI.Assistant.Bridge.Editor.dll (+2 others) [CacheHit a202792acf04015cfcf65df17721c1e400000000000000000000000000000005]
[612/994    0s] Csc Library/Bee/artifacts/2400b0aE.dag/Unity.2D.Sprite.Editor.dll (+2 others) [CacheHit bf9e3e23c67a0478d07e248e5a1147a000000000000000000000000000000005]
[644/994   1788551859s] Csc Library/Bee/artifacts/2400b0aE.dag/Unity.AI.Generators.Contexts.dll (+2 others)
[646/994   1788551859s] Csc Library/Bee/artifacts/2400b0aE.dag/com.IvanMurzak.Unity.MCP.DependencyResolver.dll (+2 others)
[648/994   1788551859s] Csc Library/Bee/artifacts/2400b0aE.dag/Unity.2D.Sprite.Editor.dll (+2 others)
[650/994   1788551859s] Csc Library/Bee/artifacts/2400b0aE.dag/Unity.AI.Assistant.Bridge.Editor.dll (+2 others)
[616/994    0s] Csc Library/Bee/artifacts/2400b0aE.dag/Unity.AppUI.Redux.dll (+2 others) [CacheHit d7f396bf9479f359cc6136e3345e3e1f00000000000000000000000000000005]
[653/994   1788551859s] Csc Library/Bee/artifacts/2400b0aE.dag/Unity.AppUI.Redux.dll (+2 others)
[656/994   1788551859s] Csc Library/Bee/artifacts/2400b0aE.dag/Unity.SysrootPackage.Editor.dll (+2 others)
[622/994    0s] Csc Library/Bee/artifacts/2400b0aE.dag/Unity.Collections.Editor.dll (+2 others) [CacheHit dc515675d20d1ae88a73886d437e7cef00000000000000000000000000000005]
[661/994   1788551859s] Csc Library/Bee/artifacts/2400b0aE.dag/Unity.Collections.Editor.dll (+2 others)
[627/994    0s] Csc Library/Bee/artifacts/2400b0aE.dag/HFDownloader.dll (+2 others) [CacheHit 2ba88c93adda5f2f2116e5380f36845700000000000000000000000000000005]
[666/994   1788551859s] Csc Library/Bee/artifacts/2400b0aE.dag/HFDownloader.dll (+2 others)
[628/994    0s] Csc Library/Bee/artifacts/2400b0aE.dag/Unity.InferenceEngine.ONNX.Editor.dll (+2 others) [CacheHit db70c1c8ce12d573201f83f5154be77e00000000000000000000000000000005]
[668/994   1788551859s] Csc Library/Bee/artifacts/2400b0aE.dag/Unity.InferenceEngine.ONNX.Editor.dll (+2 others)
[630/994    0s] Csc Library/Bee/artifacts/2400b0aE.dag/Unity.Addressables.Editor.dll (+2 others) [CacheHit 500d50ef27f551daaeba58a7e34cf6ee00000000000000000000000000000005]
[630/994    0s] Csc Library/Bee/artifacts/2400b0aE.dag/Unity.AI.Pbr.Srp.dll (+2 others) [CacheHit 8d3228da7e3b304912de33e25bb7112c00000000000000000000000000000005]
[671/994   1788551859s] Csc Library/Bee/artifacts/2400b0aE.dag/Unity.Addressables.Editor.dll (+2 others)
[673/994   1788551859s] Csc Library/Bee/artifacts/2400b0aE.dag/Unity.AI.Pbr.Srp.dll (+2 others)
[636/994    0s] Csc Library/Bee/artifacts/2400b0aE.dag/Unity.InferenceEngine.MacBLAS.dll (+2 others) [CacheHit 28333e96931d12147fd4b120a4fb31a300000000000000000000000000000005]
[680/994   1788551859s] Csc Library/Bee/artifacts/2400b0aE.dag/Unity.InferenceEngine.MacBLAS.dll (+2 others)
[638/994    0s] Csc Library/Bee/artifacts/2400b0aE.dag/Unity.AI.Toolkit.Asset.dll (+2 others) [CacheHit 9cb70eb7601e95a6be5c286ee64095ce00000000000000000000000000000005]
[638/994    0s] Csc Library/Bee/artifacts/2400b0aE.dag/Unity.InferenceEngine.iOSBLAS.dll (+2 others) [CacheHit 8e51912b733efd7aa617e7dc8cf828fa00000000000000000000000000000005]
[682/994   1788551859s] Csc Library/Bee/artifacts/2400b0aE.dag/Unity.AI.Toolkit.Asset.dll (+2 others)
[684/994   1788551859s] Csc Library/Bee/artifacts/2400b0aE.dag/Unity.InferenceEngine.iOSBLAS.dll (+2 others)
[642/994    0s] Csc Library/Bee/artifacts/2400b0aE.dag/Unity.AppUI.Navigation.dll (+2 others) [CacheHit ce1df65590c427c7d72038d97bfbb0f700000000000000000000000000000005]
[642/994    0s] Csc Library/Bee/artifacts/2400b0aE.dag/Unity.Mathematics.Editor.dll (+2 others) [CacheHit 9fd52f6a2b8ce3fb1b81da2f41fc48ad00000000000000000000000000000005]
[688/994   1788551859s] Csc Library/Bee/artifacts/2400b0aE.dag/Unity.AppUI.Navigation.dll (+2 others)
[690/994   1788551859s] Csc Library/Bee/artifacts/2400b0aE.dag/Unity.Mathematics.Editor.dll (+2 others)
[645/994    0s] Csc Library/Bee/artifacts/2400b0aE.dag/Unity.AppUI.Editor.dll (+2 others) [CacheHit 266b0958cf241c19940c55117660e2ba00000000000000000000000000000005]
[645/994    0s] Csc Library/Bee/artifacts/2400b0aE.dag/Unity.InferenceEngine.Microsoft.Msagl.dll (+2 others) [CacheHit 27bf64cf433b064493fc6514199aac7e00000000000000000000000000000005]
[645/994    0s] Csc Library/Bee/artifacts/2400b0aE.dag/Unity.Burst.Editor.dll (+2 others) [CacheHit c2f2008af84cb70b0ec55b8fa55e997000000000000000000000000000000005]
[693/994   1788551859s] Csc Library/Bee/artifacts/2400b0aE.dag/Unity.AppUI.Editor.dll (+2 others)
[695/994   1788551859s] Csc Library/Bee/artifacts/2400b0aE.dag/Unity.InferenceEngine.Microsoft.Msagl.dll (+2 others)
[697/994   1788551859s] Csc Library/Bee/artifacts/2400b0aE.dag/Unity.Burst.Editor.dll (+2 others)
[650/994    0s] Csc Library/Bee/artifacts/2400b0aE.dag/Unity.Toolchain.Linux-x86_64-Linux.dll (+2 others) [CacheHit deefebd03efa448d456d1ba7c1d2411a00000000000000000000000000000005]
[703/994   1788551859s] Csc Library/Bee/artifacts/2400b0aE.dag/Unity.Toolchain.Linux-x86_64-Linux.dll (+2 others)
[653/994    0s] Csc Library/Bee/artifacts/2400b0aE.dag/Unity.Sysroot.Linux_x86_64.dll (+2 others) [CacheHit dd09dfbdb03adb2bde605ea57f4d3a3400000000000000000000000000000005]
[705/994   1788551859s] Csc Library/Bee/artifacts/2400b0aE.dag/Unity.Sysroot.Linux_x86_64.dll (+2 others)
[655/994    0s] Csc Library/Bee/artifacts/2400b0aE.dag/Unity.AI.Generators.Redux.dll (+2 others) [CacheHit 93d384ba166e5dc40e375283bc7379f300000000000000000000000000000005]
[708/994   1788551859s] Csc Library/Bee/artifacts/2400b0aE.dag/Unity.AI.Generators.Redux.dll (+2 others)
[658/994    0s] Csc Library/Bee/artifacts/2400b0aE.dag/Unity.AI.Toolkit.Accounts.dll (+2 others) [CacheHit 9b9a67a099cbea3b1bb22f31a2b5ff8f00000000000000000000000000000005]
[658/994    0s] Csc Library/Bee/artifacts/2400b0aE.dag/Unity.AutoGroupGenerator.Editor.dll (+2 others) [CacheHit ff762659a539fd2211327c9d3805209300000000000000000000000000000005]
[658/994    0s] Csc Library/Bee/artifacts/2400b0aE.dag/Unity.Addressables.DocExampleCode.Editor.Tests.dll (+2 others) [CacheHit f0876e88ca96c57cfb45eb6d9973c2bd00000000000000000000000000000005]
[712/994   1788551859s] Csc Library/Bee/artifacts/2400b0aE.dag/Unity.AI.Toolkit.Accounts.dll (+2 others)
[714/994   1788551859s] Csc Library/Bee/artifacts/2400b0aE.dag/Unity.AutoGroupGenerator.Editor.dll (+2 others)
[716/994   1788551859s] Csc Library/Bee/artifacts/2400b0aE.dag/Unity.Addressables.DocExampleCode.Editor.Tests.dll (+2 others)
[663/994    0s] Csc Library/Bee/artifacts/2400b0aE.dag/Unity.AppUI.Navigation.Editor.dll (+2 others) [CacheHit b337aef7053e5855567e6b2f5d6942b000000000000000000000000000000005]
[721/994   1788551859s] Csc Library/Bee/artifacts/2400b0aE.dag/Unity.AppUI.Navigation.Editor.dll (+2 others)
[666/994    0s] Csc Library/Bee/artifacts/2400b0aE.dag/Unity.InferenceEngine.Editor.Visualizer.dll (+2 others) [CacheHit 5a36a08dfb2ae1f8543d43660ac60a4e00000000000000000000000000000005]
[666/994    0s] Csc Library/Bee/artifacts/2400b0aE.dag/Unity.AppUI.Redux.Editor.dll (+2 others) [CacheHit 9bd559bb6598c1e828ad3ebc6278ec6f00000000000000000000000000000005]
[724/994   1788551859s] Csc Library/Bee/artifacts/2400b0aE.dag/Unity.InferenceEngine.Editor.Visualizer.dll (+2 others)
[726/994   1788551859s] Csc Library/Bee/artifacts/2400b0aE.dag/Unity.AppUI.Redux.Editor.dll (+2 others)
[670/994    0s] Csc Library/Bee/artifacts/2400b0aE.dag/Unity.AI.Generators.Asset.dll (+2 others) [CacheHit 1b21639967759d19255b2f2abc1e036900000000000000000000000000000005]
[730/994   1788551859s] Csc Library/Bee/artifacts/2400b0aE.dag/Unity.AI.Generators.Asset.dll (+2 others)
[674/994    0s] Csc Library/Bee/artifacts/2400b0aE.dag/Unity.AI.Generators.UI.AIDropdownIntegrations.dll (+2 others) [CacheHit 3cdc8bae9620c6653734ddc9c2826e8300000000000000000000000000000005]
[735/994   1788551859s] Csc Library/Bee/artifacts/2400b0aE.dag/Unity.AI.Generators.UI.AIDropdownIntegrations.dll (+2 others)
[676/994    0s] Csc Library/Bee/artifacts/2400b0aE.dag/Unity.AI.Generators.IO.dll (+2 others) [CacheHit 98baf089b61f35716a9ddb39bf1fbe1400000000000000000000000000000005]
[738/994   1788551859s] Csc Library/Bee/artifacts/2400b0aE.dag/Unity.AI.Generators.IO.dll (+2 others)
[680/994    0s] Csc Library/Bee/artifacts/2400b0aE.dag/Unity.AI.Toolkit.GenerationObjectPicker.dll (+2 others) [CacheHit ad73309741c872c48de07c0ba8c54eac00000000000000000000000000000005]
[680/994    0s] Csc Library/Bee/artifacts/2400b0aE.dag/Unity.AI.Toolkit.GenerationContextMenu.dll (+2 others) [CacheHit 69f4d45db613cf6af2fdb5cc0ee3028300000000000000000000000000000005]
[743/994   1788551859s] Csc Library/Bee/artifacts/2400b0aE.dag/Unity.AI.Toolkit.GenerationObjectPicker.dll (+2 others)
[681/994    0s] Csc Library/Bee/artifacts/2400b0aE.dag/Unity.AI.Assistant.Editor.dll (+2 others) [CacheHit a50f3758a54aeec895f94e2eb67dde7c00000000000000000000000000000005]
[682/994    0s] Csc Library/Bee/artifacts/2400b0aE.dag/Unity.InferenceEngine.Editor.dll (+2 others) [CacheHit 936951c5b6aa00a1132880fb3e48f4f200000000000000000000000000000005]
[746/994   1788551859s] Csc Library/Bee/artifacts/2400b0aE.dag/Unity.AI.Assistant.Editor.dll (+2 others)
[748/994   1788551859s] Csc Library/Bee/artifacts/2400b0aE.dag/Unity.InferenceEngine.Editor.dll (+2 others)
[750/994   1788551859s] Csc Library/Bee/artifacts/2400b0aE.dag/Unity.AI.Toolkit.GenerationContextMenu.dll (+2 others)
[688/994    0s] Csc Library/Bee/artifacts/2400b0aE.dag/Unity.AI.Generators.Sdk.dll (+2 others) [CacheHit f3a1044348e01ad5e8dbcbc63efca90500000000000000000000000000000005]
[755/994   1788551859s] Csc Library/Bee/artifacts/2400b0aE.dag/Unity.AI.Generators.Sdk.dll (+2 others)
[690/994    0s] Csc Library/Bee/artifacts/2400b0aE.dag/Unity.AI.Generators.UI.dll (+2 others) [CacheHit 215e744be36f521ce475508a613646ce00000000000000000000000000000005]
[758/994   1788551859s] Csc Library/Bee/artifacts/2400b0aE.dag/Unity.AI.Generators.UI.dll (+2 others)
[693/994    0s] Csc Library/Bee/artifacts/2400b0aE.dag/Unity.AI.Search.Editor.dll (+2 others) [CacheHit be373aef77eec341a11c096476abede900000000000000000000000000000005]
[762/994   1788551859s] Csc Library/Bee/artifacts/2400b0aE.dag/Unity.AI.Search.Editor.dll (+2 others)
[766/994    0s] ILPP-Configuration Library/ilpp-configuration.nevergeneratedoutput
[696/994    0s] Csc Library/Bee/artifacts/2400b0aE.dag/Unity.AI.ModelSelector.dll (+2 others) [CacheHit 88c084060f6187f39bf5a2ae00efd13000000000000000000000000000000005]
[767/994   1788551859s] Csc Library/Bee/artifacts/2400b0aE.dag/Unity.AI.ModelSelector.dll (+2 others)
[703/994    0s] Csc Library/Bee/artifacts/2400b0aE.dag/Unity.AI.Assistant.Tools.Editor.dll (+2 others) [CacheHit 7a5c394b1db94f9913ff12f127fc26b500000000000000000000000000000005]
[775/994   1788551859s] Csc Library/Bee/artifacts/2400b0aE.dag/Unity.AI.Assistant.Tools.Editor.dll (+2 others)
[707/994    0s] Csc Library/Bee/artifacts/2400b0aE.dag/Unity.AI.Animate.dll (+2 others) [CacheHit 69f6f50ab6b7dfab71939f4945f1789e00000000000000000000000000000005]
[779/994   1788551859s] Csc Library/Bee/artifacts/2400b0aE.dag/Unity.AI.Animate.dll (+2 others)
[708/994    0s] Csc Library/Bee/artifacts/2400b0aE.dag/Unity.AI.Sound.dll (+2 others) [CacheHit d2c63eb7c228ce433cb7ac31eb3a20d800000000000000000000000000000005]
[708/994    0s] Csc Library/Bee/artifacts/2400b0aE.dag/Unity.AI.Mesh.dll (+2 others) [CacheHit 2996d512d6a2abba03f30e7f35ee5ce600000000000000000000000000000005]
[708/994    0s] Csc Library/Bee/artifacts/2400b0aE.dag/Unity.AI.Assistant.UI.Editor.dll (+2 others) [CacheHit dfee0e999ea73fdf31393bc23c9a32d000000000000000000000000000000005]
[782/994   1788551859s] Csc Library/Bee/artifacts/2400b0aE.dag/Unity.AI.Sound.dll (+2 others)
[784/994   1788551859s] Csc Library/Bee/artifacts/2400b0aE.dag/Unity.AI.Mesh.dll (+2 others)
[712/994    0s] Csc Library/Bee/artifacts/2400b0aE.dag/Unity.AI.Pbr.dll (+2 others) [CacheHit 713208411ace3f7af5fa469d68d43c2000000000000000000000000000000005]
[713/994    0s] Csc Library/Bee/artifacts/2400b0aE.dag/Unity.AI.Image.dll (+2 others) [CacheHit 907a735d4bae7aeb34101a505992afa200000000000000000000000000000005]
[788/994   1788551859s] Csc Library/Bee/artifacts/2400b0aE.dag/Unity.AI.Image.dll (+2 others)
[790/994   1788551859s] Csc Library/Bee/artifacts/2400b0aE.dag/Unity.AI.Assistant.UI.Editor.dll (+2 others)
[792/994   1788551859s] Csc Library/Bee/artifacts/2400b0aE.dag/Unity.AI.Pbr.dll (+2 others)
[799/994    0s] ILPostProcess Library/Bee/artifacts/2400b0aE.dag/post-processed/Unity.Profiling.Core.dll (+pdb)
Processing assembly Library/Bee/artifacts/2400b0aE.dag/Unity.Profiling.Core.dll, with 134 defines and 285 references
processors: Unity.Jobs.CodeGen.JobsILPostProcessor, zzzUnity.Burst.CodeGen.BurstILPostProcessor
running Unity.Jobs.CodeGen.JobsILPostProcessor
running zzzUnity.Burst.CodeGen.BurstILPostProcessor
[800/994    0s] ILPostProcess Library/Bee/artifacts/2400b0aE.dag/post-processed/Unity.ScriptableBuildPipeline.dll (+pdb)
Processing assembly Library/Bee/artifacts/2400b0aE.dag/Unity.ScriptableBuildPipeline.dll, with 134 defines and 285 references
processors: Unity.Jobs.CodeGen.JobsILPostProcessor, zzzUnity.Burst.CodeGen.BurstILPostProcessor
running Unity.Jobs.CodeGen.JobsILPostProcessor
running zzzUnity.Burst.CodeGen.BurstILPostProcessor
[801/994    0s] ILPostProcess Library/Bee/artifacts/2400b0aE.dag/post-processed/Unity.InferenceEngine.Tokenization.dll (+pdb)
Processing assembly Library/Bee/artifacts/2400b0aE.dag/Unity.InferenceEngine.Tokenization.dll, with 134 defines and 234 references
processors: Unity.Jobs.CodeGen.JobsILPostProcessor, zzzUnity.Burst.CodeGen.BurstILPostProcessor
running Unity.Jobs.CodeGen.JobsILPostProcessor
running zzzUnity.Burst.CodeGen.BurstILPostProcessor
[802/994    0s] ILPostProcess Library/Bee/artifacts/2400b0aE.dag/post-processed/Unity.AppUI.InternalAPIBridge.dll (+pdb)
Processing assembly Library/Bee/artifacts/2400b0aE.dag/Unity.AppUI.InternalAPIBridge.dll, with 134 defines and 282 references
processors: Unity.Jobs.CodeGen.JobsILPostProcessor, zzzUnity.Burst.CodeGen.BurstILPostProcessor
running Unity.Jobs.CodeGen.JobsILPostProcessor
running zzzUnity.Burst.CodeGen.BurstILPostProcessor
[803/994    0s] ILPostProcess Library/Bee/artifacts/2400b0aE.dag/post-processed/Unity.AI.Animate.Motion.Runtime.dll (+pdb)
Processing assembly Library/Bee/artifacts/2400b0aE.dag/Unity.AI.Animate.Motion.Runtime.dll, with 134 defines and 282 references
processors: Unity.Jobs.CodeGen.JobsILPostProcessor, zzzUnity.Burst.CodeGen.BurstILPostProcessor
running Unity.Jobs.CodeGen.JobsILPostProcessor
running zzzUnity.Burst.CodeGen.BurstILPostProcessor
[804/994    0s] ILPostProcess Library/Bee/artifacts/2400b0aE.dag/post-processed/Unity.Mathematics.dll (+pdb)
Processing assembly Library/Bee/artifacts/2400b0aE.dag/Unity.Mathematics.dll, with 134 defines and 285 references
processors: Unity.Jobs.CodeGen.JobsILPostProcessor, zzzUnity.Burst.CodeGen.BurstILPostProcessor
running Unity.Jobs.CodeGen.JobsILPostProcessor
running zzzUnity.Burst.CodeGen.BurstILPostProcessor
[805/994    0s] ILPostProcess Library/Bee/artifacts/2400b0aE.dag/post-processed/Unity.AI.Tracing.dll (+pdb)
Processing assembly Library/Bee/artifacts/2400b0aE.dag/Unity.AI.Tracing.dll, with 134 defines and 234 references
processors: Unity.Jobs.CodeGen.JobsILPostProcessor, zzzUnity.Burst.CodeGen.BurstILPostProcessor
running Unity.Jobs.CodeGen.JobsILPostProcessor
running zzzUnity.Burst.CodeGen.BurstILPostProcessor
[806/994    0s] ILPostProcess Library/Bee/artifacts/2400b0aE.dag/post-processed/Unity.Addressables.dll (+pdb)
Processing assembly Library/Bee/artifacts/2400b0aE.dag/Unity.Addressables.dll, with 134 defines and 286 references
processors: Unity.Jobs.CodeGen.JobsILPostProcessor, zzzUnity.Burst.CodeGen.BurstILPostProcessor
running Unity.Jobs.CodeGen.JobsILPostProcessor
running zzzUnity.Burst.CodeGen.BurstILPostProcessor
[807/994    0s] ILPostProcess Library/Bee/artifacts/2400b0aE.dag/post-processed/Unity.AppUI.Redux.dll (+pdb)
Processing assembly Library/Bee/artifacts/2400b0aE.dag/Unity.AppUI.Redux.dll, with 134 defines and 284 references
processors: Unity.Jobs.CodeGen.JobsILPostProcessor, zzzUnity.Burst.CodeGen.BurstILPostProcessor
running Unity.Jobs.CodeGen.JobsILPostProcessor
running zzzUnity.Burst.CodeGen.BurstILPostProcessor
[721/994    0s] Csc Library/Bee/artifacts/2400b0aE.dag/Unity.AI.Assistant.API.Editor.dll (+2 others) [CacheHit 8ddd90b1be41fe01bb8a39cf8d71b49e00000000000000000000000000000005]
[808/994    0s] ILPostProcess Library/Bee/artifacts/2400b0aE.dag/post-processed/Unity.AI.MCP.Runtime.dll (+pdb)
Processing assembly Library/Bee/artifacts/2400b0aE.dag/Unity.AI.MCP.Runtime.dll, with 134 defines and 285 references
processors: Unity.Jobs.CodeGen.JobsILPostProcessor, zzzUnity.Burst.CodeGen.BurstILPostProcessor
running Unity.Jobs.CodeGen.JobsILPostProcessor
running zzzUnity.Burst.CodeGen.BurstILPostProcessor
[809/994   1788551859s] Csc Library/Bee/artifacts/2400b0aE.dag/Unity.AI.Assistant.API.Editor.dll (+2 others)
[722/994    0s] Csc Library/Bee/artifacts/2400b0aE.dag/Unity.AI.Generators.Tools.dll (+2 others) [CacheHit 78e462b1294d5414da7b2ec4a006ada100000000000000000000000000000005]
[812/994    0s] ILPostProcess Library/Bee/artifacts/2400b0aE.dag/post-processed/Unity.ResourceManager.dll (+pdb)
Processing assembly Library/Bee/artifacts/2400b0aE.dag/Unity.ResourceManager.dll, with 135 defines and 286 references
processors: Unity.Jobs.CodeGen.JobsILPostProcessor, zzzUnity.Burst.CodeGen.BurstILPostProcessor
running Unity.Jobs.CodeGen.JobsILPostProcessor
running zzzUnity.Burst.CodeGen.BurstILPostProcessor
[813/994    0s] ILPostProcess Library/Bee/artifacts/2400b0aE.dag/post-processed/Unity.AppUI.dll (+pdb)
Processing assembly Library/Bee/artifacts/2400b0aE.dag/Unity.AppUI.dll, with 140 defines and 284 references
processors: Unity.Jobs.CodeGen.JobsILPostProcessor, zzzUnity.Burst.CodeGen.BurstILPostProcessor
running Unity.Jobs.CodeGen.JobsILPostProcessor
running zzzUnity.Burst.CodeGen.BurstILPostProcessor
[814/994    0s] ILPostProcess Library/Bee/artifacts/2400b0aE.dag/post-processed/Unity.PerformanceTesting.dll (+pdb)
Processing assembly Library/Bee/artifacts/2400b0aE.dag/Unity.PerformanceTesting.dll, with 135 defines and 233 references
processors: Unity.Jobs.CodeGen.JobsILPostProcessor, zzzUnity.Burst.CodeGen.BurstILPostProcessor
running Unity.Jobs.CodeGen.JobsILPostProcessor
running zzzUnity.Burst.CodeGen.BurstILPostProcessor
[815/994    0s] MovedFromExtractor-Combine Library/Bee/artifacts/2400b0aE.dag/com.IvanMurzak.Unity.MCP.TestFiles.dll.mvfrm
[816/994    0s] MovedFromExtractor-Combine Library/Bee/artifacts/2400b0aE.dag/com.IvanMurzak.Unity.MCP.Runtime.dll.mvfrm
[817/994    0s] ILPostProcess Library/Bee/artifacts/2400b0aE.dag/post-processed/Unity.AppUI.Navigation.dll (+pdb)
Processing assembly Library/Bee/artifacts/2400b0aE.dag/Unity.AppUI.Navigation.dll, with 136 defines and 284 references
processors: Unity.Jobs.CodeGen.JobsILPostProcessor, zzzUnity.Burst.CodeGen.BurstILPostProcessor
running Unity.Jobs.CodeGen.JobsILPostProcessor
running zzzUnity.Burst.CodeGen.BurstILPostProcessor
[818/994   1788551859s] Csc Library/Bee/artifacts/2400b0aE.dag/Unity.AI.Generators.Tools.dll (+2 others)
[729/994    0s] Csc Library/Bee/artifacts/2400b0aE.dag/com.IvanMurzak.Unity.MCP.Runtime.dll (+2 others) [CacheHit a9da6a77519ac821682696533f7870cb00000000000000000000000000000005]
[823/994   1788551859s] Csc Library/Bee/artifacts/2400b0aE.dag/com.IvanMurzak.Unity.MCP.Runtime.dll (+2 others)
[730/994    0s] Csc Library/Bee/artifacts/2400b0aE.dag/Unity.AI.Assistant.Integrations.Profiler.Editor.dll (+2 others) [CacheHit 681c0188290da67310a6a365bba98e6200000000000000000000000000000005]
[825/994   1788551859s] Csc Library/Bee/artifacts/2400b0aE.dag/Unity.AI.Assistant.Integrations.Profiler.Editor.dll (+2 others)
[731/994    0s] Csc Library/Bee/artifacts/2400b0aE.dag/com.IvanMurzak.Unity.MCP.TestFiles.dll (+2 others) [CacheHit 4ba437b8859239cc1fa293e58b3531f800000000000000000000000000000005]
[827/994   1788551859s] Csc Library/Bee/artifacts/2400b0aE.dag/com.IvanMurzak.Unity.MCP.TestFiles.dll (+2 others)
[732/994    0s] Csc Library/Bee/artifacts/2400b0aE.dag/Unity.AI.Assistant.AssetGenerators.Editor.dll (+2 others) [CacheHit f85f1c1f0a1c4015ba10fcbeb80558f000000000000000000000000000000005]
[829/994   1788551859s] Csc Library/Bee/artifacts/2400b0aE.dag/Unity.AI.Assistant.AssetGenerators.Editor.dll (+2 others)
[735/994    0s] Csc Library/Bee/artifacts/2400b0aE.dag/Unity.AI.MCP.Editor.dll (+2 others) [CacheHit a703f4fd50f77ae70cd0e79a782cb86700000000000000000000000000000005]
[833/994   1788551859s] Csc Library/Bee/artifacts/2400b0aE.dag/Unity.AI.MCP.Editor.dll (+2 others)
[835/994    0s] ILPostProcess Library/Bee/artifacts/2400b0aE.dag/post-processed/com.IvanMurzak.Unity.MCP.TestFiles.dll (+pdb)
Processing assembly Library/Bee/artifacts/2400b0aE.dag/com.IvanMurzak.Unity.MCP.TestFiles.dll, with 134 defines and 282 references
processors: Unity.Jobs.CodeGen.JobsILPostProcessor, zzzUnity.Burst.CodeGen.BurstILPostProcessor
running Unity.Jobs.CodeGen.JobsILPostProcessor
running zzzUnity.Burst.CodeGen.BurstILPostProcessor
[836/994    0s] ILPostProcess Library/Bee/artifacts/2400b0aE.dag/post-processed/Unity.AppUI.MVVM.dll (+pdb)
Processing assembly Library/Bee/artifacts/2400b0aE.dag/Unity.AppUI.MVVM.dll, with 135 defines and 284 references
processors: Unity.Jobs.CodeGen.JobsILPostProcessor, zzzUnity.Burst.CodeGen.BurstILPostProcessor
running Unity.Jobs.CodeGen.JobsILPostProcessor
running zzzUnity.Burst.CodeGen.BurstILPostProcessor
[837/994    0s] ILPostProcess Library/Bee/artifacts/2400b0aE.dag/post-processed/com.IvanMurzak.Unity.MCP.Runtime.dll (+pdb)
Processing assembly Library/Bee/artifacts/2400b0aE.dag/com.IvanMurzak.Unity.MCP.Runtime.dll, with 134 defines and 242 references
processors: Unity.Jobs.CodeGen.JobsILPostProcessor, zzzUnity.Burst.CodeGen.BurstILPostProcessor
running Unity.Jobs.CodeGen.JobsILPostProcessor
running zzzUnity.Burst.CodeGen.BurstILPostProcessor
[838/994    0s] MovedFromExtractor-Combine Library/Bee/artifacts/2400b0aE.dag/com.IvanMurzak.Unity.MCP.Editor.dll.mvfrm
[739/994    0s] Csc Library/Bee/artifacts/2400b0aE.dag/com.IvanMurzak.Unity.MCP.Editor.dll (+2 others) [CacheHit 2de60469b29ec674a55f1a02ec20ffef00000000000000000000000000000005]
[839/994   1788551859s] Csc Library/Bee/artifacts/2400b0aE.dag/com.IvanMurzak.Unity.MCP.Editor.dll (+2 others)
[841/994    0s] ILPostProcess Library/Bee/artifacts/2400b0aE.dag/post-processed/Unity.AI.Image.dll (+pdb)
Processing assembly Library/Bee/artifacts/2400b0aE.dag/Unity.AI.Image.dll, with 132 defines and 335 references
processors: Unity.Jobs.CodeGen.JobsILPostProcessor, zzzUnity.Burst.CodeGen.BurstILPostProcessor
running Unity.Jobs.CodeGen.JobsILPostProcessor
running zzzUnity.Burst.CodeGen.BurstILPostProcessor
[842/994    0s] ILPostProcess Library/Bee/artifacts/2400b0aE.dag/post-processed/Unity.AI.Pbr.dll (+pdb)
Processing assembly Library/Bee/artifacts/2400b0aE.dag/Unity.AI.Pbr.dll, with 132 defines and 334 references
processors: Unity.Jobs.CodeGen.JobsILPostProcessor, zzzUnity.Burst.CodeGen.BurstILPostProcessor
running Unity.Jobs.CodeGen.JobsILPostProcessor
running zzzUnity.Burst.CodeGen.BurstILPostProcessor
[843/994    0s] ILPostProcess Library/Bee/artifacts/2400b0aE.dag/post-processed/Unity.Sysroot.Linux_x86_64.dll (+pdb)
Processing assembly Library/Bee/artifacts/2400b0aE.dag/Unity.Sysroot.Linux_x86_64.dll, with 132 defines and 319 references
processors: Unity.Jobs.CodeGen.JobsILPostProcessor, zzzUnity.Burst.CodeGen.BurstILPostProcessor
running Unity.Jobs.CodeGen.JobsILPostProcessor
running zzzUnity.Burst.CodeGen.BurstILPostProcessor
[844/994    0s] ILPostProcess Library/Bee/artifacts/2400b0aE.dag/post-processed/Unity.AI.MCP.Editor.dll (+pdb)
Processing assembly Library/Bee/artifacts/2400b0aE.dag/Unity.AI.MCP.Editor.dll, with 132 defines and 279 references
processors: Unity.Jobs.CodeGen.JobsILPostProcessor, zzzUnity.Burst.CodeGen.BurstILPostProcessor
running Unity.Jobs.CodeGen.JobsILPostProcessor
running zzzUnity.Burst.CodeGen.BurstILPostProcessor
[845/994    0s] ILPostProcess Library/Bee/artifacts/2400b0aE.dag/post-processed/Unity.AI.Assistant.Integrations.Profiler.Editor.dll (+pdb)
Processing assembly Library/Bee/artifacts/2400b0aE.dag/Unity.AI.Assistant.Integrations.Profiler.Editor.dll, with 132 defines and 323 references
processors: Unity.Jobs.CodeGen.JobsILPostProcessor, zzzUnity.Burst.CodeGen.BurstILPostProcessor
running Unity.Jobs.CodeGen.JobsILPostProcessor
running zzzUnity.Burst.CodeGen.BurstILPostProcessor
[846/994    0s] ILPostProcess Library/Bee/artifacts/2400b0aE.dag/post-processed/Unity.AI.Toolkit.GenerationObjectPicker.dll (+pdb)
Processing assembly Library/Bee/artifacts/2400b0aE.dag/Unity.AI.Toolkit.GenerationObjectPicker.dll, with 133 defines and 321 references
processors: Unity.Jobs.CodeGen.JobsILPostProcessor, zzzUnity.Burst.CodeGen.BurstILPostProcessor
running Unity.Jobs.CodeGen.JobsILPostProcessor
running zzzUnity.Burst.CodeGen.BurstILPostProcessor
[847/994    0s] ILPostProcess Library/Bee/artifacts/2400b0aE.dag/post-processed/Unity.AI.Generators.Redux.dll (+pdb)
Processing assembly Library/Bee/artifacts/2400b0aE.dag/Unity.AI.Generators.Redux.dll, with 132 defines and 321 references
processors: Unity.Jobs.CodeGen.JobsILPostProcessor, zzzUnity.Burst.CodeGen.BurstILPostProcessor
running Unity.Jobs.CodeGen.JobsILPostProcessor
running zzzUnity.Burst.CodeGen.BurstILPostProcessor
[848/994    0s] ILPostProcess Library/Bee/artifacts/2400b0aE.dag/post-processed/Unity.SysrootPackage.Editor.dll (+pdb)
Processing assembly Library/Bee/artifacts/2400b0aE.dag/Unity.SysrootPackage.Editor.dll, with 132 defines and 318 references
processors: Unity.Jobs.CodeGen.JobsILPostProcessor, zzzUnity.Burst.CodeGen.BurstILPostProcessor
running Unity.Jobs.CodeGen.JobsILPostProcessor
running zzzUnity.Burst.CodeGen.BurstILPostProcessor
[849/994    0s] ILPostProcess Library/Bee/artifacts/2400b0aE.dag/post-processed/Unity.AI.Mesh.dll (+pdb)
Processing assembly Library/Bee/artifacts/2400b0aE.dag/Unity.AI.Mesh.dll, with 132 defines and 332 references
processors: Unity.Jobs.CodeGen.JobsILPostProcessor, zzzUnity.Burst.CodeGen.BurstILPostProcessor
running Unity.Jobs.CodeGen.JobsILPostProcessor
running zzzUnity.Burst.CodeGen.BurstILPostProcessor
[850/994    0s] ILPostProcess Library/Bee/artifacts/2400b0aE.dag/post-processed/Unity.AI.Assistant.UI.Editor.dll (+pdb)
Processing assembly Library/Bee/artifacts/2400b0aE.dag/Unity.AI.Assistant.UI.Editor.dll, with 132 defines and 282 references
processors: Unity.Jobs.CodeGen.JobsILPostProcessor, zzzUnity.Burst.CodeGen.BurstILPostProcessor
running Unity.Jobs.CodeGen.JobsILPostProcessor
running zzzUnity.Burst.CodeGen.BurstILPostProcessor
[851/994    0s] ILPostProcess Library/Bee/artifacts/2400b0aE.dag/post-processed/Unity.AI.Generators.UI.AIDropdownIntegrations.dll (+pdb)
Processing assembly Library/Bee/artifacts/2400b0aE.dag/Unity.AI.Generators.UI.AIDropdownIntegrations.dll, with 132 defines and 321 references
processors: Unity.Jobs.CodeGen.JobsILPostProcessor, zzzUnity.Burst.CodeGen.BurstILPostProcessor
running Unity.Jobs.CodeGen.JobsILPostProcessor
running zzzUnity.Burst.CodeGen.BurstILPostProcessor
[852/994    0s] ILPostProcess Library/Bee/artifacts/2400b0aE.dag/post-processed/Unity.AI.Generators.Tools.dll (+pdb)
Processing assembly Library/Bee/artifacts/2400b0aE.dag/Unity.AI.Generators.Tools.dll, with 132 defines and 331 references
processors: Unity.Jobs.CodeGen.JobsILPostProcessor, zzzUnity.Burst.CodeGen.BurstILPostProcessor
running Unity.Jobs.CodeGen.JobsILPostProcessor
running zzzUnity.Burst.CodeGen.BurstILPostProcessor
[853/994    0s] ILPostProcess Library/Bee/artifacts/2400b0aE.dag/post-processed/Unity.AI.Assistant.API.Editor.dll (+pdb)
Processing assembly Library/Bee/artifacts/2400b0aE.dag/Unity.AI.Assistant.API.Editor.dll, with 132 defines and 322 references
processors: Unity.Jobs.CodeGen.JobsILPostProcessor, zzzUnity.Burst.CodeGen.BurstILPostProcessor
running Unity.Jobs.CodeGen.JobsILPostProcessor
running zzzUnity.Burst.CodeGen.BurstILPostProcessor
[854/994    0s] ILPostProcess Library/Bee/artifacts/2400b0aE.dag/post-processed/Unity.AI.Assistant.Tools.Editor.dll (+pdb)
Processing assembly Library/Bee/artifacts/2400b0aE.dag/Unity.AI.Assistant.Tools.Editor.dll, with 132 defines and 281 references
processors: Unity.Jobs.CodeGen.JobsILPostProcessor, zzzUnity.Burst.CodeGen.BurstILPostProcessor
running Unity.Jobs.CodeGen.JobsILPostProcessor
running zzzUnity.Burst.CodeGen.BurstILPostProcessor
[855/994    0s] ILPostProcess Library/Bee/artifacts/2400b0aE.dag/post-processed/Unity.AI.Generators.Contexts.dll (+pdb)
Processing assembly Library/Bee/artifacts/2400b0aE.dag/Unity.AI.Generators.Contexts.dll, with 132 defines and 318 references
processors: Unity.Jobs.CodeGen.JobsILPostProcessor, zzzUnity.Burst.CodeGen.BurstILPostProcessor
running Unity.Jobs.CodeGen.JobsILPostProcessor
running zzzUnity.Burst.CodeGen.BurstILPostProcessor
[856/994    0s] ILPostProcess Library/Bee/artifacts/2400b0aE.dag/post-processed/Unity.AutoGroupGenerator.Editor.dll (+pdb)
Processing assembly Library/Bee/artifacts/2400b0aE.dag/Unity.AutoGroupGenerator.Editor.dll, with 132 defines and 320 references
processors: Unity.Jobs.CodeGen.JobsILPostProcessor, zzzUnity.Burst.CodeGen.BurstILPostProcessor
running Unity.Jobs.CodeGen.JobsILPostProcessor
running zzzUnity.Burst.CodeGen.BurstILPostProcessor
[857/994    0s] ILPostProcess Library/Bee/artifacts/2400b0aE.dag/post-processed/Unity.AI.Generators.Asset.dll (+pdb)
Processing assembly Library/Bee/artifacts/2400b0aE.dag/Unity.AI.Generators.Asset.dll, with 132 defines and 323 references
processors: Unity.Jobs.CodeGen.JobsILPostProcessor, zzzUnity.Burst.CodeGen.BurstILPostProcessor
running Unity.Jobs.CodeGen.JobsILPostProcessor
running zzzUnity.Burst.CodeGen.BurstILPostProcessor
[858/994    0s] ILPostProcess Library/Bee/artifacts/2400b0aE.dag/post-processed/Unity.AI.Sound.dll (+pdb)
Processing assembly Library/Bee/artifacts/2400b0aE.dag/Unity.AI.Sound.dll, with 132 defines and 334 references
processors: Unity.Jobs.CodeGen.JobsILPostProcessor, zzzUnity.Burst.CodeGen.BurstILPostProcessor
running Unity.Jobs.CodeGen.JobsILPostProcessor
running zzzUnity.Burst.CodeGen.BurstILPostProcessor
[859/994    0s] ILPostProcess Library/Bee/artifacts/2400b0aE.dag/post-processed/Unity.Toolchain.Linux-x86_64-Linux.dll (+pdb)
Processing assembly Library/Bee/artifacts/2400b0aE.dag/Unity.Toolchain.Linux-x86_64-Linux.dll, with 132 defines and 319 references
processors: Unity.Jobs.CodeGen.JobsILPostProcessor, zzzUnity.Burst.CodeGen.BurstILPostProcessor
running Unity.Jobs.CodeGen.JobsILPostProcessor
running zzzUnity.Burst.CodeGen.BurstILPostProcessor
[860/994    0s] ILPostProcess Library/Bee/artifacts/2400b0aE.dag/post-processed/Unity.AppUI.Redux.Editor.dll (+pdb)
Processing assembly Library/Bee/artifacts/2400b0aE.dag/Unity.AppUI.Redux.Editor.dll, with 135 defines and 270 references
processors: Unity.Jobs.CodeGen.JobsILPostProcessor, zzzUnity.Burst.CodeGen.BurstILPostProcessor
running Unity.Jobs.CodeGen.JobsILPostProcessor
running zzzUnity.Burst.CodeGen.BurstILPostProcessor
[861/994    0s] ILPostProcess Library/Bee/artifacts/2400b0aE.dag/post-processed/Unity.AI.Toolkit.Compliance.dll (+pdb)
Processing assembly Library/Bee/artifacts/2400b0aE.dag/Unity.AI.Toolkit.Compliance.dll, with 132 defines and 318 references
processors: Unity.Jobs.CodeGen.JobsILPostProcessor, zzzUnity.Burst.CodeGen.BurstILPostProcessor
running Unity.Jobs.CodeGen.JobsILPostProcessor
running zzzUnity.Burst.CodeGen.BurstILPostProcessor
[862/994    0s] ILPostProcess Library/Bee/artifacts/2400b0aE.dag/post-processed/com.IvanMurzak.Unity.MCP.Editor.dll (+pdb)
Processing assembly Library/Bee/artifacts/2400b0aE.dag/com.IvanMurzak.Unity.MCP.Editor.dll, with 132 defines and 281 references
processors: Unity.Jobs.CodeGen.JobsILPostProcessor, zzzUnity.Burst.CodeGen.BurstILPostProcessor
running Unity.Jobs.CodeGen.JobsILPostProcessor
running zzzUnity.Burst.CodeGen.BurstILPostProcessor
[863/994    0s] ILPostProcess Library/Bee/artifacts/2400b0aE.dag/post-processed/Unity.AI.Assistant.Annotations.Editor.dll (+pdb)
Processing assembly Library/Bee/artifacts/2400b0aE.dag/Unity.AI.Assistant.Annotations.Editor.dll, with 132 defines and 318 references
processors: Unity.Jobs.CodeGen.JobsILPostProcessor, zzzUnity.Burst.CodeGen.BurstILPostProcessor
running Unity.Jobs.CodeGen.JobsILPostProcessor
running zzzUnity.Burst.CodeGen.BurstILPostProcessor
[864/994    0s] ILPostProcess Library/Bee/artifacts/2400b0aE.dag/post-processed/Unity.ScriptableBuildPipeline.Editor.dll (+pdb)
Processing assembly Library/Bee/artifacts/2400b0aE.dag/Unity.ScriptableBuildPipeline.Editor.dll, with 135 defines and 319 references
processors: Unity.Jobs.CodeGen.JobsILPostProcessor, zzzUnity.Burst.CodeGen.BurstILPostProcessor
running Unity.Jobs.CodeGen.JobsILPostProcessor
running zzzUnity.Burst.CodeGen.BurstILPostProcessor
[865/994    0s] ILPostProcess Library/Bee/artifacts/2400b0aE.dag/post-processed/Unity.AppUI.Navigation.Editor.dll (+pdb)
Processing assembly Library/Bee/artifacts/2400b0aE.dag/Unity.AppUI.Navigation.Editor.dll, with 132 defines and 322 references
processors: Unity.Jobs.CodeGen.JobsILPostProcessor, zzzUnity.Burst.CodeGen.BurstILPostProcessor
running Unity.Jobs.CodeGen.JobsILPostProcessor
running zzzUnity.Burst.CodeGen.BurstILPostProcessor
[866/994    0s] ILPostProcess Library/Bee/artifacts/2400b0aE.dag/post-processed/Unity.AI.Assistant.Editor.dll (+pdb)
Processing assembly Library/Bee/artifacts/2400b0aE.dag/Unity.AI.Assistant.Editor.dll, with 132 defines and 279 references
processors: Unity.Jobs.CodeGen.JobsILPostProcessor, zzzUnity.Burst.CodeGen.BurstILPostProcessor
running Unity.Jobs.CodeGen.JobsILPostProcessor
running zzzUnity.Burst.CodeGen.BurstILPostProcessor
[867/994    0s] ILPostProcess Library/Bee/artifacts/2400b0aE.dag/post-processed/HFDownloader.dll (+pdb)
Processing assembly Library/Bee/artifacts/2400b0aE.dag/HFDownloader.dll, with 132 defines and 267 references
processors: Unity.Jobs.CodeGen.JobsILPostProcessor, zzzUnity.Burst.CodeGen.BurstILPostProcessor
running Unity.Jobs.CodeGen.JobsILPostProcessor
running zzzUnity.Burst.CodeGen.BurstILPostProcessor
[868/994    0s] ILPostProcess Library/Bee/artifacts/2400b0aE.dag/post-processed/Unity.AI.Toolkit.Async.dll (+pdb)
Processing assembly Library/Bee/artifacts/2400b0aE.dag/Unity.AI.Toolkit.Async.dll, with 132 defines and 318 references
processors: Unity.Jobs.CodeGen.JobsILPostProcessor, zzzUnity.Burst.CodeGen.BurstILPostProcessor
running Unity.Jobs.CodeGen.JobsILPostProcessor
running zzzUnity.Burst.CodeGen.BurstILPostProcessor
[869/994    0s] ILPostProcess Library/Bee/artifacts/2400b0aE.dag/post-processed/Unity.AI.Assistant.AssetGenerators.Editor.dll (+pdb)
Processing assembly Library/Bee/artifacts/2400b0aE.dag/Unity.AI.Assistant.AssetGenerators.Editor.dll, with 132 defines and 276 references
processors: Unity.Jobs.CodeGen.JobsILPostProcessor, zzzUnity.Burst.CodeGen.BurstILPostProcessor
running Unity.Jobs.CodeGen.JobsILPostProcessor
running zzzUnity.Burst.CodeGen.BurstILPostProcessor
[870/994    0s] ILPostProcess Library/Bee/artifacts/2400b0aE.dag/post-processed/com.IvanMurzak.Unity.MCP.DependencyResolver.dll (+pdb)
Processing assembly Library/Bee/artifacts/2400b0aE.dag/com.IvanMurzak.Unity.MCP.DependencyResolver.dll, with 132 defines and 266 references
processors: Unity.Jobs.CodeGen.JobsILPostProcessor, zzzUnity.Burst.CodeGen.BurstILPostProcessor
running Unity.Jobs.CodeGen.JobsILPostProcessor
running zzzUnity.Burst.CodeGen.BurstILPostProcessor
[871/994    0s] ILPostProcess Library/Bee/artifacts/2400b0aE.dag/post-processed/Unity.AI.Generators.Sdk.dll (+pdb)
Processing assembly Library/Bee/artifacts/2400b0aE.dag/Unity.AI.Generators.Sdk.dll, with 132 defines and 322 references
processors: Unity.Jobs.CodeGen.JobsILPostProcessor, zzzUnity.Burst.CodeGen.BurstILPostProcessor
running Unity.Jobs.CodeGen.JobsILPostProcessor
running zzzUnity.Burst.CodeGen.BurstILPostProcessor
[872/994    0s] ILPostProcess Library/Bee/artifacts/2400b0aE.dag/post-processed/Unity.AI.Toolkit.Utility.dll (+pdb)
Processing assembly Library/Bee/artifacts/2400b0aE.dag/Unity.AI.Toolkit.Utility.dll, with 132 defines and 318 references
processors: Unity.Jobs.CodeGen.JobsILPostProcessor, zzzUnity.Burst.CodeGen.BurstILPostProcessor
running Unity.Jobs.CodeGen.JobsILPostProcessor
running zzzUnity.Burst.CodeGen.BurstILPostProcessor
[873/994    0s] ILPostProcess Library/Bee/artifacts/2400b0aE.dag/post-processed/Unity.Mathematics.Editor.dll (+pdb)
Processing assembly Library/Bee/artifacts/2400b0aE.dag/Unity.Mathematics.Editor.dll, with 132 defines and 319 references
processors: Unity.Jobs.CodeGen.JobsILPostProcessor, zzzUnity.Burst.CodeGen.BurstILPostProcessor
running Unity.Jobs.CodeGen.JobsILPostProcessor
running zzzUnity.Burst.CodeGen.BurstILPostProcessor
[874/994    0s] ILPostProcess Library/Bee/artifacts/2400b0aE.dag/post-processed/Unity.AI.Pbr.Srp.dll (+pdb)
Processing assembly Library/Bee/artifacts/2400b0aE.dag/Unity.AI.Pbr.Srp.dll, with 132 defines and 319 references
processors: Unity.Jobs.CodeGen.JobsILPostProcessor, zzzUnity.Burst.CodeGen.BurstILPostProcessor
running Unity.Jobs.CodeGen.JobsILPostProcessor
running zzzUnity.Burst.CodeGen.BurstILPostProcessor
[875/994    0s] ILPostProcess Library/Bee/artifacts/2400b0aE.dag/post-processed/Unity.2D.Sprite.Editor.dll (+pdb)
Processing assembly Library/Bee/artifacts/2400b0aE.dag/Unity.2D.Sprite.Editor.dll, with 132 defines and 318 references
processors: Unity.Jobs.CodeGen.JobsILPostProcessor, zzzUnity.Burst.CodeGen.BurstILPostProcessor
running Unity.Jobs.CodeGen.JobsILPostProcessor
running zzzUnity.Burst.CodeGen.BurstILPostProcessor
[876/994    0s] ILPostProcess Library/Bee/artifacts/2400b0aE.dag/post-processed/Unity.AI.Generators.IO.Srp.dll (+pdb)
Processing assembly Library/Bee/artifacts/2400b0aE.dag/Unity.AI.Generators.IO.Srp.dll, with 132 defines and 318 references
processors: Unity.Jobs.CodeGen.JobsILPostProcessor, zzzUnity.Burst.CodeGen.BurstILPostProcessor
running Unity.Jobs.CodeGen.JobsILPostProcessor
running zzzUnity.Burst.CodeGen.BurstILPostProcessor
[877/994    0s] ILPostProcess Library/Bee/artifacts/2400b0aE.dag/post-processed/Unity.AI.Toolkit.GenerationContextMenu.dll (+pdb)
Processing assembly Library/Bee/artifacts/2400b0aE.dag/Unity.AI.Toolkit.GenerationContextMenu.dll, with 132 defines and 319 references
processors: Unity.Jobs.CodeGen.JobsILPostProcessor, zzzUnity.Burst.CodeGen.BurstILPostProcessor
running Unity.Jobs.CodeGen.JobsILPostProcessor
running zzzUnity.Burst.CodeGen.BurstILPostProcessor
[878/994    0s] ILPostProcess Library/Bee/artifacts/2400b0aE.dag/post-processed/Unity.Addressables.DocExampleCode.Editor.Tests.dll (+pdb)
Processing assembly Library/Bee/artifacts/2400b0aE.dag/Unity.Addressables.DocExampleCode.Editor.Tests.dll, with 134 defines and 270 references
processors: Unity.Jobs.CodeGen.JobsILPostProcessor, zzzUnity.Burst.CodeGen.BurstILPostProcessor
running Unity.Jobs.CodeGen.JobsILPostProcessor
running zzzUnity.Burst.CodeGen.BurstILPostProcessor
[879/994    0s] ILPostProcess Library/Bee/artifacts/2400b0aE.dag/post-processed/Unity.AI.Search.Editor.dll (+pdb)
Processing assembly Library/Bee/artifacts/2400b0aE.dag/Unity.AI.Search.Editor.dll, with 133 defines and 275 references
processors: Unity.Jobs.CodeGen.JobsILPostProcessor, zzzUnity.Burst.CodeGen.BurstILPostProcessor
running Unity.Jobs.CodeGen.JobsILPostProcessor
running zzzUnity.Burst.CodeGen.BurstILPostProcessor
[880/994    1s] ILPostProcess Library/Bee/artifacts/2400b0aE.dag/post-processed/Extensions.Unity.PlayerPrefsEx.dll (+pdb)
Processing assembly Library/Bee/artifacts/2400b0aE.dag/Extensions.Unity.PlayerPrefsEx.dll, with 134 defines and 285 references
processors: Unity.Jobs.CodeGen.JobsILPostProcessor, zzzUnity.Burst.CodeGen.BurstILPostProcessor
running Unity.Jobs.CodeGen.JobsILPostProcessor
running zzzUnity.Burst.CodeGen.BurstILPostProcessor
[881/994    1s] ILPostProcess Library/Bee/artifacts/2400b0aE.dag/post-processed/Unity.AppUI.Undo.dll (+pdb)
Processing assembly Library/Bee/artifacts/2400b0aE.dag/Unity.AppUI.Undo.dll, with 134 defines and 282 references
processors: Unity.Jobs.CodeGen.JobsILPostProcessor, zzzUnity.Burst.CodeGen.BurstILPostProcessor
running Unity.Jobs.CodeGen.JobsILPostProcessor
running zzzUnity.Burst.CodeGen.BurstILPostProcessor
[882/994    0s] ILPostProcess Library/Bee/artifacts/2400b0aE.dag/post-processed/Unity.AppUI.Editor.dll (+pdb)
Processing assembly Library/Bee/artifacts/2400b0aE.dag/Unity.AppUI.Editor.dll, with 134 defines and 321 references
processors: Unity.Jobs.CodeGen.JobsILPostProcessor, zzzUnity.Burst.CodeGen.BurstILPostProcessor
running Unity.Jobs.CodeGen.JobsILPostProcessor
running zzzUnity.Burst.CodeGen.BurstILPostProcessor
[883/994    1s] ILPostProcess Library/Bee/artifacts/2400b0aE.dag/post-processed/Unity.InferenceEngine.MacBLAS.dll (+pdb)
Processing assembly Library/Bee/artifacts/2400b0aE.dag/Unity.InferenceEngine.MacBLAS.dll, with 134 defines and 286 references
processors: Unity.Jobs.CodeGen.JobsILPostProcessor, zzzUnity.Burst.CodeGen.BurstILPostProcessor
running Unity.Jobs.CodeGen.JobsILPostProcessor
running zzzUnity.Burst.CodeGen.BurstILPostProcessor
[884/994    1s] ILPostProcess Library/Bee/artifacts/2400b0aE.dag/post-processed/Unity.InferenceEngine.iOSBLAS.dll (+pdb)
Processing assembly Library/Bee/artifacts/2400b0aE.dag/Unity.InferenceEngine.iOSBLAS.dll, with 134 defines and 286 references
processors: Unity.Jobs.CodeGen.JobsILPostProcessor, zzzUnity.Burst.CodeGen.BurstILPostProcessor
running Unity.Jobs.CodeGen.JobsILPostProcessor
running zzzUnity.Burst.CodeGen.BurstILPostProcessor
[885/994    1s] ILPostProcess Library/Bee/artifacts/2400b0aE.dag/post-processed/Unity.AI.Assistant.Runtime.dll (+pdb)
Processing assembly Library/Bee/artifacts/2400b0aE.dag/Unity.AI.Assistant.Runtime.dll, with 134 defines and 234 references
processors: Unity.Jobs.CodeGen.JobsILPostProcessor, zzzUnity.Burst.CodeGen.BurstILPostProcessor
running Unity.Jobs.CodeGen.JobsILPostProcessor
running zzzUnity.Burst.CodeGen.BurstILPostProcessor
[886/994    0s] ILPostProcess Library/Bee/artifacts/2400b0aE.dag/post-processed/Unity.InferenceEngine.Microsoft.Msagl.dll (+pdb)
Processing assembly Library/Bee/artifacts/2400b0aE.dag/Unity.InferenceEngine.Microsoft.Msagl.dll, with 132 defines and 318 references
processors: Unity.Jobs.CodeGen.JobsILPostProcessor, zzzUnity.Burst.CodeGen.BurstILPostProcessor
running Unity.Jobs.CodeGen.JobsILPostProcessor
running zzzUnity.Burst.CodeGen.BurstILPostProcessor
[887/994    0s] ILPostProcess Library/Bee/artifacts/2400b0aE.dag/post-processed/Unity.AI.Assistant.Bridge.Editor.dll (+pdb)
Processing assembly Library/Bee/artifacts/2400b0aE.dag/Unity.AI.Assistant.Bridge.Editor.dll, with 132 defines and 318 references
processors: Unity.Jobs.CodeGen.JobsILPostProcessor, zzzUnity.Burst.CodeGen.BurstILPostProcessor
running Unity.Jobs.CodeGen.JobsILPostProcessor
running zzzUnity.Burst.CodeGen.BurstILPostProcessor
[888/994    0s] ILPostProcess Library/Bee/artifacts/2400b0aE.dag/post-processed/Unity.AI.Toolkit.Accounts.dll (+pdb)
Processing assembly Library/Bee/artifacts/2400b0aE.dag/Unity.AI.Toolkit.Accounts.dll, with 132 defines and 320 references
processors: Unity.Jobs.CodeGen.JobsILPostProcessor, zzzUnity.Burst.CodeGen.BurstILPostProcessor
running Unity.Jobs.CodeGen.JobsILPostProcessor
running zzzUnity.Burst.CodeGen.BurstILPostProcessor
[889/994    0s] ILPostProcess Library/Bee/artifacts/2400b0aE.dag/post-processed/Unity.AI.Toolkit.Asset.dll (+pdb)
Processing assembly Library/Bee/artifacts/2400b0aE.dag/Unity.AI.Toolkit.Asset.dll, with 132 defines and 319 references
processors: Unity.Jobs.CodeGen.JobsILPostProcessor, zzzUnity.Burst.CodeGen.BurstILPostProcessor
running Unity.Jobs.CodeGen.JobsILPostProcessor
running zzzUnity.Burst.CodeGen.BurstILPostProcessor
[890/994    0s] ILPostProcess Library/Bee/artifacts/2400b0aE.dag/post-processed/Unity.AI.Assistant.Agent.Dynamic.Extension.Editor.dll (+pdb)
Processing assembly Library/Bee/artifacts/2400b0aE.dag/Unity.AI.Assistant.Agent.Dynamic.Extension.Editor.dll, with 132 defines and 318 references
processors: Unity.Jobs.CodeGen.JobsILPostProcessor, zzzUnity.Burst.CodeGen.BurstILPostProcessor
running Unity.Jobs.CodeGen.JobsILPostProcessor
running zzzUnity.Burst.CodeGen.BurstILPostProcessor
[891/994    0s] ILPostProcess Library/Bee/artifacts/2400b0aE.dag/post-processed/Unity.Addressables.Editor.dll (+pdb)
Processing assembly Library/Bee/artifacts/2400b0aE.dag/Unity.Addressables.Editor.dll, with 133 defines and 322 references
processors: Unity.Jobs.CodeGen.JobsILPostProcessor, zzzUnity.Burst.CodeGen.BurstILPostProcessor
running Unity.Jobs.CodeGen.JobsILPostProcessor
running zzzUnity.Burst.CodeGen.BurstILPostProcessor
[892/994    0s] ILPostProcess Library/Bee/artifacts/2400b0aE.dag/post-processed/Unity.AI.ModelSelector.dll (+pdb)
Processing assembly Library/Bee/artifacts/2400b0aE.dag/Unity.AI.ModelSelector.dll, with 132 defines and 327 references
processors: Unity.Jobs.CodeGen.JobsILPostProcessor, zzzUnity.Burst.CodeGen.BurstILPostProcessor
running Unity.Jobs.CodeGen.JobsILPostProcessor
running zzzUnity.Burst.CodeGen.BurstILPostProcessor
[893/994    0s] ILPostProcess Library/Bee/artifacts/2400b0aE.dag/post-processed/Unity.PerformanceTesting.Editor.dll (+pdb)
Processing assembly Library/Bee/artifacts/2400b0aE.dag/Unity.PerformanceTesting.Editor.dll, with 133 defines and 267 references
processors: Unity.Jobs.CodeGen.JobsILPostProcessor, zzzUnity.Burst.CodeGen.BurstILPostProcessor
running Unity.Jobs.CodeGen.JobsILPostProcessor
running zzzUnity.Burst.CodeGen.BurstILPostProcessor
[894/994    0s] CopyFiles Library/ScriptAssemblies/Unity.InferenceEngine.MacBLAS.dll
[895/994    0s] CopyFiles Library/ScriptAssemblies/Unity.InferenceEngine.Tokenization.dll
[896/994    0s] CopyFiles Library/ScriptAssemblies/Unity.AI.Tracing.dll
[897/994    0s] CopyFiles Library/ScriptAssemblies/Unity.AppUI.Navigation.dll
[898/994    0s] CopyFiles Library/ScriptAssemblies/com.IvanMurzak.Unity.MCP.TestFiles.dll
[899/994    0s] CopyFiles Library/ScriptAssemblies/com.IvanMurzak.Unity.MCP.Runtime.dll
[900/994    0s] CopyFiles Library/ScriptAssemblies/Unity.ScriptableBuildPipeline.dll
[901/994    0s] CopyFiles Library/ScriptAssemblies/Unity.Profiling.Core.dll
[902/994    0s] CopyFiles Library/ScriptAssemblies/Extensions.Unity.PlayerPrefsEx.dll
[903/994    0s] CopyFiles Library/ScriptAssemblies/Unity.Addressables.dll
[904/994    0s] CopyFiles Library/ScriptAssemblies/Unity.AppUI.InternalAPIBridge.dll
[905/994    0s] CopyFiles Library/ScriptAssemblies/Unity.AppUI.MVVM.dll
[906/994    0s] CopyFiles Library/ScriptAssemblies/Unity.AppUI.Redux.dll
[907/994    0s] CopyFiles Library/ScriptAssemblies/Unity.PerformanceTesting.dll
[908/994    0s] CopyFiles Library/ScriptAssemblies/Unity.ResourceManager.dll
[909/994    0s] CopyFiles Library/ScriptAssemblies/Unity.AppUI.Undo.dll
[910/994    0s] CopyFiles Library/ScriptAssemblies/Unity.AI.MCP.Runtime.dll
[911/994    0s] CopyFiles Library/ScriptAssemblies/Unity.AI.Animate.Motion.Runtime.dll
[912/994    0s] CopyFiles Library/ScriptAssemblies/Unity.AI.Toolkit.Accounts.dll
[913/994    0s] CopyFiles Library/ScriptAssemblies/Unity.Mathematics.dll
[914/994    0s] CopyFiles Library/ScriptAssemblies/Unity.AI.Toolkit.GenerationObjectPicker.pdb
[915/994    0s] CopyFiles Library/ScriptAssemblies/Unity.AI.Toolkit.Compliance.pdb
[916/994    0s] CopyFiles Library/ScriptAssemblies/Unity.AI.MCP.Editor.pdb
[917/994    0s] CopyFiles Library/ScriptAssemblies/Unity.AI.Animate.Motion.Runtime.pdb
[918/994    0s] CopyFiles Library/ScriptAssemblies/Unity.Mathematics.Editor.pdb
[919/994    0s] CopyFiles Library/ScriptAssemblies/Unity.AI.Assistant.Integrations.Profiler.Editor.dll
[920/994    0s] CopyFiles Library/ScriptAssemblies/Unity.AI.Toolkit.Utility.pdb
[921/994    0s] CopyFiles Library/ScriptAssemblies/Unity.AI.Toolkit.Utility.dll
[922/994    0s] CopyFiles Library/ScriptAssemblies/Unity.AI.Pbr.Srp.pdb
[923/994    0s] CopyFiles Library/ScriptAssemblies/Unity.AI.Generators.UI.AIDropdownIntegrations.dll
[924/994    0s] CopyFiles Library/ScriptAssemblies/Unity.AI.Search.Editor.dll
[925/994    0s] CopyFiles Library/ScriptAssemblies/Unity.AppUI.Undo.pdb
[926/994    0s] CopyFiles Library/ScriptAssemblies/Unity.AI.Assistant.Annotations.Editor.dll
[927/994    0s] CopyFiles Library/ScriptAssemblies/Unity.AI.Generators.Contexts.pdb
[928/994    0s] CopyFiles Library/ScriptAssemblies/Unity.SysrootPackage.Editor.dll
[929/994    0s] CopyFiles Library/ScriptAssemblies/Unity.AppUI.dll
[930/994    0s] CopyFiles Library/ScriptAssemblies/Unity.SysrootPackage.Editor.pdb
[931/994    0s] CopyFiles Library/ScriptAssemblies/HFDownloader.pdb
[932/994    0s] CopyFiles Library/ScriptAssemblies/Unity.Addressables.DocExampleCode.Editor.Tests.dll
[933/994    0s] ILPostProcess Library/Bee/artifacts/2400b0aE.dag/post-processed/Unity.InferenceEngine.ONNX.Editor.dll (+pdb)
Processing assembly Library/Bee/artifacts/2400b0aE.dag/Unity.InferenceEngine.ONNX.Editor.dll, with 132 defines and 267 references
processors: Unity.Jobs.CodeGen.JobsILPostProcessor, zzzUnity.Burst.CodeGen.BurstILPostProcessor
running Unity.Jobs.CodeGen.JobsILPostProcessor
running zzzUnity.Burst.CodeGen.BurstILPostProcessor
[934/994    0s] CopyFiles Library/ScriptAssemblies/Unity.2D.Sprite.Editor.dll
[935/994    0s] CopyFiles Library/ScriptAssemblies/Unity.AI.Pbr.pdb
[936/994    0s] CopyFiles Library/ScriptAssemblies/Unity.AI.Mesh.dll
[937/994    0s] CopyFiles Library/ScriptAssemblies/Unity.AI.Generators.UI.AIDropdownIntegrations.pdb
[938/994    0s] CopyFiles Library/ScriptAssemblies/Unity.AI.Generators.Tools.dll
[939/994    0s] CopyFiles Library/ScriptAssemblies/Extensions.Unity.PlayerPrefsEx.pdb
[940/994    0s] CopyFiles Library/ScriptAssemblies/com.IvanMurzak.Unity.MCP.DependencyResolver.pdb
[941/994    0s] CopyFiles Library/ScriptAssemblies/Unity.ScriptableBuildPipeline.pdb
[942/994    0s] CopyFiles Library/ScriptAssemblies/Unity.AI.Generators.Tools.pdb
[943/994    0s] CopyFiles Library/ScriptAssemblies/Unity.PerformanceTesting.pdb
[944/994    0s] CopyFiles Library/ScriptAssemblies/Unity.AI.Toolkit.GenerationObjectPicker.dll
[945/994    0s] CopyFiles Library/ScriptAssemblies/Unity.AppUI.Navigation.Editor.dll
[946/994    0s] CopyFiles Library/ScriptAssemblies/Unity.AI.Assistant.Integrations.Profiler.Editor.pdb
[947/994    0s] CopyFiles Library/ScriptAssemblies/Unity.AI.Search.Editor.pdb
[948/994    0s] CopyFiles Library/ScriptAssemblies/Unity.AI.Generators.Asset.dll
[949/994    0s] CopyFiles Library/ScriptAssemblies/com.IvanMurzak.Unity.MCP.Editor.dll
[950/994    0s] CopyFiles Library/ScriptAssemblies/Unity.Addressables.DocExampleCode.Editor.Tests.pdb
[951/994    0s] CopyFiles Library/ScriptAssemblies/Unity.AppUI.pdb
[952/994    0s] CopyFiles Library/ScriptAssemblies/Unity.AI.Generators.Asset.pdb
[953/994    0s] CopyFiles Library/ScriptAssemblies/Unity.2D.Sprite.Editor.pdb
[954/994    0s] CopyFiles Library/ScriptAssemblies/Unity.AppUI.Navigation.Editor.pdb
[955/994    0s] CopyFiles Library/ScriptAssemblies/Unity.AutoGroupGenerator.Editor.pdb
[956/994    0s] CopyFiles Library/ScriptAssemblies/Unity.AI.Generators.Sdk.dll
[957/994    0s] CopyFiles Library/ScriptAssemblies/Unity.AppUI.Navigation.pdb
[958/994    0s] CopyFiles Library/ScriptAssemblies/Unity.AI.Generators.Contexts.dll
[959/994    0s] CopyFiles Library/ScriptAssemblies/com.IvanMurzak.Unity.MCP.Editor.pdb
[960/994    0s] CopyFiles Library/ScriptAssemblies/Unity.AppUI.MVVM.pdb
[961/994    0s] CopyFiles Library/ScriptAssemblies/com.IvanMurzak.Unity.MCP.DependencyResolver.dll
[962/994    0s] CopyFiles Library/ScriptAssemblies/Unity.InferenceEngine.Microsoft.Msagl.pdb
[963/994    0s] CopyFiles Library/ScriptAssemblies/Unity.AI.Tracing.pdb
[964/994    0s] CopyFiles Library/ScriptAssemblies/Unity.AI.Assistant.UI.Editor.pdb
[965/994    0s] CopyFiles Library/ScriptAssemblies/Unity.AI.Assistant.Tools.Editor.dll
[966/994    0s] CopyFiles Library/ScriptAssemblies/com.IvanMurzak.Unity.MCP.TestFiles.pdb
[967/994    0s] CopyFiles Library/ScriptAssemblies/Unity.AI.Assistant.Editor.pdb
[968/994    0s] CopyFiles Library/ScriptAssemblies/Unity.Profiling.Core.pdb
[969/994    0s] CopyFiles Library/ScriptAssemblies/Unity.AI.Assistant.AssetGenerators.Editor.pdb
[970/994    0s] CopyFiles Library/ScriptAssemblies/Unity.AI.Toolkit.Compliance.dll
[971/994    0s] CopyFiles Library/ScriptAssemblies/Unity.InferenceEngine.Tokenization.pdb
[972/994    0s] CopyFiles Library/ScriptAssemblies/Unity.Mathematics.Editor.dll
[973/994    0s] CopyFiles Library/ScriptAssemblies/Unity.InferenceEngine.MacBLAS.pdb
[974/994    0s] CopyFiles Library/ScriptAssemblies/Unity.AutoGroupGenerator.Editor.dll
[975/994    0s] CopyFiles Library/ScriptAssemblies/Unity.AI.Toolkit.Async.dll
[976/994    0s] CopyFiles Library/ScriptAssemblies/Unity.Toolchain.Linux-x86_64-Linux.dll
[977/994    0s] ILPostProcess Library/Bee/artifacts/2400b0aE.dag/post-processed/Unity.AI.Animate.dll (+pdb)
Processing assembly Library/Bee/artifacts/2400b0aE.dag/Unity.AI.Animate.dll, with 132 defines and 335 references
processors: Unity.Jobs.CodeGen.JobsILPostProcessor, zzzUnity.Burst.CodeGen.BurstILPostProcessor
running Unity.Jobs.CodeGen.JobsILPostProcessor
running zzzUnity.Burst.CodeGen.BurstILPostProcessor
[978/994    0s] CopyFiles Library/ScriptAssemblies/Unity.AI.Generators.Redux.dll
[979/994    0s] CopyFiles Library/ScriptAssemblies/Unity.AppUI.Redux.Editor.dll
[980/994    0s] CopyFiles Library/ScriptAssemblies/Unity.AI.Assistant.Editor.dll
[981/994    0s] CopyFiles Library/ScriptAssemblies/Unity.Toolchain.Linux-x86_64-Linux.pdb
[982/994    0s] CopyFiles Library/ScriptAssemblies/Unity.AI.Mesh.pdb
[983/994    0s] CopyFiles Library/ScriptAssemblies/Unity.AI.Toolkit.Async.pdb
[984/994    0s] CopyFiles Library/ScriptAssemblies/Unity.AI.Pbr.Srp.dll
[985/994    0s] CopyFiles Library/ScriptAssemblies/Unity.AI.MCP.Runtime.pdb
[986/994    0s] CopyFiles Library/ScriptAssemblies/Unity.Sysroot.Linux_x86_64.pdb
[987/994    0s] CopyFiles Library/ScriptAssemblies/Unity.AppUI.Editor.pdb
[988/994    0s] CopyFiles Library/ScriptAssemblies/Unity.AI.Sound.pdb
[989/994    0s] CopyFiles Library/ScriptAssemblies/Unity.AppUI.Editor.dll
[990/994    0s] CopyFiles Library/ScriptAssemblies/Unity.AI.Toolkit.Accounts.pdb
[991/994    0s] CopyFiles Library/ScriptAssemblies/Unity.Addressables.pdb
[992/994    0s] CopyFiles Library/ScriptAssemblies/Unity.AI.Sound.dll
[993/994    0s] CopyFiles Library/ScriptAssemblies/Unity.AI.Pbr.dll
[994/994    0s] CopyFiles Library/ScriptAssemblies/Unity.AI.Assistant.Tools.Editor.pdb
[995/994    0s] CopyFiles Library/ScriptAssemblies/Unity.AI.MCP.Editor.dll
[996/994    0s] CopyFiles Library/ScriptAssemblies/Unity.AppUI.Redux.pdb
[997/994    0s] CopyFiles Library/ScriptAssemblies/Unity.AI.Generators.Redux.pdb
[998/994    0s] CopyFiles Library/ScriptAssemblies/Unity.AI.Image.dll
[999/994    0s] CopyFiles Library/ScriptAssemblies/Unity.AppUI.InternalAPIBridge.pdb
[1000/994   0s] CopyFiles Library/ScriptAssemblies/Unity.ResourceManager.pdb
[1001/994   0s] CopyFiles Library/ScriptAssemblies/Unity.AI.Assistant.Annotations.Editor.pdb
[1002/994   0s] CopyFiles Library/ScriptAssemblies/Unity.AI.Toolkit.GenerationContextMenu.dll
[1003/994   0s] CopyFiles Library/ScriptAssemblies/HFDownloader.dll
[1004/994   0s] CopyFiles Library/ScriptAssemblies/Unity.AI.Toolkit.GenerationContextMenu.pdb
[1005/994   0s] CopyFiles Library/ScriptAssemblies/Unity.Mathematics.pdb
[1006/994   0s] CopyFiles Library/ScriptAssemblies/Unity.AI.Assistant.API.Editor.pdb
[1007/994   0s] CopyFiles Library/ScriptAssemblies/Unity.AI.Image.pdb
[1008/994   0s] CopyFiles Library/ScriptAssemblies/Unity.AI.Assistant.AssetGenerators.Editor.dll
[1009/994   0s] CopyFiles Library/ScriptAssemblies/com.IvanMurzak.Unity.MCP.Runtime.pdb
[1010/994   0s] CopyFiles Library/ScriptAssemblies/Unity.AI.Assistant.API.Editor.dll
[1011/994   0s] CopyFiles Library/ScriptAssemblies/Unity.ScriptableBuildPipeline.Editor.dll
[1012/994   0s] CopyFiles Library/ScriptAssemblies/Unity.AI.Generators.Sdk.pdb
[1013/994   0s] CopyFiles Library/ScriptAssemblies/Unity.ScriptableBuildPipeline.Editor.pdb
[1014/994   0s] CopyFiles Library/ScriptAssemblies/Unity.AppUI.Redux.Editor.pdb
[1015/994   0s] CopyFiles Library/ScriptAssemblies/Unity.Sysroot.Linux_x86_64.dll
[1016/994   0s] CopyFiles Library/ScriptAssemblies/Unity.InferenceEngine.Microsoft.Msagl.dll
[1017/994   0s] CopyFiles Library/ScriptAssemblies/Unity.AI.Assistant.UI.Editor.dll
[1018/994   0s] CopyFiles Library/ScriptAssemblies/Unity.AI.Generators.IO.Srp.pdb
[1019/994   0s] CopyFiles Library/ScriptAssemblies/Unity.AI.Generators.IO.Srp.dll
[1020/994   0s] CopyFiles Library/ScriptAssemblies/Unity.InferenceEngine.iOSBLAS.dll
[1021/994   0s] CopyFiles Library/ScriptAssemblies/Unity.InferenceEngine.iOSBLAS.pdb
[1022/994   0s] CopyFiles Library/ScriptAssemblies/Unity.AI.Assistant.Bridge.Editor.pdb
[1023/994   0s] CopyFiles Library/ScriptAssemblies/Unity.AI.Assistant.Bridge.Editor.dll
[1024/994   0s] CopyFiles Library/ScriptAssemblies/Unity.AI.Toolkit.Asset.pdb
[1025/994   0s] CopyFiles Library/ScriptAssemblies/Unity.AI.Toolkit.Asset.dll
[1026/994   0s] CopyFiles Library/ScriptAssemblies/Unity.AI.Assistant.Runtime.pdb
[1027/994   0s] CopyFiles Library/ScriptAssemblies/Unity.AI.Assistant.Runtime.dll
[1028/994   0s] CopyFiles Library/ScriptAssemblies/Unity.AI.Assistant.Agent.Dynamic.Extension.Editor.pdb
[1029/994   0s] CopyFiles Library/ScriptAssemblies/Unity.AI.Assistant.Agent.Dynamic.Extension.Editor.dll
[1030/994   0s] CopyFiles Library/ScriptAssemblies/Unity.Addressables.Editor.pdb
[1031/994   0s] CopyFiles Library/ScriptAssemblies/Unity.Addressables.Editor.dll
[1032/994   0s] CopyFiles Library/ScriptAssemblies/Unity.PerformanceTesting.Editor.pdb
[1033/994   0s] CopyFiles Library/ScriptAssemblies/Unity.PerformanceTesting.Editor.dll
[1034/994   0s] CopyFiles Library/ScriptAssemblies/Unity.AI.ModelSelector.pdb
[1035/994   0s] CopyFiles Library/ScriptAssemblies/Unity.AI.ModelSelector.dll
[1036/994   0s] CopyFiles Library/ScriptAssemblies/Unity.InferenceEngine.ONNX.Editor.pdb
[1037/994   0s] CopyFiles Library/ScriptAssemblies/Unity.InferenceEngine.ONNX.Editor.dll
[1038/994   0s] ILPostProcess Library/Bee/artifacts/2400b0aE.dag/post-processed/Unity.AI.Generators.UI.dll (+pdb)
Processing assembly Library/Bee/artifacts/2400b0aE.dag/Unity.AI.Generators.UI.dll, with 132 defines and 278 references
processors: Unity.Jobs.CodeGen.JobsILPostProcessor, zzzUnity.Burst.CodeGen.BurstILPostProcessor
running Unity.Jobs.CodeGen.JobsILPostProcessor
running zzzUnity.Burst.CodeGen.BurstILPostProcessor
[1039/994   0s] ILPostProcess Library/Bee/artifacts/2400b0aE.dag/post-processed/Unity.Collections.Editor.dll (+pdb)
Processing assembly Library/Bee/artifacts/2400b0aE.dag/Unity.Collections.Editor.dll, with 133 defines and 319 references
processors: Unity.Jobs.CodeGen.JobsILPostProcessor, zzzUnity.Burst.CodeGen.BurstILPostProcessor
running Unity.Jobs.CodeGen.JobsILPostProcessor
running zzzUnity.Burst.CodeGen.BurstILPostProcessor
[1040/994   0s] CopyFiles Library/ScriptAssemblies/Unity.AI.Animate.pdb
[1041/994   0s] CopyFiles Library/ScriptAssemblies/Unity.AI.Generators.UI.dll
[1042/994   0s] CopyFiles Library/ScriptAssemblies/Unity.AI.Generators.UI.pdb
[1043/994   0s] CopyFiles Library/ScriptAssemblies/Unity.Collections.Editor.dll
[1044/994   0s] CopyFiles Library/ScriptAssemblies/Unity.Collections.Editor.pdb
[1045/994   0s] CopyFiles Library/ScriptAssemblies/Unity.AI.Animate.dll
[1046/994   1s] Csc Library/Bee/artifacts/2400b0aE.dag/ProjectAegis.Unity.Runtime.dll (+2 others)
Assets/Scripts/Runtime/CombatDomainsHotTickHost.cs(147,50): warning CS8604: Possible null reference argument for parameter 'lines' in 'void CombatDomainsHotTickTracker.ObserveMessageLog(int simTick, IReadOnlyList<MessageLogLine> lines)'.
Assets/Scripts/Runtime/GlobeMapProductHost.cs(50,34): warning CS8618: Non-nullable field '_lastDrawCamera' must contain a non-null value when exiting constructor. Consider declaring the field as nullable.
Assets/Scripts/Runtime/MapPlaceholderPanelHost.cs(475,27): warning CS8602: Dereference of a possibly null reference.
[1047/994   0s] Csc Library/Bee/artifacts/2400b0aE.dag/ProjectAegis.Unity.Editor.dll (+2 others)
Assets/Editor/ScenarioMapAuthoringWindow.cs(393,33): warning CS8601: Possible null reference assignment.
Assets/Editor/ScenarioMapAuthoringWindow.cs(437,49): warning CS8602: Dereference of a possibly null reference.
Assets/Editor/ScenarioMapAuthoringWindow.cs(466,29): warning CS8601: Possible null reference assignment.
[1048/994   0s] Csc Library/Bee/artifacts/2400b0aE.dag/ProjectAegis.Unity.Tests.dll (+2 others)
[1049/994   0s] ILPostProcess Library/Bee/artifacts/2400b0aE.dag/post-processed/ProjectAegis.Unity.Runtime.dll (+pdb)
Processing assembly Library/Bee/artifacts/2400b0aE.dag/ProjectAegis.Unity.Runtime.dll, with 134 defines and 285 references
processors: Unity.Jobs.CodeGen.JobsILPostProcessor, zzzUnity.Burst.CodeGen.BurstILPostProcessor
running Unity.Jobs.CodeGen.JobsILPostProcessor
running zzzUnity.Burst.CodeGen.BurstILPostProcessor
[1050/994   0s] CopyFiles Library/ScriptAssemblies/ProjectAegis.Unity.Runtime.pdb
[1051/994   0s] CopyFiles Library/ScriptAssemblies/ProjectAegis.Unity.Runtime.dll
[1052/994   0s] ILPostProcess Library/Bee/artifacts/2400b0aE.dag/post-processed/Unity.InferenceEngine.Editor.dll (+pdb)
Processing assembly Library/Bee/artifacts/2400b0aE.dag/Unity.InferenceEngine.Editor.dll, with 132 defines and 273 references
processors: Unity.Jobs.CodeGen.JobsILPostProcessor, zzzUnity.Burst.CodeGen.BurstILPostProcessor
running Unity.Jobs.CodeGen.JobsILPostProcessor
running zzzUnity.Burst.CodeGen.BurstILPostProcessor
[1053/994   0s] CopyFiles Library/ScriptAssemblies/Unity.InferenceEngine.Editor.pdb
[1054/994   0s] CopyFiles Library/ScriptAssemblies/Unity.InferenceEngine.Editor.dll
[1055/994   0s] ILPostProcess Library/Bee/artifacts/2400b0aE.dag/post-processed/ProjectAegis.Unity.Editor.dll (+pdb)
Processing assembly Library/Bee/artifacts/2400b0aE.dag/ProjectAegis.Unity.Editor.dll, with 132 defines and 321 references
processors: Unity.Jobs.CodeGen.JobsILPostProcessor, zzzUnity.Burst.CodeGen.BurstILPostProcessor
running Unity.Jobs.CodeGen.JobsILPostProcessor
running zzzUnity.Burst.CodeGen.BurstILPostProcessor
[1056/994   0s] CopyFiles Library/ScriptAssemblies/ProjectAegis.Unity.Editor.pdb
[1057/994   0s] CopyFiles Library/ScriptAssemblies/ProjectAegis.Unity.Editor.dll
[1058/994   0s] ILPostProcess Library/Bee/artifacts/2400b0aE.dag/post-processed/ProjectAegis.Unity.Tests.dll (+pdb)
Processing assembly Library/Bee/artifacts/2400b0aE.dag/ProjectAegis.Unity.Tests.dll, with 134 defines and 236 references
processors: Unity.Jobs.CodeGen.JobsILPostProcessor, zzzUnity.Burst.CodeGen.BurstILPostProcessor
running Unity.Jobs.CodeGen.JobsILPostProcessor
running zzzUnity.Burst.CodeGen.BurstILPostProcessor
[1059/994   0s] CopyFiles Library/ScriptAssemblies/ProjectAegis.Unity.Tests.dll
[1060/994   0s] CopyFiles Library/ScriptAssemblies/ProjectAegis.Unity.Tests.pdb
[1061/994   1s] ILPostProcess Library/Bee/artifacts/2400b0aE.dag/post-processed/Unity.InferenceEngine.Editor.Visualizer.dll (+pdb)
Processing assembly Library/Bee/artifacts/2400b0aE.dag/Unity.InferenceEngine.Editor.Visualizer.dll, with 132 defines and 325 references
processors: Unity.Jobs.CodeGen.JobsILPostProcessor, zzzUnity.Burst.CodeGen.BurstILPostProcessor
running Unity.Jobs.CodeGen.JobsILPostProcessor
running zzzUnity.Burst.CodeGen.BurstILPostProcessor
[1062/994   0s] ILPostProcess Library/Bee/artifacts/2400b0aE.dag/post-processed/Unity.AI.Generators.IO.dll (+pdb)
Processing assembly Library/Bee/artifacts/2400b0aE.dag/Unity.AI.Generators.IO.dll, with 132 defines and 323 references
processors: Unity.Jobs.CodeGen.JobsILPostProcessor, zzzUnity.Burst.CodeGen.BurstILPostProcessor
running Unity.Jobs.CodeGen.JobsILPostProcessor
running zzzUnity.Burst.CodeGen.BurstILPostProcessor
[1063/994   0s] ILPostProcess Library/Bee/artifacts/2400b0aE.dag/post-processed/Unity.Burst.Editor.dll (+pdb)
Processing assembly Library/Bee/artifacts/2400b0aE.dag/Unity.Burst.Editor.dll, with 132 defines and 319 references
processors: Unity.Jobs.CodeGen.JobsILPostProcessor, zzzUnity.Burst.CodeGen.BurstILPostProcessor
running Unity.Jobs.CodeGen.JobsILPostProcessor
running zzzUnity.Burst.CodeGen.BurstILPostProcessor
[1064/994   0s] CopyFiles Library/ScriptAssemblies/Unity.InferenceEngine.Editor.Visualizer.pdb
[1065/994   0s] CopyFiles Library/ScriptAssemblies/Unity.InferenceEngine.Editor.Visualizer.dll
[1066/994   0s] CopyFiles Library/ScriptAssemblies/Unity.AI.Generators.IO.pdb
[1067/994   0s] CopyFiles Library/ScriptAssemblies/Unity.AI.Generators.IO.dll
[1068/994   0s] CopyFiles Library/ScriptAssemblies/Unity.Burst.Editor.pdb
[1069/994   0s] CopyFiles Library/ScriptAssemblies/Unity.Burst.Editor.dll
[1070/994   2s] ILPostProcess Library/Bee/artifacts/2400b0aE.dag/post-processed/Unity.Burst.dll (+pdb)
Processing assembly Library/Bee/artifacts/2400b0aE.dag/Unity.Burst.dll, with 134 defines and 234 references
processors: Unity.Jobs.CodeGen.JobsILPostProcessor, zzzUnity.Burst.CodeGen.BurstILPostProcessor
running Unity.Jobs.CodeGen.JobsILPostProcessor
running zzzUnity.Burst.CodeGen.BurstILPostProcessor
[1071/994   0s] CopyFiles Library/ScriptAssemblies/Unity.Burst.dll
[1072/994   0s] CopyFiles Library/ScriptAssemblies/Unity.Burst.pdb
[1073/994   2s] ILPostProcess Library/Bee/artifacts/2400b0aE.dag/post-processed/Unity.Collections.dll (+pdb)
Processing assembly Library/Bee/artifacts/2400b0aE.dag/Unity.Collections.dll, with 136 defines and 287 references
processors: Unity.Jobs.CodeGen.JobsILPostProcessor, zzzUnity.Burst.CodeGen.BurstILPostProcessor
running Unity.Jobs.CodeGen.JobsILPostProcessor
running zzzUnity.Burst.CodeGen.BurstILPostProcessor
[1074/994   0s] CopyFiles Library/ScriptAssemblies/Unity.Collections.pdb
[1075/994   0s] CopyFiles Library/ScriptAssemblies/Unity.Collections.dll
[1076/994   2s] ILPostProcess Library/Bee/artifacts/2400b0aE.dag/post-processed/Unity.InferenceEngine.dll (+pdb)
Processing assembly Library/Bee/artifacts/2400b0aE.dag/Unity.InferenceEngine.dll, with 134 defines and 288 references
processors: Unity.Jobs.CodeGen.JobsILPostProcessor, zzzUnity.Burst.CodeGen.BurstILPostProcessor
running Unity.Jobs.CodeGen.JobsILPostProcessor
running zzzUnity.Burst.CodeGen.BurstILPostProcessor
[1077/994   0s] CopyFiles Library/ScriptAssemblies/Unity.InferenceEngine.pdb
[1078/994   0s] CopyFiles Library/ScriptAssemblies/Unity.InferenceEngine.dll
*** Tundra build success (3.00 seconds), 364 items updated, 994 evaluated
Total cache size 267394263
Total cache size after purge 267394263, took 00:00:00.1291158
Assets/Scripts/Runtime/CombatDomainsHotTickHost.cs(147,50): warning CS8604: Possible null reference argument for parameter 'lines' in 'void CombatDomainsHotTickTracker.ObserveMessageLog(int simTick, IReadOnlyList<MessageLogLine> lines)'.
Assets/Scripts/Runtime/GlobeMapProductHost.cs(50,34): warning CS8618: Non-nullable field '_lastDrawCamera' must contain a non-null value when exiting constructor. Consider declaring the field as nullable.
Assets/Scripts/Runtime/MapPlaceholderPanelHost.cs(475,27): warning CS8602: Dereference of a possibly null reference.
Assets/Editor/ScenarioMapAuthoringWindow.cs(393,33): warning CS8601: Possible null reference assignment.
Assets/Editor/ScenarioMapAuthoringWindow.cs(437,49): warning CS8602: Dereference of a possibly null reference.
Assets/Editor/ScenarioMapAuthoringWindow.cs(466,29): warning CS8601: Possible null reference assignment.
Assets/Scripts/Runtime/MapPlaceholderPanelHost.cs(475,27): warning CS8602: Dereference of a possibly null reference.
Reloading assemblies after finishing script compilation.
Reloading assemblies after forced synchronous recompile.
Begin MonoManager ReloadAssembly
[INFO ] [relay] log Domain reload signal received from client editor-1371794-e6kiv7
[INFO ] [relay] log Client disconnected - blocking and caching for recovery
[WARN ] [relay] connection.lost clientId=null
[WARN ] [relay] log Client disconnected - sessions will persist until auto-shutdown, reason: Client disconnected
[INFO ] [relay] log Auto-shutdown timer started due to client disconnection
Symbol file LoadedFromMemory is not a mono symbol file
Symbol file LoadedFromMemory is not a mono symbol file
- Loaded All Assemblies, in  1.497 seconds
Refreshing native plugins compatible for Editor in 0.67 ms, found 1 plugins.
Native extension for LinuxStandalone target not found
[MODES] ModeService[none].Initialize
[MODES] ModeService[none].LoadModes
C2PlayModeSignoffBatchRunner resumed after domain reload; collecting console errors
UnityEngine.Debug:ExtractStackTraceNoAlloc (byte*,int,string)
UnityEngine.StackTraceUtility:ExtractStackTrace () (at /home/bokken/build/output/unity/unity/Runtime/Export/Scripting/StackTrace.cs:35)
UnityEngine.DebugLogHandler:Internal_Log (UnityEngine.LogType,UnityEngine.LogOption,string,UnityEngine.Object)
UnityEngine.DebugLogHandler:LogFormat (UnityEngine.LogType,UnityEngine.Object,string,object[])
UnityEngine.Logger:Log (UnityEngine.LogType,object)
UnityEngine.Debug:Log (object)
ProjectAegis.Unity.Editor.C2PlayModeSignoffBatchRunner:ResumeAfterDomainReloadIfNeeded () (at Assets/Editor/C2PlayModeSignoffBatchRunner.cs:113)
ProjectAegis.Unity.Editor.C2PlayModeSignoffBatchRunner:.cctor () (at Assets/Editor/C2PlayModeSignoffBatchRunner.cs:56)
System.Runtime.CompilerServices.RuntimeHelpers:RunClassConstructor (System.RuntimeTypeHandle)
UnityEditor.EditorAssemblies:ProcessInitializeOnLoadAttributes (System.Type[]) (at /home/bokken/build/output/unity/unity/Editor/Mono/EditorAssemblies.cs:124)

(Filename: Assets/Editor/C2PlayModeSignoffBatchRunner.cs Line: 113)

Duplicate assembly 'System.IO.Pipelines.dll' with different versions detected, using 'Assets/Plugins/ProjectAegis/System.IO.Pipelines.dll, AssemblyName=System.IO.Pipelines, Version=10.0.0.0, Culture=neutral, PublicKeyToken=cc7b13ffcd2ddd51' and ignoring 'Assets/Plugins/NuGet/System.IO.Pipelines.dll, AssemblyName=System.IO.Pipelines, Version=8.0.0.0, Culture=neutral, PublicKeyToken=cc7b13ffcd2ddd51'.Duplicate assembly 'System.Text.Json.dll' with different versions detected, using 'Assets/Plugins/ProjectAegis/System.Text.Json.dll, AssemblyName=System.Text.Json, Version=10.0.0.0, Culture=neutral, PublicKeyToken=cc7b13ffcd2ddd51' and ignoring 'Assets/Plugins/NuGet/System.Text.Json.dll, AssemblyName=System.Text.Json, Version=8.0.0.0, Culture=neutral, PublicKeyToken=cc7b13ffcd2ddd51'.Duplicate assembly 'System.Text.Encodings.Web.dll' with different versions detected, using 'Assets/Plugins/ProjectAegis/System.Text.Encodings.Web.dll, AssemblyName=System.Text.Encodings.Web, Version=10.0.0.0, Culture=neutral, PublicKeyToken=cc7b13ffcd2ddd51' and ignoring 'Assets/Plugins/NuGet/System.Text.Encodings.Web.dll, AssemblyName=System.Text.Encodings.Web, Version=8.0.0.0, Culture=neutral, PublicKeyToken=cc7b13ffcd2ddd51'.Duplicate assembly 'Microsoft.Bcl.AsyncInterfaces.dll' with different versions detected, using 'Assets/Plugins/ProjectAegis/Microsoft.Bcl.AsyncInterfaces.dll, AssemblyName=Microsoft.Bcl.AsyncInterfaces, Version=10.0.0.11, Culture=neutral, PublicKeyToken=cc7b13ffcd2ddd51' and ignoring 'Assets/Plugins/NuGet/Microsoft.Bcl.AsyncInterfaces.dll, AssemblyName=Microsoft.Bcl.AsyncInterfaces, Version=8.0.0.0, Culture=neutral, PublicKeyToken=cc7b13ffcd2ddd51'.Refreshing native plugins compatible for Editor in 0.48 ms, found 1 plugins.
[Licensing::Client] Error: Code 404 while processing request (status: Found 0 entitlement groups and 0 free entitlements matching requested entitlement ids)
[Licensing::Client] Error: Code 404 while processing request (status: Found 0 entitlement groups and 0 free entitlements matching requested entitlement ids)
[Licensing::Client] Error: Code 404 while processing request (status: Found 0 entitlement groups and 0 free entitlements matching requested entitlement ids)
ScheduleIndexationOnStartup MainProcess:True IndexOnStartup:True
Mono: successfully reloaded assembly
- Finished resetting the current domain, in  3.482 seconds
Domain Reload Profiling: 4982ms
	BeginReloadAssembly (858ms)
		ExecutionOrderSort (0ms)
		DisableScriptedObjects (37ms)
		BackupInstance (0ms)
		ReleaseScriptingObjects (1ms)
		CreateAndSetChildDomain (627ms)
	RebuildCommonClasses (35ms)
	RebuildNativeTypeToScriptingClass (9ms)
	initialDomainReloadingComplete (61ms)
	LoadAllAssembliesAndSetupDomain (537ms)
		LoadAssemblies (176ms)
		RebuildTransferFunctionScriptingTraits (0ms)
		AnalyzeDomain (448ms)
			TypeCache.Refresh (206ms)
				TypeCache.ScanAssembly (187ms)
			BuildScriptInfoCaches (236ms)
			ResolveRequiredComponents (2ms)
	FinalizeReload (3482ms)
		ReleaseScriptCaches (0ms)
		RebuildScriptCaches (0ms)
		SetupLoadedEditorAssemblies (2263ms)
			LogAssemblyErrors (0ms)
			InitializePlatformSupportModulesInManaged (41ms)
			SetLoadedEditorAssemblies (13ms)
			BeforeProcessingInitializeOnLoad (438ms)
			ProcessInitializeOnLoadAttributes (1340ms)
			ProcessInitializeOnLoadMethodAttributes (427ms)
			AfterProcessingInitializeOnLoad (3ms)
			EditorAssembliesLoaded (0ms)
		ExecutionOrderSort2 (0ms)
		AwakeInstancesAfterBackupRestoration (259ms)
Refreshing native plugins compatible for Editor in 0.50 ms, found 1 plugins.
Preloading 1 native plugins for Editor in 0.05 ms.
Asset Pipeline Refresh (id=1d6929f0b18b704ceb77f62b41e29506): Total: 5.357 seconds - Initiated by StopAssetImportingV2(ForceSynchronousImport | ForceDomainReload)
	Summary:
		Imports: total=0 (actual=0, local cache=0, cache server=0)
		Asset DB Process Time: managed=0 ms, native=3591 ms
		Asset DB Callback time: managed=225 ms, native=6 ms
		Scripting: domain reloads=1, domain reload time=1531 ms, compile time=2 ms, other=0 ms
		Project Asset Count: scripts=1214, non-scripts=3355
		Asset File Changes: new=0, changed=0, moved=0, deleted=0
		Scan Filter Count: 0
	InvokeCustomDependenciesCallbacks: 0.003ms
	InvokePackagesCallback: 0.582ms
	ApplyChangesToAssetFolders: 0.454ms
	Scan: 0.001ms
	OnSourceAssetsModified: 0.002ms
	CategorizeAssetsWithTransientArtifact: 0.004ms
	ProcessAssetsWithTransientArtifactChanges: 9.038ms
	CategorizeAssets: 55.008ms
	ImportOutOfDateAssets: 3489.906ms (3486.293ms without children)
		CompileScripts: 2.070ms
		CollectScriptTypesHashes: 0.011ms
		ReloadNativeAssets: 0.131ms
		UnloadImportedAssets: 0.002ms
		EnsureUptoDateAssetsAreRegisteredWithGuidPM: 0.750ms
		InitializingProgressBar: 0.000ms
		PostProcessAllAssetNotificationsAddChangedAssets: 0.000ms
		OnDemandSchedulerStart: 0.646ms
	PostProcessAllAssets: 228.557ms
	Hotreload: 2.911ms
	GatherAllCurrentPrimaryArtifactRevisions: 0.778ms
	UnloadStreamsBegin: 4.125ms
	PersistCurrentRevisions: 0.159ms
	UnloadStreamsEnd: 0.002ms
	GenerateScriptTypeHashes: 1.712ms
	Untracked: 1565.097ms

[Licensing::Client] Successfully resolved entitlement details
Duplicate assembly 'System.IO.Pipelines.dll' with different versions detected, using 'Assets/Plugins/ProjectAegis/System.IO.Pipelines.dll, AssemblyName=System.IO.Pipelines, Version=10.0.0.0, Culture=neutral, PublicKeyToken=cc7b13ffcd2ddd51' and ignoring 'Assets/Plugins/NuGet/System.IO.Pipelines.dll, AssemblyName=System.IO.Pipelines, Version=8.0.0.0, Culture=neutral, PublicKeyToken=cc7b13ffcd2ddd51'.Duplicate assembly 'System.Text.Json.dll' with different versions detected, using 'Assets/Plugins/ProjectAegis/System.Text.Json.dll, AssemblyName=System.Text.Json, Version=10.0.0.0, Culture=neutral, PublicKeyToken=cc7b13ffcd2ddd51' and ignoring 'Assets/Plugins/NuGet/System.Text.Json.dll, AssemblyName=System.Text.Json, Version=8.0.0.0, Culture=neutral, PublicKeyToken=cc7b13ffcd2ddd51'.Duplicate assembly 'System.Text.Encodings.Web.dll' with different versions detected, using 'Assets/Plugins/ProjectAegis/System.Text.Encodings.Web.dll, AssemblyName=System.Text.Encodings.Web, Version=10.0.0.0, Culture=neutral, PublicKeyToken=cc7b13ffcd2ddd51' and ignoring 'Assets/Plugins/NuGet/System.Text.Encodings.Web.dll, AssemblyName=System.Text.Encodings.Web, Version=8.0.0.0, Culture=neutral, PublicKeyToken=cc7b13ffcd2ddd51'.Duplicate assembly 'Microsoft.Bcl.AsyncInterfaces.dll' with different versions detected, using 'Assets/Plugins/ProjectAegis/Microsoft.Bcl.AsyncInterfaces.dll, AssemblyName=Microsoft.Bcl.AsyncInterfaces, Version=10.0.0.11, Culture=neutral, PublicKeyToken=cc7b13ffcd2ddd51' and ignoring 'Assets/Plugins/NuGet/Microsoft.Bcl.AsyncInterfaces.dll, AssemblyName=Microsoft.Bcl.AsyncInterfaces, Version=8.0.0.0, Culture=neutral, PublicKeyToken=cc7b13ffcd2ddd51'.Asset Pipeline Refresh (id=c5bf7b7e8259891bc900f905ac2b55dd): Total: 0.001 seconds - Initiated by StopAssetImportingV2(NoUpdateAssetOptions)
[INFO ] [relay] log Unity client connected with ID: editor-1371794-wjo9hd (relay 1.0.12-build.96)
[INFO ] [relay] connection.established clientId=editor-1371794-wjo9hd port=9001
SocketException: Connection refused
  at System.Net.Http.ConnectHelper.ConnectAsync (System.String host, System.Int32 port, System.Threading.CancellationToken cancellationToken) [0x00110] in <2445ead255544624a2ff77fa3692b268>:0 
Rethrow as HttpRequestException: Connection refused
  at System.Net.Http.ConnectHelper.ConnectAsync (System.String host, System.Int32 port, System.Threading.CancellationToken cancellationToken) [0x001ac] in <2445ead255544624a2ff77fa3692b268>:0 
  at System.Net.Http.HttpConnectionPool.CreateConnectionAsync (System.Net.Http.HttpRequestMessage request, System.Threading.CancellationToken cancellationToken) [0x00134] in <2445ead255544624a2ff77fa3692b268>:0 
  at System.Net.Http.HttpConnectionPool.WaitForCreatedConnectionAsync (System.Threading.Tasks.ValueTask`1[TResult] creationTask) [0x000a2] in <2445ead255544624a2ff77fa3692b268>:0 
  at System.Net.Http.HttpConnectionPool.SendWithRetryAsync (System.Net.Http.HttpRequestMessage request, System.Boolean doRequestAuth, System.Threading.CancellationToken cancellationToken) [0x00089] in <2445ead255544624a2ff77fa3692b268>:0 
  at System.Net.Http.RedirectHandler.SendAsync (System.Net.Http.HttpRequestMessage request, System.Threading.CancellationToken cancellationToken) [0x000ba] in <2445ead255544624a2ff77fa3692b268>:0 
  at Microsoft.AspNetCore.Http.Connections.Client.Internal.AccessTokenHttpMessageHandler.SendAsync (System.Net.Http.HttpRequestMessage request, System.Threading.CancellationToken cancellationToken) [0x00163] in <6ef82408f2fc4c20b73d4aff94c15c3c>:0 
  at Microsoft.AspNetCore.Http.Connections.Client.Internal.LoggingHttpMessageHandler.SendAsync (System.Net.Http.HttpRequestMessage request, System.Threading.CancellationToken cancellationToken) [0x0009f] in <6ef82408f2fc4c20b73d4aff94c15c3c>:0 
  at System.Net.Http.HttpClient.FinishSendAsyncUnbuffered (System.Threading.Tasks.Task`1[TResult] sendTask, System.Net.Http.HttpRequestMessage request, System.Threading.CancellationTokenSource cts, System.Boolean disposeCts) [0x000b3] in <2445ead255544624a2ff77fa3692b268>:0 
  at Microsoft.AspNetCore.Http.Connections.Client.HttpConnection.NegotiateAsync (System.Uri url, System.Net.Http.HttpClient httpClient, Microsoft.Extensions.Logging.ILogger logger, System.Threading.CancellationToken cancellationToken) [0x00175] in <6ef82408f2fc4c20b73d4aff94c15c3c>:0 
UnityEngine.DebugLogHandler:Internal_LogException_Injected(Exception, IntPtr)
UnityEngine.DebugLogHandler:Internal_LogException(Exception, Object)
UnityEngine.DebugLogHandler:LogException(Exception, Object)
UnityEngine.Logger:LogException(Exception, Object)
UnityEngine.Debug:LogException(Exception)
com.IvanMurzak.Unity.MCP.Utils.UnityLogger:Log(LogLevel, EventId, Object, Exception, Func`3) (at ./Library/PackageCache/com.ivanmurzak.unity.mcp@0c6bab715fe7/Runtime/Logger/UnityLogger.cs:118)
Microsoft.Extensions.Logging.Logger:<Log>g__LoggerLog|14_0(LogLevel, EventId, ILogger, Exception, Func`3, List`1&, Object&)
Microsoft.Extensions.Logging.Logger:Log(LogLevel, EventId, Object, Exception, Func`3)
Microsoft.Extensions.Logging.Logger`1:Microsoft.Extensions.Logging.ILogger.Log(LogLevel, EventId, Object, Exception, Func`3)
com.IvanMurzak.McpPlugin.ForwardingLogger:Microsoft.Extensions.Logging.ILogger.Log(LogLevel, EventId, LogValues`1, Exception, Func`3)
Microsoft.Extensions.Logging.Logger:<Log>g__LoggerLog|14_0(LogLevel, EventId, ILogger, Exception, Func`3, List`1&, LogValues`1&)
Microsoft.Extensions.Logging.Logger:Log(LogLevel, EventId, LogValues`1, Exception, Func`3)
Microsoft.Extensions.Logging.Logger`1:Microsoft.Extensions.Logging.ILogger.Log(LogLevel, EventId, LogValues`1, Exception, Func`3)
Microsoft.Extensions.Logging.<>c__DisplayClass10_0`1:<Define>g__Log|0(ILogger, Uri, Exception)
Microsoft.AspNetCore.Http.Connections.Client.Log:ErrorWithNegotiation(ILogger, Uri, Exception)
Microsoft.AspNetCore.Http.Connections.Client.<NegotiateAsync>d__45:MoveNext()
System.Runtime.CompilerServices.MoveNextRunner:InvokeMoveNext(Object)
System.Threading.ExecutionContext:RunInternal(ExecutionContext, ContextCallback, Object, Boolean)
System.Threading.ExecutionContext:Run(ExecutionContext, ContextCallback, Object, Boolean)
System.Runtime.CompilerServices.MoveNextRunner:Run()
System.Threading.Tasks.AwaitTaskContinuation:RunOrScheduleAction(Action, Boolean, Task&)
System.Threading.Tasks.Task:FinishContinuations()
System.Threading.Tasks.Task:FinishStageThree()
System.Threading.Tasks.Task:FinishStageTwo()
System.Threading.Tasks.Task:Finish(Boolean)
System.Threading.Tasks.Task:TrySetException(Object)
System.Runtime.CompilerServices.AsyncTaskMethodBuilder`1:SetException(Exception)
System.Net.Http.<FinishSendAsyncUnbuffered>d__63:MoveNext()
System.Runtime.CompilerServices.MoveNextRunner:InvokeMoveNext(Object)
System.Threading.ExecutionContext:RunInternal(ExecutionContext, ContextCallback, Object, Boolean)
System.Threading.ExecutionContext:Run(ExecutionContext, ContextCallback, Object, Boolean)
System.Runtime.CompilerServices.MoveNextRunner:Run()
System.Threading.Tasks.AwaitTaskContinuation:RunOrScheduleAction(Action, Boolean, Task&)
System.Threading.Tasks.Task:FinishContinuations()
System.Threading.Tasks.Task:FinishStageThree()
System.Threading.Tasks.Task:FinishStageTwo()
System.Threading.Tasks.Task:Finish(Boolean)
System.Threading.Tasks.Task:TrySetException(Object)
System.Runtime.CompilerServices.AsyncTaskMethodBuilder`1:SetException(Exception)
Microsoft.AspNetCore.Http.Connections.Client.Internal.<SendAsync>d__2:MoveNext()
System.Runtime.CompilerServices.MoveNextRunner:InvokeMoveNext(Object)
System.Threading.ExecutionContext:RunInternal(ExecutionContext, ContextCallback, Object, Boolean)
System.Threading.ExecutionContext:Run(ExecutionContext, ContextCallback, Object, Boolean)
System.Runtime.CompilerServices.MoveNextRunner:Run()
System.Threading.Tasks.AwaitTaskContinuation:RunOrScheduleAction(Action, Boolean, Task&)
System.Threading.Tasks.Task:FinishContinuations()
System.Threading.Tasks.Task:FinishStageThree()
System.Threading.Tasks.Task:FinishStageTwo()
System.Threading.Tasks.Task:Finish(Boolean)
System.Threading.Tasks.Task:TrySetException(Object)
System.Runtime.CompilerServices.AsyncTaskMethodBuilder`1:SetException(Exception)
Microsoft.AspNetCore.Http.Connections.Client.Internal.<SendAsync>d__3:MoveNext()
System.Runtime.CompilerServices.MoveNextRunner:InvokeMoveNext(Object)
System.Threading.ExecutionContext:RunInternal(ExecutionContext, ContextCallback, Object, Boolean)
System.Threading.ExecutionContext:Run(ExecutionContext, ContextCallback, Object, Boolean)
System.Runtime.CompilerServices.MoveNextRunner:Run()
System.Threading.Tasks.AwaitTaskContinuation:RunOrScheduleAction(Action, Boolean, Task&)
System.Threading.Tasks.Task:FinishContinuations()
System.Threading.Tasks.Task:FinishStageThree()
System.Threading.Tasks.Task:FinishStageTwo()
System.Threading.Tasks.Task:Finish(Boolean)
System.Threading.Tasks.Task:TrySetException(Object)
System.Runtime.CompilerServices.AsyncTaskMethodBuilder`1:SetException(Exception)
System.Net.Http.<SendAsync>d__4:MoveNext()
System.Runtime.CompilerServices.MoveNextRunner:InvokeMoveNext(Object)
System.Threading.ExecutionContext:RunInternal(ExecutionContext, ContextCallback, Object, Boolean)
System.Threading.ExecutionContext:Run(ExecutionContext, ContextCallback, Object, Boolean)
System.Runtime.CompilerServices.MoveNextRunner:Run()
System.Threading.Tasks.AwaitTaskContinuation:RunOrScheduleAction(Action, Boolean, Task&)
System.Threading.Tasks.Task:FinishContinuations()
System.Threading.Tasks.Task:FinishStageThree()
System.Threading.Tasks.Task:FinishStageTwo()
System.Threading.Tasks.Task:Finish(Boolean)
System.Threading.Tasks.Task:TrySetException(Object)
System.Runtime.CompilerServices.AsyncTaskMethodBuilder`1:SetException(Exception)
System.Net.Http.<SendWithRetryAsync>d__39:MoveNext()
System.Runtime.CompilerServices.MoveNextRunner:InvokeMoveNext(Object)
System.Threading.ExecutionContext:RunInternal(ExecutionContext, ContextCallback, Object, Boolean)
System.Threading.ExecutionContext:Run(ExecutionContext, ContextCallback, Object, Boolean)
System.Runtime.CompilerServices.MoveNextRunner:Run()
System.Threading.Tasks.AwaitTaskContinuation:RunOrScheduleAction(Action, Boolean, Task&)
System.Threading.Tasks.Task:FinishContinuations()
System.Threading.Tasks.Task:FinishStageThree()
System.Threading.Tasks.Task:FinishStageTwo()
System.Threading.Tasks.Task:Finish(Boolean)
System.Threading.Tasks.Task:TrySetException(Object)
System.Runtime.CompilerServices.AsyncTaskMethodBuilder`1:SetException(Exception)
System.Runtime.CompilerServices.AsyncValueTaskMethodBuilder`1:SetException(Exception)
System.Net.Http.<WaitForCreatedConnectionAsync>d__49:MoveNext()
System.Runtime.CompilerServices.MoveNextRunner:InvokeMoveNext(Object)
System.Threading.ExecutionContext:RunInternal(ExecutionContext, ContextCallback, Object, Boolean)
System.Threading.ExecutionContext:Run(ExecutionContext, ContextCallback, Object, Boolean)
System.Runtime.CompilerServices.MoveNextRunner:Run()
System.Threading.Tasks.AwaitTaskContinuation:RunOrScheduleAction(Action, Boolean, Task&)
System.Threading.Tasks.Task:FinishContinuations()
System.Threading.Tasks.Task:FinishStageThree()
System.Threading.Tasks.Task:FinishStageTwo()
System.Threading.Tasks.Task:Finish(Boolean)
System.Threading.Tasks.Task:TrySetException(Object)
System.Runtime.CompilerServices.AsyncTaskMethodBuilder`1:SetException(Exception)
System.Runtime.CompilerServices.AsyncValueTaskMethodBuilder`1:SetException(Exception)
System.Net.Http.<CreateConnectionAsync>d__44:MoveNext()
System.Runtime.CompilerServices.MoveNextRunner:InvokeMoveNext(Object)
System.Threading.ExecutionContext:RunInternal(ExecutionContext, ContextCallback, Object, Boolean)
System.Threading.ExecutionContext:Run(ExecutionContext, ContextCallback, Object, Boolean)
System.Runtime.CompilerServices.MoveNextRunner:Run()
System.Threading.Tasks.AwaitTaskContinuation:RunOrScheduleAction(Action, Boolean, Task&)
System.Threading.Tasks.Task:FinishContinuations()
System.Threading.Tasks.Task:FinishStageThree()
System.Threading.Tasks.Task:FinishStageTwo()
System.Threading.Tasks.Task:Finish(Boolean)
System.Threading.Tasks.Task:TrySetException(Object)
System.Runtime.CompilerServices.AsyncTaskMethodBuilder`1:SetException(Exception)
System.Runtime.CompilerServices.AsyncValueTaskMethodBuilder`1:SetException(Exception)
System.Net.Http.<ConnectAsync>d__2:MoveNext()
System.Runtime.CompilerServices.MoveNextRunner:InvokeMoveNext(Object)
System.Threading.ExecutionContext:RunInternal(ExecutionContext, ContextCallback, Object, Boolean)
System.Threading.ExecutionContext:Run(ExecutionContext, ContextCallback, Object, Boolean)
System.Runtime.CompilerServices.MoveNextRunner:Run()
System.Threading.Tasks.AwaitTaskContinuation:RunOrScheduleAction(Action, Boolean, Task&)
System.Threading.Tasks.Task:FinishContinuations()
System.Threading.Tasks.Task:FinishStageThree()
System.Threading.Tasks.Task:FinishStageTwo()
System.Threading.Tasks.Task:Finish(Boolean)
System.Threading.Tasks.Task:TrySetException(Object)
System.Runtime.CompilerServices.AsyncTaskMethodBuilder`1:SetException(Exception)
System.Runtime.CompilerServices.AsyncTaskMethodBuilder:SetException(Exception)
System.Net.Http.ConnectEventArgs:OnCompleted(SocketAsyncEventArgs)
System.Net.Sockets.SocketAsyncEventArgs:Complete_internal()
System.Net.Sockets.SocketAsyncEventArgs:FinishOperationAsyncFailure(Exception, Int32, SocketFlags)
System.Net.Sockets.MultipleConnectAsync:AsyncFail(Exception)
System.Net.Sockets.MultipleConnectAsync:InternalConnectCallback(Object, SocketAsyncEventArgs)
System.Net.Sockets.SocketAsyncEventArgs:OnCompleted(SocketAsyncEventArgs)
System.Net.Sockets.SocketAsyncEventArgs:Complete_internal()
System.Net.Sockets.<>c:<.cctor>b__367_6(IAsyncResult)
System.Net.Sockets.<>c:<Complete>b__27_0(Object)
System.Threading.QueueUserWorkItemCallback:System.Threading.IThreadPoolWorkItem.ExecuteWorkItem()
System.Threading.ThreadPoolWorkQueue:Dispatch()
System.Threading._ThreadPoolWaitCallback:PerformWaitCallback()

<color=#ff6b6b>fail:</color> [14:57:50:1208] <color=#B4FF32>[AI]</color> <color=#58D68D><b>HubConnection</b></color> Failed to start connection. Error getting negotiation response from 'http://localhost:8080/hub/mcp-server?instance_id=96aa40a0-6e11-4817-a396-ac455c7db453&engine=unity&project_name=ProjectAegis&project_path_hash=01a8bd93dd460cbaac91f40c883236061141fd4b070a94da34302787426f81b1&project_path_hash_legacy=01a8bd93dd460cbaac91f40c883236061141fd4b070a94da34302787426f81b1&machine_name=Ubuntu-Host'.
UnityEngine.Debug:ExtractStackTraceNoAlloc (byte*,int,string)
UnityEngine.StackTraceUtility:ExtractStackTrace () (at /home/bokken/build/output/unity/unity/Runtime/Export/Scripting/StackTrace.cs:35)
UnityEngine.DebugLogHandler:Internal_Log (UnityEngine.LogType,UnityEngine.LogOption,string,UnityEngine.Object)
UnityEngine.DebugLogHandler:LogFormat (UnityEngine.LogType,UnityEngine.Object,string,object[])
UnityEngine.Logger:Log (UnityEngine.LogType,object)
UnityEngine.Debug:LogError (object)
com.IvanMurzak.Unity.MCP.Utils.UnityLogger:Log<object> (Microsoft.Extensions.Logging.LogLevel,Microsoft.Extensions.Logging.EventId,object,System.Exception,System.Func`3<object, System.Exception, string>) (at ./Library/PackageCache/com.ivanmurzak.unity.mcp@0c6bab715fe7/Runtime/Logger/UnityLogger.cs:119)
Microsoft.Extensions.Logging.Logger:<Log>g__LoggerLog|14_0<object> (Microsoft.Extensions.Logging.LogLevel,Microsoft.Extensions.Logging.EventId,Microsoft.Extensions.Logging.ILogger,System.Exception,System.Func`3<object, System.Exception, string>,System.Collections.Generic.List`1<System.Exception>&,object&)
Microsoft.Extensions.Logging.Logger:Log<object> (Microsoft.Extensions.Logging.LogLevel,Microsoft.Extensions.Logging.EventId,object,System.Exception,System.Func`3<object, System.Exception, string>)
Microsoft.Extensions.Logging.Logger`1<Microsoft.AspNetCore.SignalR.Client.HubConnection>:Microsoft.Extensions.Logging.ILogger.Log<object> (Microsoft.Extensions.Logging.LogLevel,Microsoft.Extensions.Logging.EventId,object,System.Exception,System.Func`3<object, System.Exception, string>)
com.IvanMurzak.McpPlugin.ForwardLoggerProvider/ForwardingLogger:Microsoft.Extensions.Logging.ILogger.Log<Microsoft.Extensions.Logging.LoggerMessage/LogValues`1<System.Uri>> (Microsoft.Extensions.Logging.LogLevel,Microsoft.Extensions.Logging.EventId,Microsoft.Extensions.Logging.LoggerMessage/LogValues`1<System.Uri>,System.Exception,System.Func`3<Microsoft.Extensions.Logging.LoggerMessage/LogValues`1<System.Uri>, System.Exception, string>)
Microsoft.Extensions.Logging.Logger:<Log>g__LoggerLog|14_0<Microsoft.Extensions.Logging.LoggerMessage/LogValues`1<System.Uri>> (Microsoft.Extensions.Logging.LogLevel,Microsoft.Extensions.Logging.EventId,Microsoft.Extensions.Logging.ILogger,System.Exception,System.Func`3<Microsoft.Extensions.Logging.LoggerMessage/LogValues`1<System.Uri>, System.Exception, string>,System.Collections.Generic.List`1<System.Exception>&,Microsoft.Extensions.Logging.LoggerMessage/LogValues`1<System.Uri>&)
Microsoft.Extensions.Logging.Logger:Log<Microsoft.Extensions.Logging.LoggerMessage/LogValues`1<System.Uri>> (Microsoft.Extensions.Logging.LogLevel,Microsoft.Extensions.Logging.EventId,Microsoft.Extensions.Logging.LoggerMessage/LogValues`1<System.Uri>,System.Exception,System.Func`3<Microsoft.Extensions.Logging.LoggerMessage/LogValues`1<System.Uri>, System.Exception, string>)
Microsoft.Extensions.Logging.Logger`1<Microsoft.AspNetCore.Http.Connections.Client.HttpConnection>:Microsoft.Extensions.Logging.ILogger.Log<Microsoft.Extensions.Logging.LoggerMessage/LogValues`1<System.Uri>> (Microsoft.Extensions.Logging.LogLevel,Microsoft.Extensions.Logging.EventId,Microsoft.Extensions.Logging.LoggerMessage/LogValues`1<System.Uri>,System.Exception,System.Func`3<Microsoft.Extensions.Logging.LoggerMessage/LogValues`1<System.Uri>, System.Exception, string>)
Microsoft.Extensions.Logging.LoggerMessage/<>c__DisplayClass10_0`1<System.Uri>:<Define>g__Log|0 (Microsoft.Extensions.Logging.ILogger,System.Uri,System.Exception)
Microsoft.AspNetCore.Http.Connections.Client.HttpConnection/Log:ErrorWithNegotiation (Microsoft.Extensions.Logging.ILogger,System.Uri,System.Exception)
Microsoft.AspNetCore.Http.Connections.Client.HttpConnection/<NegotiateAsync>d__45:MoveNext ()
System.Runtime.CompilerServices.AsyncMethodBuilderCore/MoveNextRunner:InvokeMoveNext (object)
System.Threading.ExecutionContext:RunInternal (System.Threading.ExecutionContext,System.Threading.ContextCallback,object,bool)
System.Threading.ExecutionContext:Run (System.Threading.ExecutionContext,System.Threading.ContextCallback,object,bool)
System.Runtime.CompilerServices.AsyncMethodBuilderCore/MoveNextRunner:Run ()
System.Threading.Tasks.AwaitTaskContinuation:RunOrScheduleAction (System.Action,bool,System.Threading.Tasks.Task&)
System.Threading.Tasks.Task:FinishContinuations ()
System.Threading.Tasks.Task:FinishStageThree ()
System.Threading.Tasks.Task:FinishStageTwo ()
System.Threading.Tasks.Task:Finish (bool)
System.Threading.Tasks.Task:TrySetException (object)
System.Runtime.CompilerServices.AsyncTaskMethodBuilder`1<System.Net.Http.HttpResponseMessage>:SetException (System.Exception)
System.Net.Http.HttpClient/<FinishSendAsyncUnbuffered>d__63:MoveNext ()
System.Runtime.CompilerServices.AsyncMethodBuilderCore/MoveNextRunner:InvokeMoveNext (object)
System.Threading.ExecutionContext:RunInternal (System.Threading.ExecutionContext,System.Threading.ContextCallback,object,bool)
System.Threading.ExecutionContext:Run (System.Threading.ExecutionContext,System.Threading.ContextCallback,object,bool)
System.Runtime.CompilerServices.AsyncMethodBuilderCore/MoveNextRunner:Run ()
System.Threading.Tasks.AwaitTaskContinuation:RunOrScheduleAction (System.Action,bool,System.Threading.Tasks.Task&)
System.Threading.Tasks.Task:FinishContinuations ()
System.Threading.Tasks.Task:FinishStageThree ()
System.Threading.Tasks.Task:FinishStageTwo ()
System.Threading.Tasks.Task:Finish (bool)
System.Threading.Tasks.Task:TrySetException (object)
System.Runtime.CompilerServices.AsyncTaskMethodBuilder`1<System.Net.Http.HttpResponseMessage>:SetException (System.Exception)
Microsoft.AspNetCore.Http.Connections.Client.Internal.LoggingHttpMessageHandler/<SendAsync>d__2:MoveNext ()
System.Runtime.CompilerServices.AsyncMethodBuilderCore/MoveNextRunner:InvokeMoveNext (object)
System.Threading.ExecutionContext:RunInternal (System.Threading.ExecutionContext,System.Threading.ContextCallback,object,bool)
System.Threading.ExecutionContext:Run (System.Threading.ExecutionContext,System.Threading.ContextCallback,object,bool)
System.Runtime.CompilerServices.AsyncMethodBuilderCore/MoveNextRunner:Run ()
System.Threading.Tasks.AwaitTaskContinuation:RunOrScheduleAction (System.Action,bool,System.Threading.Tasks.Task&)
System.Threading.Tasks.Task:FinishContinuations ()
System.Threading.Tasks.Task:FinishStageThree ()
System.Threading.Tasks.Task:FinishStageTwo ()
System.Threading.Tasks.Task:Finish (bool)
System.Threading.Tasks.Task:TrySetException (object)
System.Runtime.CompilerServices.AsyncTaskMethodBuilder`1<System.Net.Http.HttpResponseMessage>:SetException (System.Exception)
Microsoft.AspNetCore.Http.Connections.Client.Internal.AccessTokenHttpMessageHandler/<SendAsync>d__3:MoveNext ()
System.Runtime.CompilerServices.AsyncMethodBuilderCore/MoveNextRunner:InvokeMoveNext (object)
System.Threading.ExecutionContext:RunInternal (System.Threading.ExecutionContext,System.Threading.ContextCallback,object,bool)
System.Threading.ExecutionContext:Run (System.Threading.ExecutionContext,System.Threading.ContextCallback,object,bool)
System.Runtime.CompilerServices.AsyncMethodBuilderCore/MoveNextRunner:Run ()
System.Threading.Tasks.AwaitTaskContinuation:RunOrScheduleAction (System.Action,bool,System.Threading.Tasks.Task&)
System.Threading.Tasks.Task:FinishContinuations ()
System.Threading.Tasks.Task:FinishStageThree ()
System.Threading.Tasks.Task:FinishStageTwo ()
System.Threading.Tasks.Task:Finish (bool)
System.Threading.Tasks.Task:TrySetException (object)
System.Runtime.CompilerServices.AsyncTaskMethodBuilder`1<System.Net.Http.HttpResponseMessage>:SetException (System.Exception)
System.Net.Http.RedirectHandler/<SendAsync>d__4:MoveNext ()
System.Runtime.CompilerServices.AsyncMethodBuilderCore/MoveNextRunner:InvokeMoveNext (object)
System.Threading.ExecutionContext:RunInternal (System.Threading.ExecutionContext,System.Threading.ContextCallback,object,bool)
System.Threading.ExecutionContext:Run (System.Threading.ExecutionContext,System.Threading.ContextCallback,object,bool)
System.Runtime.CompilerServices.AsyncMethodBuilderCore/MoveNextRunner:Run ()
System.Threading.Tasks.AwaitTaskContinuation:RunOrScheduleAction (System.Action,bool,System.Threading.Tasks.Task&)
System.Threading.Tasks.Task:FinishContinuations ()
System.Threading.Tasks.Task:FinishStageThree ()
System.Threading.Tasks.Task:FinishStageTwo ()
System.Threading.Tasks.Task:Finish (bool)
System.Threading.Tasks.Task:TrySetException (object)
System.Runtime.CompilerServices.AsyncTaskMethodBuilder`1<System.Net.Http.HttpResponseMessage>:SetException (System.Exception)
System.Net.Http.HttpConnectionPool/<SendWithRetryAsync>d__39:MoveNext ()
System.Runtime.CompilerServices.AsyncMethodBuilderCore/MoveNextRunner:InvokeMoveNext (object)
System.Threading.ExecutionContext:RunInternal (System.Threading.ExecutionContext,System.Threading.ContextCallback,object,bool)
System.Threading.ExecutionContext:Run (System.Threading.ExecutionContext,System.Threading.ContextCallback,object,bool)
System.Runtime.CompilerServices.AsyncMethodBuilderCore/MoveNextRunner:Run ()
System.Threading.Tasks.AwaitTaskContinuation:RunOrScheduleAction (System.Action,bool,System.Threading.Tasks.Task&)
System.Threading.Tasks.Task:FinishContinuations ()
System.Threading.Tasks.Task:FinishStageThree ()
System.Threading.Tasks.Task:FinishStageTwo ()
System.Threading.Tasks.Task:Finish (bool)
System.Threading.Tasks.Task:TrySetException (object)
System.Runtime.CompilerServices.AsyncTaskMethodBuilder`1<System.ValueTuple`2<System.Net.Http.HttpConnection, System.Net.Http.HttpResponseMessage>>:SetException (System.Exception)
System.Runtime.CompilerServices.AsyncValueTaskMethodBuilder`1<System.ValueTuple`2<System.Net.Http.HttpConnection, System.Net.Http.HttpResponseMessage>>:SetException (System.Exception)
System.Net.Http.HttpConnectionPool/<WaitForCreatedConnectionAsync>d__49:MoveNext ()
System.Runtime.CompilerServices.AsyncMethodBuilderCore/MoveNextRunner:InvokeMoveNext (object)
System.Threading.ExecutionContext:RunInternal (System.Threading.ExecutionContext,System.Threading.ContextCallback,object,bool)
System.Threading.ExecutionContext:Run (System.Threading.ExecutionContext,System.Threading.ContextCallback,object,bool)
System.Runtime.CompilerServices.AsyncMethodBuilderCore/MoveNextRunner:Run ()
System.Threading.Tasks.AwaitTaskContinuation:RunOrScheduleAction (System.Action,bool,System.Threading.Tasks.Task&)
System.Threading.Tasks.Task:FinishContinuations ()
System.Threading.Tasks.Task:FinishStageThree ()
System.Threading.Tasks.Task:FinishStageTwo ()
System.Threading.Tasks.Task:Finish (bool)
System.Threading.Tasks.Task:TrySetException (object)
System.Runtime.CompilerServices.AsyncTaskMethodBuilder`1<System.ValueTuple`2<System.Net.Http.HttpConnection, System.Net.Http.HttpResponseMessage>>:SetException (System.Exception)
System.Runtime.CompilerServices.AsyncValueTaskMethodBuilder`1<System.ValueTuple`2<System.Net.Http.HttpConnection, System.Net.Http.HttpResponseMessage>>:SetException (System.Exception)
System.Net.Http.HttpConnectionPool/<CreateConnectionAsync>d__44:MoveNext ()
System.Runtime.CompilerServices.AsyncMethodBuilderCore/MoveNextRunner:InvokeMoveNext (object)
System.Threading.ExecutionContext:RunInternal (System.Threading.ExecutionContext,System.Threading.ContextCallback,object,bool)
System.Threading.ExecutionContext:Run (System.Threading.ExecutionContext,System.Threading.ContextCallback,object,bool)
System.Runtime.CompilerServices.AsyncMethodBuilderCore/MoveNextRunner:Run ()
System.Threading.Tasks.AwaitTaskContinuation:RunOrScheduleAction (System.Action,bool,System.Threading.Tasks.Task&)
System.Threading.Tasks.Task:FinishContinuations ()
System.Threading.Tasks.Task:FinishStageThree ()
System.Threading.Tasks.Task:FinishStageTwo ()
System.Threading.Tasks.Task:Finish (bool)
System.Threading.Tasks.Task:TrySetException (object)
System.Runtime.CompilerServices.AsyncTaskMethodBuilder`1<System.ValueTuple`2<System.Net.Sockets.Socket, System.IO.Stream>>:SetException (System.Exception)
System.Runtime.CompilerServices.AsyncValueTaskMethodBuilder`1<System.ValueTuple`2<System.Net.Sockets.Socket, System.IO.Stream>>:SetException (System.Exception)
System.Net.Http.ConnectHelper/<ConnectAsync>d__2:MoveNext ()
System.Runtime.CompilerServices.AsyncMethodBuilderCore/MoveNextRunner:InvokeMoveNext (object)
System.Threading.ExecutionContext:RunInternal (System.Threading.ExecutionContext,System.Threading.ContextCallback,object,bool)
System.Threading.ExecutionContext:Run (System.Threading.ExecutionContext,System.Threading.ContextCallback,object,bool)
System.Runtime.CompilerServices.AsyncMethodBuilderCore/MoveNextRunner:Run ()
System.Threading.Tasks.AwaitTaskContinuation:RunOrScheduleAction (System.Action,bool,System.Threading.Tasks.Task&)
System.Threading.Tasks.Task:FinishContinuations ()
System.Threading.Tasks.Task:FinishStageThree ()
System.Threading.Tasks.Task:FinishStageTwo ()
System.Threading.Tasks.Task:Finish (bool)
System.Threading.Tasks.Task:TrySetException (object)
System.Runtime.CompilerServices.AsyncTaskMethodBuilder`1<System.Threading.Tasks.VoidTaskResult>:SetException (System.Exception)
System.Runtime.CompilerServices.AsyncTaskMethodBuilder:SetException (System.Exception)
System.Net.Http.ConnectHelper/ConnectEventArgs:OnCompleted (System.Net.Sockets.SocketAsyncEventArgs)
System.Net.Sockets.SocketAsyncEventArgs:Complete_internal ()
System.Net.Sockets.SocketAsyncEventArgs:FinishOperationAsyncFailure (System.Exception,int,System.Net.Sockets.SocketFlags)
System.Net.Sockets.MultipleConnectAsync:AsyncFail (System.Exception)
System.Net.Sockets.MultipleConnectAsync:InternalConnectCallback (object,System.Net.Sockets.SocketAsyncEventArgs)
System.Net.Sockets.SocketAsyncEventArgs:OnCompleted (System.Net.Sockets.SocketAsyncEventArgs)
System.Net.Sockets.SocketAsyncEventArgs:Complete_internal ()
System.Net.Sockets.Socket/<>c:<.cctor>b__367_6 (System.IAsyncResult)
System.Net.Sockets.SocketAsyncResult/<>c:<Complete>b__27_0 (object)
System.Threading.QueueUserWorkItemCallback:System.Threading.IThreadPoolWorkItem.ExecuteWorkItem ()
System.Threading.ThreadPoolWorkQueue:Dispatch ()
System.Threading._ThreadPoolWaitCallback:PerformWaitCallback ()

<color=#ff6b6b>fail:</color> [14:57:50:1392] <color=#B4FF32>[AI]</color> <color=#58D68D><b>HubConnection</b></color> To stop seeing the error, please <b>Stop</b> the connection to MCP server in <b>AI Game Developer</b> window.
UnityEngine.Debug:ExtractStackTraceNoAlloc (byte*,int,string)
UnityEngine.StackTraceUtility:ExtractStackTrace () (at /home/bokken/build/output/unity/unity/Runtime/Export/Scripting/StackTrace.cs:35)
UnityEngine.DebugLogHandler:Internal_Log (UnityEngine.LogType,UnityEngine.LogOption,string,UnityEngine.Object)
UnityEngine.DebugLogHandler:LogFormat (UnityEngine.LogType,UnityEngine.Object,string,object[])
UnityEngine.Logger:Log (UnityEngine.LogType,object)
UnityEngine.Debug:LogError (object)
com.IvanMurzak.Unity.MCP.Utils.UnityLogger:Log<Microsoft.Extensions.Logging.FormattedLogValues> (Microsoft.Extensions.Logging.LogLevel,Microsoft.Extensions.Logging.EventId,Microsoft.Extensions.Logging.FormattedLogValues,System.Exception,System.Func`3<Microsoft.Extensions.Logging.FormattedLogValues, System.Exception, string>) (at ./Library/PackageCache/com.ivanmurzak.unity.mcp@0c6bab715fe7/Runtime/Logger/UnityLogger.cs:119)
Microsoft.Extensions.Logging.Logger:<Log>g__LoggerLog|14_0<Microsoft.Extensions.Logging.FormattedLogValues> (Microsoft.Extensions.Logging.LogLevel,Microsoft.Extensions.Logging.EventId,Microsoft.Extensions.Logging.ILogger,System.Exception,System.Func`3<Microsoft.Extensions.Logging.FormattedLogValues, System.Exception, string>,System.Collections.Generic.List`1<System.Exception>&,Microsoft.Extensions.Logging.FormattedLogValues&)
Microsoft.Extensions.Logging.Logger:Log<Microsoft.Extensions.Logging.FormattedLogValues> (Microsoft.Extensions.Logging.LogLevel,Microsoft.Extensions.Logging.EventId,Microsoft.Extensions.Logging.FormattedLogValues,System.Exception,System.Func`3<Microsoft.Extensions.Logging.FormattedLogValues, System.Exception, string>)
Microsoft.Extensions.Logging.Logger`1<Microsoft.AspNetCore.SignalR.Client.HubConnection>:Microsoft.Extensions.Logging.ILogger.Log<Microsoft.Extensions.Logging.FormattedLogValues> (Microsoft.Extensions.Logging.LogLevel,Microsoft.Extensions.Logging.EventId,Microsoft.Extensions.Logging.FormattedLogValues,System.Exception,System.Func`3<Microsoft.Extensions.Logging.FormattedLogValues, System.Exception, string>)
Microsoft.Extensions.Logging.LoggerExtensions:Log (Microsoft.Extensions.Logging.ILogger,Microsoft.Extensions.Logging.LogLevel,Microsoft.Extensions.Logging.EventId,System.Exception,string,object[])
Microsoft.Extensions.Logging.LoggerExtensions:Log (Microsoft.Extensions.Logging.ILogger,Microsoft.Extensions.Logging.LogLevel,string,object[])
com.IvanMurzak.McpPlugin.ForwardLoggerProvider/ForwardingLogger:Microsoft.Extensions.Logging.ILogger.Log<Microsoft.Extensions.Logging.LoggerMessage/LogValues`1<System.Uri>> (Microsoft.Extensions.Logging.LogLevel,Microsoft.Extensions.Logging.EventId,Microsoft.Extensions.Logging.LoggerMessage/LogValues`1<System.Uri>,System.Exception,System.Func`3<Microsoft.Extensions.Logging.LoggerMessage/LogValues`1<System.Uri>, System.Exception, string>)
Microsoft.Extensions.Logging.Logger:<Log>g__LoggerLog|14_0<Microsoft.Extensions.Logging.LoggerMessage/LogValues`1<System.Uri>> (Microsoft.Extensions.Logging.LogLevel,Microsoft.Extensions.Logging.EventId,Microsoft.Extensions.Logging.ILogger,System.Exception,System.Func`3<Microsoft.Extensions.Logging.LoggerMessage/LogValues`1<System.Uri>, System.Exception, string>,System.Collections.Generic.List`1<System.Exception>&,Microsoft.Extensions.Logging.LoggerMessage/LogValues`1<System.Uri>&)
Microsoft.Extensions.Logging.Logger:Log<Microsoft.Extensions.Logging.LoggerMessage/LogValues`1<System.Uri>> (Microsoft.Extensions.Logging.LogLevel,Microsoft.Extensions.Logging.EventId,Microsoft.Extensions.Logging.LoggerMessage/LogValues`1<System.Uri>,System.Exception,System.Func`3<Microsoft.Extensions.Logging.LoggerMessage/LogValues`1<System.Uri>, System.Exception, string>)
Microsoft.Extensions.Logging.Logger`1<Microsoft.AspNetCore.Http.Connections.Client.HttpConnection>:Microsoft.Extensions.Logging.ILogger.Log<Microsoft.Extensions.Logging.LoggerMessage/LogValues`1<System.Uri>> (Microsoft.Extensions.Logging.LogLevel,Microsoft.Extensions.Logging.EventId,Microsoft.Extensions.Logging.LoggerMessage/LogValues`1<System.Uri>,System.Exception,System.Func`3<Microsoft.Extensions.Logging.LoggerMessage/LogValues`1<System.Uri>, System.Exception, string>)
Microsoft.Extensions.Logging.LoggerMessage/<>c__DisplayClass10_0`1<System.Uri>:<Define>g__Log|0 (Microsoft.Extensions.Logging.ILogger,System.Uri,System.Exception)
Microsoft.AspNetCore.Http.Connections.Client.HttpConnection/Log:ErrorWithNegotiation (Microsoft.Extensions.Logging.ILogger,System.Uri,System.Exception)
Microsoft.AspNetCore.Http.Connections.Client.HttpConnection/<NegotiateAsync>d__45:MoveNext ()
System.Runtime.CompilerServices.AsyncMethodBuilderCore/MoveNextRunner:InvokeMoveNext (object)
System.Threading.ExecutionContext:RunInternal (System.Threading.ExecutionContext,System.Threading.ContextCallback,object,bool)
System.Threading.ExecutionContext:Run (System.Threading.ExecutionContext,System.Threading.ContextCallback,object,bool)
System.Runtime.CompilerServices.AsyncMethodBuilderCore/MoveNextRunner:Run ()
System.Threading.Tasks.AwaitTaskContinuation:RunOrScheduleAction (System.Action,bool,System.Threading.Tasks.Task&)
System.Threading.Tasks.Task:FinishContinuations ()
System.Threading.Tasks.Task:FinishStageThree ()
System.Threading.Tasks.Task:FinishStageTwo ()
System.Threading.Tasks.Task:Finish (bool)
System.Threading.Tasks.Task:TrySetException (object)
System.Runtime.CompilerServices.AsyncTaskMethodBuilder`1<System.Net.Http.HttpResponseMessage>:SetException (System.Exception)
System.Net.Http.HttpClient/<FinishSendAsyncUnbuffered>d__63:MoveNext ()
System.Runtime.CompilerServices.AsyncMethodBuilderCore/MoveNextRunner:InvokeMoveNext (object)
System.Threading.ExecutionContext:RunInternal (System.Threading.ExecutionContext,System.Threading.ContextCallback,object,bool)
System.Threading.ExecutionContext:Run (System.Threading.ExecutionContext,System.Threading.ContextCallback,object,bool)
System.Runtime.CompilerServices.AsyncMethodBuilderCore/MoveNextRunner:Run ()
System.Threading.Tasks.AwaitTaskContinuation:RunOrScheduleAction (System.Action,bool,System.Threading.Tasks.Task&)
System.Threading.Tasks.Task:FinishContinuations ()
System.Threading.Tasks.Task:FinishStageThree ()
System.Threading.Tasks.Task:FinishStageTwo ()
System.Threading.Tasks.Task:Finish (bool)
System.Threading.Tasks.Task:TrySetException (object)
System.Runtime.CompilerServices.AsyncTaskMethodBuilder`1<System.Net.Http.HttpResponseMessage>:SetException (System.Exception)
Microsoft.AspNetCore.Http.Connections.Client.Internal.LoggingHttpMessageHandler/<SendAsync>d__2:MoveNext ()
System.Runtime.CompilerServices.AsyncMethodBuilderCore/MoveNextRunner:InvokeMoveNext (object)
System.Threading.ExecutionContext:RunInternal (System.Threading.ExecutionContext,System.Threading.ContextCallback,object,bool)
System.Threading.ExecutionContext:Run (System.Threading.ExecutionContext,System.Threading.ContextCallback,object,bool)
System.Runtime.CompilerServices.AsyncMethodBuilderCore/MoveNextRunner:Run ()
System.Threading.Tasks.AwaitTaskContinuation:RunOrScheduleAction (System.Action,bool,System.Threading.Tasks.Task&)
System.Threading.Tasks.Task:FinishContinuations ()
System.Threading.Tasks.Task:FinishStageThree ()
System.Threading.Tasks.Task:FinishStageTwo ()
System.Threading.Tasks.Task:Finish (bool)
System.Threading.Tasks.Task:TrySetException (object)
System.Runtime.CompilerServices.AsyncTaskMethodBuilder`1<System.Net.Http.HttpResponseMessage>:SetException (System.Exception)
Microsoft.AspNetCore.Http.Connections.Client.Internal.AccessTokenHttpMessageHandler/<SendAsync>d__3:MoveNext ()
System.Runtime.CompilerServices.AsyncMethodBuilderCore/MoveNextRunner:InvokeMoveNext (object)
System.Threading.ExecutionContext:RunInternal (System.Threading.ExecutionContext,System.Threading.ContextCallback,object,bool)
System.Threading.ExecutionContext:Run (System.Threading.ExecutionContext,System.Threading.ContextCallback,object,bool)
System.Runtime.CompilerServices.AsyncMethodBuilderCore/MoveNextRunner:Run ()
System.Threading.Tasks.AwaitTaskContinuation:RunOrScheduleAction (System.Action,bool,System.Threading.Tasks.Task&)
System.Threading.Tasks.Task:FinishContinuations ()
System.Threading.Tasks.Task:FinishStageThree ()
System.Threading.Tasks.Task:FinishStageTwo ()
System.Threading.Tasks.Task:Finish (bool)
System.Threading.Tasks.Task:TrySetException (object)
System.Runtime.CompilerServices.AsyncTaskMethodBuilder`1<System.Net.Http.HttpResponseMessage>:SetException (System.Exception)
System.Net.Http.RedirectHandler/<SendAsync>d__4:MoveNext ()
System.Runtime.CompilerServices.AsyncMethodBuilderCore/MoveNextRunner:InvokeMoveNext (object)
System.Threading.ExecutionContext:RunInternal (System.Threading.ExecutionContext,System.Threading.ContextCallback,object,bool)
System.Threading.ExecutionContext:Run (System.Threading.ExecutionContext,System.Threading.ContextCallback,object,bool)
System.Runtime.CompilerServices.AsyncMethodBuilderCore/MoveNextRunner:Run ()
System.Threading.Tasks.AwaitTaskContinuation:RunOrScheduleAction (System.Action,bool,System.Threading.Tasks.Task&)
System.Threading.Tasks.Task:FinishContinuations ()
System.Threading.Tasks.Task:FinishStageThree ()
System.Threading.Tasks.Task:FinishStageTwo ()
System.Threading.Tasks.Task:Finish (bool)
System.Threading.Tasks.Task:TrySetException (object)
System.Runtime.CompilerServices.AsyncTaskMethodBuilder`1<System.Net.Http.HttpResponseMessage>:SetException (System.Exception)
System.Net.Http.HttpConnectionPool/<SendWithRetryAsync>d__39:MoveNext ()
System.Runtime.CompilerServices.AsyncMethodBuilderCore/MoveNextRunner:InvokeMoveNext (object)
System.Threading.ExecutionContext:RunInternal (System.Threading.ExecutionContext,System.Threading.ContextCallback,object,bool)
System.Threading.ExecutionContext:Run (System.Threading.ExecutionContext,System.Threading.ContextCallback,object,bool)
System.Runtime.CompilerServices.AsyncMethodBuilderCore/MoveNextRunner:Run ()
System.Threading.Tasks.AwaitTaskContinuation:RunOrScheduleAction (System.Action,bool,System.Threading.Tasks.Task&)
System.Threading.Tasks.Task:FinishContinuations ()
System.Threading.Tasks.Task:FinishStageThree ()
System.Threading.Tasks.Task:FinishStageTwo ()
System.Threading.Tasks.Task:Finish (bool)
System.Threading.Tasks.Task:TrySetException (object)
System.Runtime.CompilerServices.AsyncTaskMethodBuilder`1<System.ValueTuple`2<System.Net.Http.HttpConnection, System.Net.Http.HttpResponseMessage>>:SetException (System.Exception)
System.Runtime.CompilerServices.AsyncValueTaskMethodBuilder`1<System.ValueTuple`2<System.Net.Http.HttpConnection, System.Net.Http.HttpResponseMessage>>:SetException (System.Exception)
System.Net.Http.HttpConnectionPool/<WaitForCreatedConnectionAsync>d__49:MoveNext ()
System.Runtime.CompilerServices.AsyncMethodBuilderCore/MoveNextRunner:InvokeMoveNext (object)
System.Threading.ExecutionContext:RunInternal (System.Threading.ExecutionContext,System.Threading.ContextCallback,object,bool)
System.Threading.ExecutionContext:Run (System.Threading.ExecutionContext,System.Threading.ContextCallback,object,bool)
System.Runtime.CompilerServices.AsyncMethodBuilderCore/MoveNextRunner:Run ()
System.Threading.Tasks.AwaitTaskContinuation:RunOrScheduleAction (System.Action,bool,System.Threading.Tasks.Task&)
System.Threading.Tasks.Task:FinishContinuations ()
System.Threading.Tasks.Task:FinishStageThree ()
System.Threading.Tasks.Task:FinishStageTwo ()
System.Threading.Tasks.Task:Finish (bool)
System.Threading.Tasks.Task:TrySetException (object)
System.Runtime.CompilerServices.AsyncTaskMethodBuilder`1<System.ValueTuple`2<System.Net.Http.HttpConnection, System.Net.Http.HttpResponseMessage>>:SetException (System.Exception)
System.Runtime.CompilerServices.AsyncValueTaskMethodBuilder`1<System.ValueTuple`2<System.Net.Http.HttpConnection, System.Net.Http.HttpResponseMessage>>:SetException (System.Exception)
System.Net.Http.HttpConnectionPool/<CreateConnectionAsync>d__44:MoveNext ()
System.Runtime.CompilerServices.AsyncMethodBuilderCore/MoveNextRunner:InvokeMoveNext (object)
System.Threading.ExecutionContext:RunInternal (System.Threading.ExecutionContext,System.Threading.ContextCallback,object,bool)
System.Threading.ExecutionContext:Run (System.Threading.ExecutionContext,System.Threading.ContextCallback,object,bool)
System.Runtime.CompilerServices.AsyncMethodBuilderCore/MoveNextRunner:Run ()
System.Threading.Tasks.AwaitTaskContinuation:RunOrScheduleAction (System.Action,bool,System.Threading.Tasks.Task&)
System.Threading.Tasks.Task:FinishContinuations ()
System.Threading.Tasks.Task:FinishStageThree ()
System.Threading.Tasks.Task:FinishStageTwo ()
System.Threading.Tasks.Task:Finish (bool)
System.Threading.Tasks.Task:TrySetException (object)
System.Runtime.CompilerServices.AsyncTaskMethodBuilder`1<System.ValueTuple`2<System.Net.Sockets.Socket, System.IO.Stream>>:SetException (System.Exception)
System.Runtime.CompilerServices.AsyncValueTaskMethodBuilder`1<System.ValueTuple`2<System.Net.Sockets.Socket, System.IO.Stream>>:SetException (System.Exception)
System.Net.Http.ConnectHelper/<ConnectAsync>d__2:MoveNext ()
System.Runtime.CompilerServices.AsyncMethodBuilderCore/MoveNextRunner:InvokeMoveNext (object)
System.Threading.ExecutionContext:RunInternal (System.Threading.ExecutionContext,System.Threading.ContextCallback,object,bool)
System.Threading.ExecutionContext:Run (System.Threading.ExecutionContext,System.Threading.ContextCallback,object,bool)
System.Runtime.CompilerServices.AsyncMethodBuilderCore/MoveNextRunner:Run ()
System.Threading.Tasks.AwaitTaskContinuation:RunOrScheduleAction (System.Action,bool,System.Threading.Tasks.Task&)
System.Threading.Tasks.Task:FinishContinuations ()
System.Threading.Tasks.Task:FinishStageThree ()
System.Threading.Tasks.Task:FinishStageTwo ()
System.Threading.Tasks.Task:Finish (bool)
System.Threading.Tasks.Task:TrySetException (object)
System.Runtime.CompilerServices.AsyncTaskMethodBuilder`1<System.Threading.Tasks.VoidTaskResult>:SetException (System.Exception)
System.Runtime.CompilerServices.AsyncTaskMethodBuilder:SetException (System.Exception)
System.Net.Http.ConnectHelper/ConnectEventArgs:OnCompleted (System.Net.Sockets.SocketAsyncEventArgs)
System.Net.Sockets.SocketAsyncEventArgs:Complete_internal ()
System.Net.Sockets.SocketAsyncEventArgs:FinishOperationAsyncFailure (System.Exception,int,System.Net.Sockets.SocketFlags)
System.Net.Sockets.MultipleConnectAsync:AsyncFail (System.Exception)
System.Net.Sockets.MultipleConnectAsync:InternalConnectCallback (object,System.Net.Sockets.SocketAsyncEventArgs)
System.Net.Sockets.SocketAsyncEventArgs:OnCompleted (System.Net.Sockets.SocketAsyncEventArgs)
System.Net.Sockets.SocketAsyncEventArgs:Complete_internal ()
System.Net.Sockets.Socket/<>c:<.cctor>b__367_6 (System.IAsyncResult)
System.Net.Sockets.SocketAsyncResult/<>c:<Complete>b__27_0 (object)
System.Threading.QueueUserWorkItemCallback:System.Threading.IThreadPoolWorkItem.ExecuteWorkItem ()
System.Threading.ThreadPoolWorkQueue:Dispatch ()
System.Threading._ThreadPoolWaitCallback:PerformWaitCallback ()

[Licensing::Client] Successfully resolved entitlement details
[Licensing::Client] Successfully resolved entitlement details
C2PlayModeSignoffBatchRunner complete: simTicks=0 elapsed=8.00s scenario=baltic-patrol-classify
UnityEngine.Debug:ExtractStackTraceNoAlloc (byte*,int,string)
UnityEngine.StackTraceUtility:ExtractStackTrace () (at /home/bokken/build/output/unity/unity/Runtime/Export/Scripting/StackTrace.cs:35)
UnityEngine.DebugLogHandler:Internal_Log (UnityEngine.LogType,UnityEngine.LogOption,string,UnityEngine.Object)
UnityEngine.DebugLogHandler:LogFormat (UnityEngine.LogType,UnityEngine.Object,string,object[])
UnityEngine.Logger:Log (UnityEngine.LogType,object)
UnityEngine.Debug:Log (object)
ProjectAegis.Unity.Editor.C2PlayModeSignoffBatchRunner:OnEditorUpdate () (at Assets/Editor/C2PlayModeSignoffBatchRunner.cs:197)
UnityEditor.EditorApplication:Internal_CallUpdateFunctions () (at /home/bokken/build/output/unity/unity/Editor/Mono/EditorApplication.cs:392)

(Filename: Assets/Editor/C2PlayModeSignoffBatchRunner.cs Line: 197)

Unloading 0 Unused Serialized files (Serialized files now loaded: 0)
Loaded scene 'Temp/__Backupscenes/0.backup'
	Deserialize:            2.686 ms
	Integration:            409.581 ms
	Integration of assets:  0.003 ms
	Thread Wait Time:       0.013 ms
	Total Operation Time:   412.283 ms
Unloading 410 unused Assets / (57.9 KB). Loaded Objects now: 6822.
Memory consumption went from 311.2 MB to 311.1 MB.
Total: 123.789918 ms (FindLiveObjects: 0.349856 ms CreateObjectMapping: 0.228658 ms MarkObjects: 122.671963 ms  DeleteObjects: 0.538414 ms)

[ScriptCompilation] Requested script compilation because: Player settings modified
C2PlayModeSignoffBatchRunner PASS: no console errors during Play Mode (scenario=baltic-patrol-classify)
UnityEngine.Debug:ExtractStackTraceNoAlloc (byte*,int,string)
UnityEngine.StackTraceUtility:ExtractStackTrace () (at /home/bokken/build/output/unity/unity/Runtime/Export/Scripting/StackTrace.cs:35)
UnityEngine.DebugLogHandler:Internal_Log (UnityEngine.LogType,UnityEngine.LogOption,string,UnityEngine.Object)
UnityEngine.DebugLogHandler:LogFormat (UnityEngine.LogType,UnityEngine.Object,string,object[])
UnityEngine.Logger:Log (UnityEngine.LogType,object)
UnityEngine.Debug:Log (object)
ProjectAegis.Unity.Editor.C2PlayModeSignoffBatchRunner:CleanupAndExit (int) (at Assets/Editor/C2PlayModeSignoffBatchRunner.cs:262)
ProjectAegis.Unity.Editor.C2PlayModeSignoffBatchRunner:OnPlayModeStateChanged (UnityEditor.PlayModeStateChange) (at Assets/Editor/C2PlayModeSignoffBatchRunner.cs:159)
UnityEditor.EditorApplication:Internal_PlayModeStateChanged (UnityEditor.PlayModeStateChange) (at /home/bokken/build/output/unity/unity/Editor/Mono/EditorApplication.cs:506)

(Filename: Assets/Editor/C2PlayModeSignoffBatchRunner.cs Line: 262)

[INFO ] [relay] log Shutdown request received from client editor-1371794-wjo9hd
[INFO ] [relay] log Unity client requested immediate shutdown - shutting down now, reason: Shutdown requested by client
[INFO ] [relay] log Shutdown: Initiating graceful shutdown: Shutdown requested by client
Start importing ProjectSettings/EditorBuildSettings.asset using Guid(0000000000000000b000000000000000) (LibraryAssetImporter) -> (artifact id: 'b324aaa2413858ade463a32fffbb2b8a') in 0.006361502 seconds
Refreshing native plugins compatible for Editor in 0.46 ms, found 1 plugins.
Preloading 1 native plugins for Editor in 0.09 ms.
Asset Pipeline Refresh (id=57c66cc347f54914db8c927532aa7585): Total: 0.039 seconds - Initiated by StopAssetImportingV2(NoUpdateAssetOptions)
The command could not be loaded, possibly because:
  * You intended to execute a .NET application:
      The application 'build-server' does not exist.
  * You intended to execute a .NET SDK command:
      A compatible .NET SDK was not found.

Requested SDK version: 8.0.400
global.json file: /home/username01/projects/active/cmano-clone/cmano-clone/global.json

Installed SDKs:
No .NET SDKs were found.

Install the [8.0.400] .NET SDK or update [/home/username01/projects/active/cmano-clone/cmano-clone/global.json] to match an installed SDK.

Download a .NET SDK:
https://aka.ms/dotnet-download

Learn about SDK resolution:
https://aka.ms/dotnet/sdk-not-found
[Physics::Module] Cleanup current backend.
[Physics::Module] Id: 0xf2b8ea05
Input System module state changed to: ShutdownInProgress.
Input System polling thread exited.
Input System module state changed to: Shutdown.
[Licensing::IpcConnector] LicenseClient-username01-notifications channel disconnected successfully.
[Licensing::IpcConnector] LicenseClient-username01 channel disconnected successfully.
AcceleratorClientConnectionCallback - disconnected - :0
[40m[32minfo[39m[22m[49m: Microsoft.Hosting.Lifetime[0]
      Application is shutting down...
[40m[32minfo[39m[22m[49m: Unity.ILPP.Runner.PostProcessingAssemblyLoadContext[0]
      ALC ILPP context 3 is unloading
Cleanup mono
debugger-agent: Unable to listen on 49
[Package Manager] Server process was shutdown
Checking for leaked weakptr:
  Found no leaked weakptrs.
##utp:{"type":"MemoryLeaks","version":2,"phase":"Immediate","time":1788551887568,"processId":1371794,"allocatedMemory":11886417,"memoryLabels":[{"Default":24121},{"Permanent":15993},{"Thread":1084616},{"Manager":46409},{"VertexData":8},{"Geometry":408},{"Texture":296},{"Shader":79890},{"Material":24},{"GfxDevice":36040},{"Animation":456},{"Audio":3032},{"FreeType":8},{"FontEngine":736},{"Physics":2146},{"Physics2D":16},{"Input":26888},{"JobScheduler":33024},{"TextLib":280},{"Mono":32},{"MonoCode":960},{"ScriptingNativeRuntime":155096},{"BaseObject":1622856},{"Resource":1064},{"Renderer":3000},{"Transform":4717},{"File":6674},{"WebCam":80},{"Culling":32},{"Terrain":11298},{"Wind":24},{"String":29145},{"DynamicArray":124807},{"HashMap":128313},{"Utility":2668352},{"Curl":2511},{"PoolAlloc":2480},{"AI":80},{"TypeTree":135621},{"ScriptManager":512},{"RuntimeInitializeOnLoadManager":64},{"SpriteAtlas":112},{"GI":7384},{"Director":8208},{"CloudService":11904},{"WebRequest":552},{"VR":47754},{"SceneManager":536},{"Video":64},{"LazyScriptCache":32},{"Camera":17},{"Secure":12713},{"SerializationCache":1576},{"APIUpdating":10320},{"Subsystems":336},{"VirtualTexturing":57552},{"StaticSafetyDebugInfo":278528},{"Analytics":464},{"Hierarchy":1416},{"CoreStats":13112},{"Identifiers":6480},{"Gui":128},{"EditorUtility":120137},{"VersionControl":4},{"Undo":979},{"AssetDatabase":5009394},{"EditorGi":328},{"UnityConnect":29432},{"Upm":1744},{"AssetCompliance":64},{"DrivenProperties":72},{"LocalIPC":153},{"ProfilerEditor":9778},{"CoreBusinessMetrics":2387},{"Licensing":1096},{"AssetReference":32},{"IPCStream":32}]}
Unhandled exception. System.ObjectDisposedException: Cannot access a disposed object.
Object name: 'IServiceProvider'.
   at Microsoft.Extensions.DependencyInjection.ServiceLookup.ThrowHelper.ThrowObjectDisposedException()
   at Microsoft.Extensions.DependencyInjection.ServiceLookup.ServiceProviderEngineScope.CaptureDisposable(Object service)
   at Microsoft.Extensions.DependencyInjection.ServiceLookup.CallSiteRuntimeResolver.VisitRootCache(ServiceCallSite callSite, RuntimeResolverContext context)
   at Microsoft.Extensions.DependencyInjection.ServiceLookup.CallSiteVisitor`2.VisitCallSite(ServiceCallSite callSite, TArgument argument)
   at Microsoft.Extensions.DependencyInjection.ServiceLookup.CallSiteRuntimeResolver.Resolve(ServiceCallSite callSite, ServiceProviderEngineScope scope)
   at Microsoft.Extensions.DependencyInjection.ServiceProvider.CreateServiceAccessor(ServiceIdentifier serviceIdentifier)
   at System.Collections.Concurrent.ConcurrentDictionary`2.GetOrAdd(TKey key, Func`2 valueFactory)
   at Microsoft.Extensions.DependencyInjection.ServiceProvider.GetService(ServiceIdentifier serviceIdentifier, ServiceProviderEngineScope serviceProviderEngineScope)
   at Microsoft.Extensions.DependencyInjection.ServiceProviderServiceExtensions.GetService[T](IServiceProvider provider)
   at Unity.Licensing.Client.CommandExecutors.Startup.ProgramInitializer.InitializeImpl()
   at Unity.Licensing.Client.CommandExecutors.Startup.BaseInitializer.<Initialize>b__8_0()
